2010-01-01,10.066406926406925,231
2010-01-02,11.640786026200875,229
2010-01-03,10.494629629629632,216
2010-01-04,10.971961538461537,260
2010-01-05,11.47287009063443,331
2010-01-06,12.051800643086835,311
2010-01-07,12.102817337461307,323
2010-01-08,12.093760932944582,343
2010-01-09,11.908309859154947,284
2010-01-10,12.257330508474586,236
2010-01-11,13.4454103343465,329
2010-01-12,13.023413333333338,375
2010-01-13,10.51063660477452,377
2010-01-14,10.23126050420166,357
2010-01-15,11.348514285714302,350
2010-01-16,11.15390681003583,279
2010-01-17,9.956866840731065,383
2010-01-18,9.811531365313646,542
2010-01-19,8.237300613496943,489
2010-01-20,8.195065789473693,456
2010-01-21,6.649357601713074,467
2010-01-22,5.774731610337947,503
2010-01-23,5.927385057471245,348
2010-01-24,6.979922779922763,259
2010-01-25,8.93223684210524,304
2010-01-26,9.648491620111715,358
2010-01-27,9.282428571428554,350
2010-01-28,9.4466862170088,341
2010-01-29,10.098500000000028,380
2010-01-30,8.961635220125782,318
2010-01-31,8.927971014492769,276
2010-02-01,9.985274390243891,328
2010-02-02,10.096739130434798,322
2010-02-03,10.314060913705573,394
2010-02-04,9.842099125364433,343
2010-02-05,10.111626506024104,498
2010-02-06,9.674183006535984,459
2010-02-07,8.175719557195567,271
2010-02-08,8.582474576271187,295
2010-02-09,7.496279069767424,430
2010-02-10,7.965685131195337,343
2010-02-11,8.89529239766081,342
2010-02-12,10.354988452655897,433
2010-02-13,12.181876750700281,357
2010-02-14,12.660887372013635,293
2010-02-15,13.420671140939625,298
2010-02-16,13.91644670050759,394
2010-02-17,14.08849350649347,385
2010-02-18,12.767493188010917,367
2010-02-19,10.129436619718295,355
2010-02-20,9.552529761904763,336
2010-02-21,9.075115606936416,346
2010-02-22,8.576542553191475,376
2010-02-23,8.70638141809291,409
2010-02-24,9.891263157894766,380
2010-02-25,11.538962264150967,424
2010-02-26,11.459302884615388,416
2010-02-27,9.618149999999988,600
2010-02-28,10.582657342657335,286
2010-03-01,11.479235474006119,327
2010-03-02,10.232028639618123,419
2010-03-03,8.584012875536489,466
2010-03-04,7.978202247191031,356
2010-03-05,8.81679045092836,377
2010-03-06,9.222356495468278,331
2010-03-07,9.744304635761587,302
2010-03-08,8.762670454545455,352
2010-03-09,6.921208226221072,389
2010-03-10,6.73687499999999,352
2010-03-11,9.206344647519563,383
2010-03-12,10.065341130604308,513
2010-03-13,8.313535353535356,396
2010-03-14,9.401535836177482,293
2010-03-15,13.04389830508472,354
2010-03-16,15.392480818414315,391
2010-03-17,16.12552825552829,407
2010-03-18,14.373164556962013,395
2010-03-19,13.829650349650297,429
2010-03-20,14.290899470899449,378
2010-03-21,14.236784565916409,311
2010-03-22,13.158035190615815,341
2010-03-23,13.092901408450718,355
2010-03-24,12.52642679900743,403
2010-03-25,10.240788043478272,368
2010-03-26,10.970633802816902,426
2010-03-27,13.0480926430518,367
2010-03-28,14.810463576158924,302
2010-03-29,14.431208791208814,364
2010-03-30,11.100423280423287,378
2010-03-31,9.080125786163538,318
2010-04-01,9.00868279569892,372
2010-04-02,8.587692307692267,429
2010-04-03,9.722876254180605,299
2010-04-04,8.393828124999988,384
2010-04-05,9.532707509881378,506
2010-04-06,10.636815642458105,358
2010-04-07,13.87264044943823,356
2010-04-08,14.462771428571438,350
2010-04-09,13.560398126463681,427
2010-04-10,11.293689320388374,309
2010-04-11,10.463207070707078,396
2010-04-12,9.627317939609283,563
2010-04-13,10.778560000000008,375
2010-04-14,11.756955307262524,358
2010-04-15,13.027617728531881,361
2010-04-16,13.373253588516743,418
2010-04-17,14.770353982300913,339
2010-04-18,15.577483660130714,306
2010-04-19,14.566983606557393,305
2010-04-20,11.01981366459627,483
2010-04-21,8.184690476190475,420
2010-04-22,9.633767313019405,361
2010-04-23,12.402164009111589,439
2010-04-24,13.979111675126909,394
2010-04-25,15.868562300319487,313
2010-04-26,16.35804216867466,332
2010-04-27,13.463351063829752,376
2010-04-28,10.883752808988737,445
2010-04-29,9.988117359413229,409
2010-04-30,11.913340248962616,482
2010-05-01,13.262298507462708,335
2010-05-02,14.518713826366561,311
2010-05-03,16.41943502824861,354
2010-05-04,16.666246719160096,381
2010-05-05,14.44872628726291,369
2010-05-06,14.23537530266342,413
2010-05-07,15.804066390041442,482
2010-05-08,15.009773371104815,353
2010-05-09,12.14990384615386,312
2010-05-10,11.07466183574879,414
2010-05-11,11.603280000000014,375
2010-05-12,14.507579787234084,376
2010-05-13,16.226370967741953,372
2010-05-14,16.148774038461525,416
2010-05-15,16.89325870646772,402
2010-05-16,16.224660493827137,324
2010-05-17,12.742391304347793,368
2010-05-18,14.053888888888894,432
2010-05-19,15.715377358490555,318
2010-05-20,16.661228571428584,350
2010-05-21,13.614543269230786,416
2010-05-22,11.491491712707175,362
2010-05-23,10.99869706840391,307
2010-05-24,12.65715170278638,323
2010-05-25,13.168130630630596,444
2010-05-26,14.018647214854097,377
2010-05-27,12.59215789473683,380
2010-05-28,13.45054466230935,459
2010-05-29,17.13455012853469,389
2010-05-30,18.81179487179486,312
2010-05-31,17.861615384615366,260
2010-06-01,16.79723618090448,398
2010-06-02,18.34728260869573,368
2010-06-03,19.414824120603033,398
2010-06-04,20.709242819843325,383
2010-06-05,21.828877551020362,392
2010-06-06,21.394920634920663,315
2010-06-07,19.676753246753243,308
2010-06-08,18.820336391437312,327
2010-06-09,18.076484149855933,347
2010-06-10,16.496387283236977,346
2010-06-11,16.9588755980861,418
2010-06-12,18.431942257217823,381
2010-06-13,20.825702479338876,363
2010-06-14,21.30438775510206,392
2010-06-15,19.106410891089087,404
2010-06-16,17.54014084507039,355
2010-06-17,18.0919047619048,399
2010-06-18,17.218710407239836,442
2010-06-19,16.736138107416835,391
2010-06-20,17.47624223602487,322
2010-06-21,17.986834733893588,357
2010-06-22,19.586303724928335,349
2010-06-23,20.030913978494674,372
2010-06-24,19.665604395604436,364
2010-06-25,19.408409090909068,440
2010-06-26,20.304646464646428,396
2010-06-27,23.172618296530025,317
2010-06-28,22.59159638554218,332
2010-06-29,20.923546511627872,344
2010-06-30,20.71965699208448,379
2010-07-01,20.679571788413043,397
2010-07-02,20.197758186397966,397
2010-07-03,20.33819767441863,344
2010-07-04,20.687602523659297,317
2010-07-05,21.037567567567578,296
2010-07-06,19.390802005012556,399
2010-07-07,19.30522255192883,337
2010-07-08,19.714395280235962,339
2010-07-09,21.532219512195173,410
2010-07-10,22.219216710182813,383
2010-07-11,22.29840989399293,283
2010-07-12,21.733362318840587,345
2010-07-13,23.175639097744387,399
2010-07-14,25.461037037036995,405
2010-07-15,26.45883027522929,436
2010-07-16,26.4950337078652,445
2010-07-17,26.054518518518407,405
2010-07-18,25.114236760124633,321
2010-07-19,23.524999999999988,382
2010-07-20,21.31179710144932,345
2010-07-21,19.931681415929244,339
2010-07-22,20.763736842105267,380
2010-07-23,22.56036199095026,442
2010-07-24,22.92722627737223,411
2010-07-25,21.691884057971002,345
2010-07-26,20.309021406727847,327
2010-07-27,19.777419354838695,372
2010-07-28,19.858269230769206,364
2010-07-29,20.69923469387759,392
2010-07-30,21.118137472283863,451
2010-07-31,20.31495215311006,418
2010-08-01,21.71009345794395,321
2010-08-02,22.613536585365853,328
2010-08-03,23.060186170212784,376
2010-08-04,21.764085714285745,350
2010-08-05,20.466766169154205,402
2010-08-06,20.61535353535356,495
2010-08-07,19.864114832535897,418
2010-08-08,19.3938304093567,342
2010-08-09,19.961059190031197,321
2010-08-10,19.830959999999983,375
2010-08-11,19.09221902017293,347
2010-08-12,20.383984168865425,379
2010-08-13,21.29139240506327,474
2010-08-14,20.871294416243607,394
2010-08-15,22.09966565349538,329
2010-08-16,23.53779005524858,362
2010-08-17,24.41198511166257,403
2010-08-18,24.294025641025613,390
2010-08-19,23.99946581196581,468
2010-08-20,23.656829268292686,492
2010-08-21,22.530380434782604,368
2010-08-22,22.860925373134307,335
2010-08-23,26.066876456876535,429
2010-08-24,28.405784543325503,427
2010-08-25,28.371243386243435,378
2010-08-26,26.409800000000086,400
2010-08-27,22.243965141612215,459
2010-08-28,17.126455026455027,378
2010-08-29,16.731148036253767,331
2010-08-30,17.466197916666626,384
2010-08-31,20.543604651162777,430
2010-09-01,23.4872826086957,460
2010-09-02,25.028851351351364,444
2010-09-03,25.638256302521075,476
2010-09-04,25.492812499999943,352
2010-09-05,22.57712328767124,292
2010-09-06,22.128198529411787,272
2010-09-07,19.185357142857146,392
2010-09-08,16.80468030690538,391
2010-09-09,17.110385674931127,363
2010-09-10,19.004661354581664,502
2010-09-11,20.81942942942941,333
2010-09-12,20.755238095238134,294
2010-09-13,20.454320987654363,405
2010-09-14,20.0261181434599,474
2010-09-15,20.158477751756443,427
2010-09-16,20.577946058091342,482
2010-09-17,20.103126293995818,483
2010-09-18,20.547346938775505,392
2010-09-19,19.855294117647077,340
2010-09-20,19.400207373271932,434
2010-09-21,17.36448648648649,370
2010-09-22,15.979872122762135,391
2010-09-23,19.088683602771365,433
2010-09-24,23.19556169429098,543
2010-09-25,25.31466992665032,409
2010-09-26,26.42176666666667,300
2010-09-27,28.737168539325783,445
2010-09-28,26.69657068062826,382
2010-09-29,25.50685929648239,398
2010-09-30,24.122869198312156,474
2010-10-01,23.25051851851858,540
2010-10-02,22.46374396135268,414
2010-10-03,20.108652037617524,319
2010-10-04,15.836045627376443,526
2010-10-05,14.69361757105941,387
2010-10-06,14.544015151515174,528
2010-10-07,15.457870813397106,418
2010-10-08,17.017475149105305,503
2010-10-09,19.67980337078655,356
2010-10-10,21.678753709198812,337
2010-10-11,21.962674094707488,359
2010-10-12,22.349346938775515,490
2010-10-13,22.867682619647386,397
2010-10-14,22.19937046004847,413
2010-10-15,20.480991902834077,494
2010-10-16,17.56895140664961,391
2010-10-17,14.912666666666656,480
2010-10-18,15.518863049095586,387
2010-10-19,16.79972549019607,510
2010-10-20,15.602604422604438,407
2010-10-21,14.70595477386934,398
2010-10-22,14.33420754716987,530
2010-10-23,13.880751565761965,479
2010-10-24,15.005023255813969,430
2010-10-25,14.580496277915659,403
2010-10-26,13.164714285714293,420
2010-10-27,14.244264392324043,469
2010-10-28,16.24391592920358,452
2010-10-29,15.58898488120944,463
2010-10-30,12.989872068230255,469
2010-10-31,13.254075144508686,346
2010-11-01,16.82165217391306,460
2010-11-02,19.306855345911938,477
2010-11-03,20.930371229698356,431
2010-11-04,21.381025641025644,468
2010-11-05,19.45136069114466,463
2010-11-06,15.549685863874364,382
2010-11-07,13.01973958333332,384
2010-11-08,11.461230769230795,455
2010-11-09,11.053245823389,419
2010-11-10,10.686509009009013,444
2010-11-11,11.178722826086965,368
2010-11-12,12.367164502164492,462
2010-11-13,13.760463414634152,410
2010-11-14,15.107129909365579,331
2010-11-15,15.837750000000003,440
2010-11-16,14.485280665280724,481
2010-11-17,13.610938967136153,426
2010-11-18,14.01498834498834,429
2010-11-19,10.702362204724421,508
2010-11-20,9.739953051643194,639
2010-11-21,7.819522546419089,377
2010-11-22,7.917343358395983,399
2010-11-23,7.880020661157006,484
2010-11-24,5.05062618595827,527
2010-11-25,5.166159420289855,276
2010-11-26,6.992617449664432,298
2010-11-27,7.47103448275861,406
2010-11-28,5.036196319018409,326
2010-11-29,5.36861904761903,420
2010-11-30,7.53727040816325,392
2010-12-01,10.084976190476185,420
2010-12-02,11.658706467661663,402
2010-12-03,11.686337448559676,486
2010-12-04,11.26855978260872,368
2010-12-05,12.029560723514217,387
2010-12-06,11.397936842105253,475
2010-12-07,11.752188940092145,434
2010-12-08,12.38816842105261,475
2010-12-09,12.876884920634888,504
2010-12-10,13.396759443339946,503
2010-12-11,14.189130434782593,345
2010-12-12,15.175941558441554,308
2010-12-13,14.240681265206824,411
2010-12-14,11.283549060542812,479
2010-12-15,9.4264810690423,449
2010-12-16,8.679842829076627,509
2010-12-17,9.198360175695447,683
2010-12-18,11.315332197614978,587
2010-12-19,11.50682509505705,526
2010-12-20,9.216249999999999,480
2010-12-21,9.905962877030193,431
2010-12-22,10.22713701431492,489
2010-12-23,9.278454106280185,414
2010-12-24,9.630032894736848,304
2010-12-25,9.19556818181818,264
2010-12-26,8.14649006622517,302
2010-12-27,8.697333333333336,315
2010-12-28,9.096631853785892,383
2010-12-29,6.88520833333333,432
2010-12-30,2.7474477958236614,431
2010-12-31,3.5283038869257886,283
2011-01-01,4.650588235294117,306
2011-01-02,4.834477124183002,306
2011-01-03,5.541284634760708,397
2011-01-04,6.089497206703907,358
2011-01-05,7.02795212765956,376
2011-01-06,7.421957104557655,373
2011-01-07,7.5407936507936535,378
2011-01-08,6.123071895424853,306
2011-01-09,4.981063829787236,235
2011-01-10,5.095012919896653,387
2011-01-11,7.560588235294114,357
2011-01-12,9.823215189873439,395
2011-01-13,10.949974811083122,397
2011-01-14,11.55079999999999,475
2011-01-15,12.901531791907516,346
2011-01-16,13.850974576271186,236
2011-01-17,14.671106870229025,262
2011-01-18,13.69757575757576,429
2011-01-19,11.373436692506454,387
2011-01-20,10.356732186732188,407
2011-01-21,11.277618069815206,487
2011-01-22,11.837060518731962,347
2011-01-23,10.726479400749072,267
2011-01-24,11.345535714285724,392
2011-01-25,12.262395833333343,384
2011-01-26,11.586773255813965,344
2011-01-27,11.595689655172402,406
2011-01-28,11.35275720164608,486
2011-01-29,9.978837837837819,370
2011-01-30,8.241941964285731,448
2011-01-31,8.585151515151505,396
2011-02-01,8.051123287671253,365
2011-02-02,6.435117647058813,340
2011-02-03,7.6135475578406195,389
2011-02-04,9.517985257985256,407
2011-02-05,12.086171428571436,350
2011-02-06,13.289851851851852,270
2011-02-07,13.487513368983967,374
2011-02-08,8.953023952095817,334
2011-02-09,8.596370558375646,394
2011-02-10,9.088455696202535,395
2011-02-11,10.719955056179755,445
2011-02-12,12.668312020460359,391
2011-02-13,11.750744680851072,282
2011-02-14,9.62811111111112,450
2011-02-15,10.98470297029702,404
2011-02-16,8.551527001862192,537
2011-02-17,6.260475247524773,505
2011-02-18,7.329039999999995,625
2011-02-19,6.596249999999997,480
2011-02-20,5.72934131736528,334
2011-02-21,6.47112318840579,276
2011-02-22,7.61511056511055,407
2011-02-23,7.5026771653543465,381
2011-02-24,7.044469135802467,405
2011-02-25,6.836921675774152,549
2011-02-26,3.9338875305623535,409
2011-02-27,4.7639999999999985,275
2011-02-28,7.699629629629641,405
2011-03-01,8.972670299727524,367
2011-03-02,10.043489461358305,427
2011-03-03,11.022315521628528,393
2011-03-04,11.65305747126438,435
2011-03-05,13.213852459016424,366
2011-03-06,11.525360501567382,319
2011-03-07,9.767899159663836,357
2011-03-08,11.08432432432435,370
2011-03-09,14.380098039215689,408
2011-03-10,14.382386363636346,440
2011-03-11,11.62363636363634,451
2011-03-12,10.777492260061905,323
2011-03-13,11.7808524590164,305
2011-03-14,13.650974930362093,359
2011-03-15,14.036756756756775,407
2011-03-16,12.420717821782187,404
2011-03-17,11.035672043010749,372
2011-03-18,9.106514285714297,525
2011-03-19,7.935806451612885,465
2011-03-20,8.386625222024874,563
2011-03-21,7.134273127753307,454
2011-03-22,8.226808510638296,329
2011-03-23,8.397656250000006,448
2011-03-24,7.605661605206083,461
2011-03-25,8.921907756813424,477
2011-03-26,8.608249336870026,377
2011-03-27,10.199929824561421,285
2011-03-28,10.901927374301696,358
2011-03-29,12.890321715817702,373
2011-03-30,16.43249307479222,361
2011-03-31,19.245491990846705,437
2011-04-01,19.404144329896877,485
2011-04-02,14.008762214983712,307
2011-04-03,12.08102389078498,293
2011-04-04,15.113358208955251,402
2011-04-05,14.809011764705872,425
2011-04-06,12.661176470588225,340
2011-04-07,8.458778801843334,434
2011-04-08,6.341735357917567,461
2011-04-09,7.73652605459056,403
2011-04-10,10.186007067137794,283
2011-04-11,12.206445783132553,332
2011-04-12,11.706820809248537,346
2011-04-13,10.15277936962751,349
2011-04-14,12.131323877068528,423
2011-04-15,15.42560439560439,455
2011-04-16,17.779950124688288,401
2011-04-17,16.24725806451613,310
2011-04-18,14.088583569405102,353
2011-04-19,14.444695652173937,345
2011-04-20,13.84506493506491,385
2011-04-21,13.329649595687378,371
2011-04-22,12.64606382978722,376
2011-04-23,12.776716867469895,332
2011-04-24,12.88888217522658,331
2011-04-25,13.515131195335307,343
2011-04-26,13.343937677053823,353
2011-04-27,15.789707446808514,376
2011-04-28,15.645067750677478,369
2011-04-29,12.922707889125753,469
2011-04-30,13.368252688172008,372
2011-05-01,15.24377464788731,355
2011-05-02,17.360194647201954,411
2011-05-03,18.42389830508476,413
2011-05-04,20.37134259259262,432
2011-05-05,20.22925675675672,444
2011-05-06,16.93181434599154,474
2011-05-07,14.47540897097623,379
2011-05-08,12.060540540540563,296
2011-05-09,11.615361930294881,373
2011-05-10,13.24780898876404,356
2011-05-11,14.523988764044967,356
2011-05-12,16.687234042553218,376
2011-05-13,16.00105932203396,472
2011-05-14,12.877972972972966,370
2011-05-15,10.063990024937658,401
2011-05-16,10.341000000000012,390
2011-05-17,10.96917647058824,510
2011-05-18,12.153118040089064,449
2011-05-19,13.782046109510084,347
2011-05-20,15.280192307692285,468
2011-05-21,15.768992443324933,397
2011-05-22,14.31628664495112,307
2011-05-23,13.071724137931014,348
2011-05-24,14.087256857855392,401
2011-05-25,14.5615436241611,447
2011-05-26,14.579931972789108,441
2011-05-27,15.923022727272722,440
2011-05-28,13.936892950391654,383
2011-05-29,12.315107692307677,325
2011-05-30,14.400398550724654,276
2011-05-31,14.778846153846102,416
2011-06-01,12.829145496535801,433
2011-06-02,14.248514150943402,424
2011-06-03,14.609246119733893,451
2011-06-04,14.086735966735938,481
2011-06-05,15.013993610223634,313
2011-06-06,14.605224719101141,356
2011-06-07,15.898329238329273,407
2011-06-08,16.229323943662003,355
2011-06-09,17.260653266331705,398
2011-06-10,17.010816326530644,490
2011-06-11,15.793611793611792,407
2011-06-12,16.660571428571473,350
2011-06-13,18.332506393861852,391
2011-06-14,20.760493827160477,486
2011-06-15,20.408554216867493,415
2011-06-16,17.796691542288528,402
2011-06-17,17.485010660980777,469
2011-06-18,17.864021978022013,455
2011-06-19,19.10377708978329,323
2011-06-20,22.269014778325108,406
2011-06-21,24.135174825174847,429
2011-06-22,22.268413793103516,435
2011-06-23,20.501333333333367,435
2011-06-24,19.563521739130433,460
2011-06-25,19.38552238805962,402
2011-06-26,20.78167115902966,371
2011-06-27,21.172257217847786,381
2011-06-28,18.55922290388552,489
2011-06-29,17.8169529085872,361
2011-06-30,20.164467120181428,441
2011-07-01,23.560399201596773,501
2011-07-02,25.06289532293986,449
2011-07-03,25.252962962962936,324
2011-07-04,24.450716510903415,321
2011-07-05,25.615721393034807,402
2011-07-06,24.607466666666653,450
2011-07-07,24.80392857142861,448
2011-07-08,23.966244343891397,442
2011-07-09,22.50272727272731,385
2011-07-10,21.42591428571431,350
2011-07-11,19.603762886597927,388
2011-07-12,18.864209245742078,411
2011-07-13,18.741850899742964,389
2011-07-14,17.96459459459463,444
2011-07-15,18.192141176470567,425
2011-07-16,18.652750716332392,349
2011-07-17,20.381715210355978,309
2011-07-18,22.11115107913666,417
2011-07-19,22.97650000000007,400
2011-07-20,22.952217090069222,433
2011-07-21,21.603684210526296,475
2011-07-22,20.937917525773138,485
2011-07-23,21.0714074074075,405
2011-07-24,22.594130982367794,397
2011-07-25,23.315051282051293,390
2011-07-26,22.625790645879736,449
2011-07-27,21.906117647058885,425
2011-07-28,22.52021226415092,424
2011-07-29,22.6107603686636,434
2011-07-30,22.020528846153834,416
2011-07-31,22.965260273972596,365
2011-08-01,24.040781671159024,371
2011-08-02,24.385279805352738,411
2011-08-03,23.43346633416459,401
2011-08-04,21.938246013667435,439
2011-08-05,21.38953722334008,497
2011-08-06,21.270774336283186,452
2011-08-07,21.970631868131875,364
2011-08-08,21.42573333333327,375
2011-08-09,21.346666666666636,390
2011-08-10,20.228443396226407,424
2011-08-11,20.437457627118683,413
2011-08-12,20.73343529411767,425
2011-08-13,22.188727272727316,440
2011-08-14,22.727098591549282,355
2011-08-15,22.61901477832516,406
2011-08-16,22.757614213197993,394
2011-08-17,23.497290748898646,454
2011-08-18,23.387948717948685,429
2011-08-19,21.070108459869815,461
2011-08-20,19.62288590604023,447
2011-08-21,20.371198830409366,342
2011-08-22,22.57816176470592,408
2011-08-23,24.99371621621621,444
2011-08-24,25.418347826086986,460
2011-08-25,25.56823529411768,459
2011-08-26,26.56935922330102,515
2011-08-27,26.995048543689354,412
2011-08-28,26.04371104815861,353
2011-08-29,24.40013015184383,461
2011-08-30,21.96431654676264,417
2011-08-31,20.60463414634149,451
2011-09-01,21.714332648870716,487
2011-09-02,23.283821892393373,539
2011-09-03,23.10369973190353,373
2011-09-04,23.633753943217673,317
2011-09-05,24.050942760942757,297
2011-09-06,26.028489795918375,490
2011-09-07,27.29313152400836,479
2011-09-08,24.88841666666663,480
2011-09-09,23.356247504990016,501
2011-09-10,21.53705426356593,387
2011-09-11,20.428773946360174,261
2011-09-12,21.466074766355135,428
2011-09-13,22.255282555282577,407
2011-09-14,20.99350961538464,416
2011-09-15,19.69323913043479,460
2011-09-16,18.48320792079211,505
2011-09-17,18.763560975609774,410
2011-09-18,21.97644886363637,352
2011-09-19,23.754076576576537,444
2011-09-20,23.219571734475366,467
2011-09-21,22.748340909090874,440
2011-09-22,24.252317596566535,466
2011-09-23,24.060211538461484,520
2011-09-24,20.517766497461924,394
2011-09-25,18.05410187667558,373
2011-09-26,19.492082324455176,413
2011-09-27,22.546361702127687,470
2011-09-28,23.392954048140055,457
2011-09-29,22.125676328502422,414
2011-09-30,21.145181975736588,577
2011-10-01,21.960000000000008,417
2011-10-02,20.799313186813198,364
2011-10-03,17.771752380952403,525
2011-10-04,15.321197478991607,476
2011-10-05,13.3643871866296,718
2011-10-06,12.408659003831454,522
2011-10-07,13.851337099811737,531
2011-10-08,16.33731591448934,421
2011-10-09,17.497580645161296,310
2011-10-10,17.009581497797335,454
2011-10-11,19.5354623655914,465
2011-10-12,22.245277161862518,451
2011-10-13,23.029288537549434,506
2011-10-14,22.003557522123838,565
2011-10-15,19.756466346153857,416
2011-10-16,19.692190201729105,347
2011-10-17,20.356498855835255,437
2011-10-18,20.248499999999975,460
2011-10-19,17.726130434782547,460
2011-10-20,16.669575757575764,495
2011-10-21,17.33859287054416,533
2011-10-22,20.10297674418607,430
2011-10-23,20.241428571428507,329
2011-10-24,16.874792899408316,338
2011-10-25,14.577804878048768,410
2011-10-26,14.334581497797377,454
2011-10-27,15.064065040650402,492
2011-10-28,16.420901639344258,488
2011-10-29,17.592552693208397,427
2011-10-30,18.84563307493542,387
2011-10-31,18.451867469879563,498
2011-11-01,15.779977973568267,454
2011-11-02,15.69959232613906,417
2011-11-03,13.142659793814433,485
2011-11-04,9.819566563467484,646
2011-11-05,8.836934306569324,411
2011-11-06,8.205199999999985,425
2011-11-07,9.338800813008145,492
2011-11-08,10.356367924528323,424
2011-11-09,11.91353535353535,495
2011-11-10,13.733253796095433,461
2011-11-11,13.190632054176072,443
2011-11-12,11.66102505694757,439
2011-11-13,12.869573770491806,305
2011-11-14,12.185966587112183,419
2011-11-15,12.081903846153839,520
2011-11-16,12.926478599221737,514
2011-11-17,13.19877192982451,513
2011-11-18,10.182272727272732,550
2011-11-19,9.393468354430397,395
2011-11-20,8.993306613226453,499
2011-11-21,9.73293522267204,494
2011-11-22,11.075753176043614,551
2011-11-23,11.550315236427334,571
2011-11-24,10.261246200607898,329
2011-11-25,10.891610738255025,298
2011-11-26,13.755031055900623,322
2011-11-27,14.37812499999998,368
2011-11-28,14.328062015503866,387
2011-11-29,14.127277353689573,393
2011-11-30,12.163719912472645,457
2011-12-01,10.1278310502283,438
2011-12-02,10.169882812500006,512
2011-12-03,7.758300492610818,406
2011-12-04,7.6174143302180575,321
2011-12-05,7.4217303822937595,497
2011-12-06,7.337896825396831,504
2011-12-07,9.040523012552304,478
2011-12-08,9.867137809187309,566
2011-12-09,10.662964912280684,570
2011-12-10,10.639350649350673,462
2011-12-11,8.56273026315789,304
2011-12-12,7.368952879581158,573
2011-12-13,7.9421982758620855,464
2011-12-14,8.168444444444413,450
2011-12-15,7.430579710144885,552
2011-12-16,8.6343143812709,598
2011-12-17,9.556956521739123,391
2011-12-18,8.60131249999999,320
2011-12-19,8.487683923705715,367
2011-12-20,9.142202247191005,445
2011-12-21,8.98392931392931,481
2011-12-22,7.186186046511612,430
2011-12-23,7.8713004484305165,446
2011-12-24,9.47463768115942,276
2011-12-25,9.720445344129553,247
2011-12-26,9.867791798107273,317
2011-12-27,9.944511873350919,379
2011-12-28,11.77000000000003,347
2011-12-29,12.91473856209149,306
2011-12-30,12.176905311778302,433
2011-12-31,11.563763837638367,271
2012-01-01,12.984223602484475,322
2012-01-02,13.305608695652186,230
2012-01-03,14.191971830985928,355
2012-01-04,14.950878552971522,387
2012-01-05,14.524552058111368,413
2012-01-06,12.312964705882349,425
2012-01-07,10.37157894736843,342
2012-01-08,10.798027681660889,289
2012-01-09,12.075066666666695,450
2012-01-10,12.006986607142881,448
2012-01-11,11.707016706443914,419
2012-01-12,11.507841726618722,417
2012-01-13,11.578769230769222,455
2012-01-14,11.118259587020646,339
2012-01-15,9.914143835616452,292
2012-01-16,6.212222222222226,315
2012-01-17,5.781703539823011,452
2012-01-18,8.311209302325572,430
2012-01-19,8.942906724511921,461
2012-01-20,10.341640127388509,628
2012-01-21,8.986876122082595,557
2012-01-22,7.494727891156471,294
2012-01-23,8.273242074927948,694
2012-01-24,9.813420289855083,345
2012-01-25,13.133151364764286,403
2012-01-26,13.893447488584505,438
2012-01-27,11.696474358974386,468
2012-01-28,11.220311614730871,353
2012-01-29,12.140128617363354,311
2012-01-30,11.676575757575758,330
2012-01-31,10.811598984771566,394
2012-02-01,11.002424242424237,429
2012-02-02,10.131748251748272,429
2012-02-03,9.96643776824035,466
2012-02-04,10.711000000000004,370
2012-02-05,11.131272727272744,275
2012-02-06,11.683850746268641,335
2012-02-07,10.979540816326544,392
2012-02-08,12.43117043121151,487
2012-02-09,14.505263157894737,418
2012-02-10,13.210268041237065,485
2012-02-11,10.107220779220787,385
2012-02-12,9.356344827586197,290
2012-02-13,7.625978494623654,465
2012-02-14,7.930565302144231,513
2012-02-15,6.806731898238718,511
2012-02-16,9.04720823798627,437
2012-02-17,10.983109243697461,476
2012-02-18,9.539040697674416,344
2012-02-19,7.922047781569955,293
2012-02-20,8.198404669260698,257
2012-02-21,11.598389610389573,385
2012-02-22,14.443800000000039,450
2012-02-23,14.305034168564971,439
2012-02-24,13.94244769874475,478
2012-02-25,10.917576687116576,326
2012-02-26,8.993374485596698,243
2012-02-27,6.626592427616936,449
2012-02-28,6.673109243697473,357
2012-03-01,7.54427293064876,447
2012-03-02,8.296730360934193,471
2012-03-03,9.397187500000024,448
2012-03-04,12.418374233128828,326
2012-03-05,15.624222222222247,360
2012-03-06,15.229328165374667,387
2012-03-07,9.398727678571396,448
2012-03-08,7.753638392857129,448
2012-03-09,12.023801980198014,505
2012-03-10,14.359031413612545,382
2012-03-11,12.459966996699663,303
2012-03-12,10.348804878048774,410
2012-03-13,10.31103030303032,495
2012-03-14,10.8369736842105,532
2012-03-15,11.74931182795698,465
2012-03-16,12.665577689243028,502
2012-03-17,12.086133942161263,657
2012-03-18,7.5686818181818225,440
2012-03-19,5.876547945205489,365
2012-03-20,7.49678977272726,352
2012-03-21,11.082535885167454,418
2012-03-22,14.695423728813536,413
2012-03-23,13.49876595744676,470
2012-03-24,11.070340632603406,411
2012-03-25,10.39078470824947,497
2012-03-26,9.35785536159601,401
2012-03-27,9.501837209302327,430
2012-03-28,11.008486486486472,370
2012-03-29,11.819840000000001,375
2012-03-30,13.181968325791848,442
2012-03-31,13.583995215310987,418
2012-04-01,11.195734870316995,347
2012-04-02,10.27361386138617,404
2012-04-03,12.801023017902757,391
2012-04-04,14.070399999999992,425
2012-04-05,12.472025974025996,385
2012-04-06,10.012264573991038,446
2012-04-07,10.362219321148832,383
2012-04-08,14.264257703081253,357
2012-04-09,15.126766304347823,368
2012-04-10,14.604609929077988,423
2012-04-11,12.153359999999974,500
2012-04-12,10.576860215053731,465
2012-04-13,10.43509629629631,675
2012-04-14,8.769306930693057,404
2012-04-15,9.20420731707319,328
2012-04-16,12.281079136690671,417
2012-04-17,14.810312499999993,448
2012-04-18,16.269976359338102,423
2012-04-19,16.247517564402855,427
2012-04-20,17.389080675422157,533
2012-04-21,20.530101832993914,491
2012-04-22,20.90868035190619,341
2012-04-23,18.63900000000002,440
2012-04-24,15.328230563002714,373
2012-04-25,15.774879356568347,373
2012-04-26,17.012924731182835,465
2012-04-27,13.745752577319601,485
2012-04-28,14.309201995012428,401
2012-04-29,16.609060606060595,330
2012-04-30,17.885238095238094,378
2012-05-01,17.354320388349485,412
2012-05-02,14.535757575757618,363
2012-05-03,14.024449760765563,418
2012-05-04,14.131511387163586,483
2012-05-05,14.451037735849035,424
2012-05-06,15.47465240641714,374
2012-05-07,16.935568720379116,422
2012-05-08,18.071496437054634,421
2012-05-09,20.169442060085874,466
2012-05-10,20.17012931034482,464
2012-05-11,17.591052631578975,513
2012-05-12,17.789142857142867,490
2012-05-13,18.252075471698113,371
2012-05-14,18.017279411764726,408
2012-05-15,17.17489461358311,427
2012-05-16,17.287115839243505,423
2012-05-17,19.8606009615385,416
2012-05-18,18.01101910828019,471
2012-05-19,16.412241758241752,455
2012-05-20,18.20679894179898,378
2012-05-21,20.9548556430446,381
2012-05-22,20.794185463659115,399
2012-05-23,19.748733333333366,450
2012-05-24,17.9658771929824,456
2012-05-25,16.596801541425847,519
2012-05-26,12.786180124223593,322
2012-05-27,13.026949685534598,318
2012-05-28,15.867986798679853,303
2012-05-29,17.673020594965664,437
2012-05-30,18.18262443438912,442
2012-05-31,18.838127962085274,422
2012-06-01,22.292144420131226,457
2012-06-02,22.1118428184282,369
2012-06-03,19.423630136986265,292
2012-06-04,19.04539682539691,441
2012-06-05,16.840426666666655,375
2012-06-06,15.249691943127969,422
2012-06-07,17.64570388349513,412
2012-06-08,19.707098121085565,479
2012-06-09,18.867832512315307,406
2012-06-10,17.610437317784285,343
2012-06-11,19.53217183770879,419
2012-06-12,21.07731764705883,425
2012-06-13,20.9773085846868,431
2012-06-14,19.88116113744074,422
2012-06-15,19.095189620758504,501
2012-06-16,20.552685851318948,417
2012-06-17,23.92366847826084,368
2012-06-18,23.72369829683695,411
2012-06-19,20.65915841584154,404
2012-06-20,19.884262295081996,366
2012-06-21,21.18826302729533,403
2012-06-22,19.170811965811993,468
2012-06-23,18.222115869017607,397
2012-06-24,17.92632183908046,348
2012-06-25,18.14418666666664,375
2012-06-26,17.95441687344913,403
2012-06-27,19.3702974828376,437
2012-06-28,21.154522144522144,429
2012-06-29,21.546659482758603,464
2012-06-30,21.697805429864204,442
2012-07-01,21.75397014925376,335
2012-07-02,21.047499999999996,396
2012-07-03,20.748210290827746,447
2012-07-04,21.143543859649128,285
2012-07-05,20.438648648648652,370
2012-07-06,20.16374712643681,435
2012-07-07,21.04949868073876,379
2012-07-08,22.933742690058473,342
2012-07-09,23.362544529262113,393
2012-07-10,24.362019704433543,406
2012-07-11,25.690748792270476,414
2012-07-12,25.99362318840582,414
2012-07-13,25.615995850622394,482
2012-07-14,23.173115577889497,398
2012-07-15,22.412290076335893,393
2012-07-16,21.204231678487,423
2012-07-17,18.600053763440858,372
2012-07-18,18.193657894736855,380
2012-07-19,20.758530066815123,449
2012-07-20,23.425048169556806,519
2012-07-21,23.965827505827562,429
2012-07-22,25.35552777777781,360
2012-07-23,24.76175392670159,382
2012-07-24,22.874327956989273,372
2012-07-25,21.402944162436544,394
2012-07-26,21.275732323232315,396
2012-07-27,20.282046511627914,430
2012-07-28,20.70063414634143,410
2012-07-29,21.459472140762426,341
2012-07-30,22.31198863636361,352
2012-07-31,23.33706806282722,382
2012-08-01,23.293830275229364,436
2012-08-02,23.782333333333316,420
2012-08-03,24.274564755838725,471
2012-08-04,23.188801955990233,409
2012-08-05,22.07658666666665,375
2012-08-06,23.36653366583535,401
2012-08-07,24.9109271523178,453
2012-08-08,26.19972413793107,435
2012-08-09,26.813546910755125,437
2012-08-10,27.82313174945997,463
2012-08-11,28.22140186915881,428
2012-08-12,28.068445040214492,373
2012-08-13,28.24220902612818,421
2012-08-14,27.950198019801935,404
2012-08-15,26.392009803921574,408
2012-08-16,25.265315789473632,380
2012-08-17,26.109680851063835,470
2012-08-18,26.029370277078105,397
2012-08-19,25.605828402366864,338
2012-08-20,25.270465116279095,430
2012-08-21,24.141234042553144,470
2012-08-22,23.533021582733795,417
2012-08-23,22.71032863849764,426
2012-08-24,22.539613821138158,492
2012-08-25,22.252005277044812,379
2012-08-26,21.381640378548916,317
2012-08-27,20.39942675159241,471
2012-08-28,23.145845213849263,491
2012-08-29,25.48367149758453,414
2012-08-30,25.65879518072289,498
2012-08-31,24.73012474012468,481
2012-09-01,22.08956185567011,388
2012-09-02,21.021656626506058,332
2012-09-03,22.802576687116545,326
2012-09-04,24.243208791208726,455
2012-09-05,24.232936507936525,378
2012-09-06,23.196069767441905,430
2012-09-07,23.039195171026137,497
2012-09-08,23.38390804597701,348
2012-09-09,23.983255813953523,301
2012-09-10,23.793564593301465,418
2012-09-11,22.840729927007327,411
2012-09-12,21.614257907542573,411
2012-09-13,22.667555012224874,409
2012-09-14,24.32560521415283,537
2012-09-15,25.378486352357385,403
2012-09-16,25.299272727272704,330
2012-09-17,23.118289786223272,421
2012-09-18,21.18977426636572,443
2012-09-19,21.54823027718554,469
2012-09-20,22.14074844074848,481
2012-09-21,23.29313932980601,567
2012-09-22,23.185845070422527,426
2012-09-23,23.713454545454624,330
2012-09-24,24.46914847161569,458
2012-09-25,21.871127982646414,461
2012-09-26,20.522000000000084,390
2012-09-27,20.554215456674484,427
2012-09-28,22.06224242424248,495
2012-09-29,22.44534772182258,417
2012-09-30,23.031090909090892,330
2012-10-01,25.451670281995597,461
2012-10-02,26.972328482328475,481
2012-10-03,26.68240000000005,450
2012-10-04,23.465255319148923,470
2012-10-05,19.50763527054108,499
2012-10-06,18.3894029850746,402
2012-10-07,18.660421686746982,332
2012-10-08,18.402829670329726,364
2012-10-09,17.606422018348653,436
2012-10-10,16.988668171557634,443
2012-10-11,16.27120817843868,538
2012-10-12,14.54228329809725,473
2012-10-13,14.460451127819558,399
2012-10-14,16.71293577981649,327
2012-10-15,20.233705463182844,421
2012-10-16,21.115503080082146,487
2012-10-17,21.81561247216028,449
2012-10-18,23.02838983050848,472
2012-10-19,21.494781783681294,527
2012-10-20,19.80382882882882,444
2012-10-21,17.342106741573044,356
2012-10-22,15.193701431492823,489
2012-10-23,13.898517745302726,479
2012-10-24,12.955179372197323,446
2012-10-25,13.418951781970685,477
2012-10-26,15.464003795066382,527
2012-10-27,16.52797136038189,419
2012-10-28,18.747453083109946,373
2012-10-29,19.605807228915626,415
2012-10-30,19.02495433789948,438
2012-10-31,17.85597315436242,447
2012-11-01,15.651342155009443,529
2012-11-02,14.885142857142892,490
2012-11-03,14.580046728971972,428
2012-11-04,16.64119777158773,359
2012-11-05,19.24100580270798,517
2012-11-06,20.782534381139538,509
2012-11-07,19.959431072210062,457
2012-11-08,16.458353982300878,565
2012-11-09,12.4795025728988,583
2012-11-10,9.174441747572807,412
2012-11-11,8.294311594202897,276
2012-11-12,9.095740740740716,324
2012-11-13,11.29470707070707,495
2012-11-14,14.109786780383772,469
2012-11-15,14.958981900452542,442
2012-11-16,14.080981067125633,581
2012-11-17,13.531554770317983,566
2012-11-18,13.664786885245878,305
2012-11-19,12.83177105831532,463
2012-11-20,13.200519930675911,577
2012-11-21,13.979340463458149,561
2012-11-22,13.213297491039446,279
2012-11-23,13.202124183006543,306
2012-11-24,14.921343669250621,387
2012-11-25,16.008307692307657,325
2012-11-26,14.237006802721085,441
2012-11-27,13.242155388471183,399
2012-11-28,12.917021696252487,507
2012-11-29,12.342756539235394,497
2012-11-30,13.446923076923115,676
2012-12-01,13.82371967654987,371
2012-12-02,13.677551020408153,392
2012-12-03,13.186460905349806,486
2012-12-04,12.888969072164956,388
2012-12-05,13.441206225680906,514
2012-12-06,14.09050458715593,436
2012-12-07,12.538827160493843,486
2012-12-08,11.80084507042255,355
2012-12-09,11.087968127490033,251
2012-12-10,11.147614678899071,436
2012-12-11,12.472196162046908,469
2012-12-12,11.820092807424611,431
2012-12-13,9.904990138067054,507
2012-12-14,8.034195804195802,429
2012-12-15,6.359239631336397,434
2012-12-16,6.450999999999988,320
2012-12-17,8.32027459954231,437
2012-12-18,10.307299412915862,511
2012-12-19,7.79304932735426,446
2012-12-20,4.721681415929197,452
2012-12-21,6.803251748251749,572
2012-12-22,8.040065789473662,608
2012-12-23,9.007918918918916,370
2012-12-24,9.055941043083912,441
2012-12-25,7.968609022556386,266
2012-12-26,7.546774193548377,434
2012-12-27,7.298599999999985,400
2012-12-28,6.514958677685955,363
2012-12-29,6.789652406417108,374
2012-12-30,5.9940384615384605,260
2012-12-31,5.361959459459458,296
2013-01-01,5.209291338582675,254
2013-01-02,6.628914285714284,350
2013-01-03,7.593288409703519,371
2013-01-04,7.771706161137403,422
2013-01-05,8.20919999999999,300
2013-01-06,6.776140939597323,298
2013-01-07,8.024988713318297,443
2013-01-08,10.819954954954987,444
2013-01-09,10.050512195121943,410
2013-01-10,5.960160183066345,437
2013-01-11,3.6285924369747966,476
2013-01-12,3.395540540540528,370
2013-01-13,2.7779359430604953,281
2013-01-14,2.9781751824817473,411
2013-01-15,5.835831485587564,451
2013-01-16,7.873755364806859,466
2013-01-17,9.999459459459478,444
2013-01-18,10.516355140186914,535
2013-01-19,10.45800498753118,401
2013-01-20,10.61728522336772,291
2013-01-21,11.691456953642392,302
2013-01-22,12.529218009478697,422
2013-01-23,12.809088397790038,362
2013-01-24,12.180575815738967,521
2013-01-25,12.985308441558427,616
2013-01-26,11.669503916449115,383
2013-01-27,7.465017921146961,279
2013-01-28,6.480794871794872,390
2013-01-29,7.798195121951222,410
2013-01-30,10.529591836734694,441
2013-01-31,12.099631236442558,461
2013-02-01,13.07646601941744,515
2013-02-02,13.64628742514973,334
2013-02-03,12.4246483180428,327
2013-02-04,11.957633410672878,431
2013-02-05,10.140511508951393,391
2013-02-06,9.256399082568832,436
2013-02-07,8.301940298507455,469
2013-02-08,5.904499121265376,569
2013-02-09,6.141049868766401,381
2013-02-10,6.673309352517987,278
2013-02-11,7.8551443569553925,381
2013-02-12,8.629199084668231,437
2013-02-13,10.067448559670746,486
2013-02-14,11.874796905222441,517
2013-02-15,13.33180147058821,544
2013-02-16,13.677529691211442,421
2013-02-17,10.760560747663527,321
2013-02-18,9.162573964497062,338
2013-02-19,6.372677595628419,549
2013-02-20,5.9645378151260715,476
2013-02-21,7.274742729306495,447
2013-02-22,8.887199211045372,507
2013-02-23,8.997639593908627,394
2013-02-24,8.123377926421417,299
2013-02-25,9.506080402010058,398
2013-02-26,9.572897862232805,421
2013-02-27,11.149684684684669,444
2013-02-28,12.836346153846119,520
2013-03-01,15.269832089552281,536
2013-03-02,15.895298507462767,402
2013-03-03,12.599869706840389,307
2013-03-04,11.438877284595339,383
2013-03-05,10.506987654321005,405
2013-03-06,9.287817796610168,472
2013-03-07,8.896255707762558,438
2013-03-08,7.992055921052606,608
2013-03-09,9.43479809976249,421
2013-03-10,11.331065830720995,319
2013-03-11,13.874735576923136,416
2013-03-12,15.758845360824758,485
2013-03-13,18.118282208588955,489
2013-03-14,17.83608137044975,467
2013-03-15,16.661960784313745,510
2013-03-16,14.242545871559582,436
2013-03-17,12.943542857142852,350
2013-03-18,12.679259259259254,405
2013-03-19,13.254530516431926,426
2013-03-20,13.269308855291621,463
2013-03-21,12.518291139240482,474
2013-03-22,12.287847619047618,525
2013-03-23,12.128804878048754,410
2013-03-24,13.795170454545474,352
2013-03-25,14.098010471204187,382
2013-03-26,13.52860813704495,467
2013-03-27,13.341869565217443,460
2013-03-28,14.225844444444416,450
2013-03-29,15.714322709163376,502
2013-03-30,15.267219512195132,410
2013-03-31,13.519903381642505,414
2013-04-01,12.963512195121949,410
2013-04-02,14.232487437185913,398
2013-04-03,15.76172330097091,412
2013-04-04,14.47089958158995,478
2013-04-05,14.112092050209144,478
2013-04-06,14.228773841961843,367
2013-04-07,14.130114942528698,348
2013-04-08,11.378470066518851,451
2013-04-09,13.273148558758312,451
2013-04-10,16.16024444444443,450
2013-04-11,15.118920086393132,463
2013-04-12,15.395564853556465,478
2013-04-13,14.223576826196453,397
2013-04-14,12.898078291814956,281
2013-04-15,11.185466666666619,450
2013-04-16,10.744787735849057,424
2013-04-17,12.017374179431071,457
2013-04-18,14.35708245243126,473
2013-04-19,16.92270220588227,544
2013-04-20,17.81498886414252,449
2013-04-21,18.504575835475567,389
2013-04-22,17.727945205479443,438
2013-04-23,16.742690582959632,446
2013-04-24,15.303562945368133,421
2013-04-25,15.322161572052382,458
2013-04-26,16.717310606060547,528
2013-04-27,18.801770114942528,435
2013-04-28,19.312695652173865,345
2013-04-29,19.256213333333235,375
2013-04-30,16.630626450116015,431
2013-05-01,18.55890557939917,466
2013-05-02,20.521048387096776,496
2013-05-03,21.669825581395372,516
2013-05-04,18.509613526570067,414
2013-05-05,14.463501577287117,317
2013-05-06,14.625222602739719,584
2013-05-07,14.93516587677721,422
2013-05-08,15.240909090909138,429
2013-05-09,15.971626373626382,455
2013-05-10,18.68867924528306,530
2013-05-11,22.002862903225772,496
2013-05-12,23.59539440203561,393
2013-05-13,23.7828637413395,433
2013-05-14,19.776969072164952,485
2013-05-15,17.410283842794744,458
2013-05-16,16.468733333333407,450
2013-05-17,16.34414062500003,512
2013-05-18,16.893685503685504,407
2013-05-19,18.61764550264545,378
2013-05-20,20.76536231884055,483
2013-05-21,19.15305555555558,432
2013-05-22,15.415322580645201,434
2013-05-23,14.845449330783904,523
2013-05-24,15.786609848484797,528
2013-05-25,15.765533980582523,412
2013-05-26,16.382522522522475,333
2013-05-27,16.533444108761355,331
2013-05-28,18.247114537444904,454
2013-05-29,19.46340380549671,473
2013-05-30,19.119768518518466,432
2013-05-31,21.070121951219487,492
2013-06-01,23.033990267639933,411
2013-06-02,21.574986072423407,359
2013-06-03,19.125109489051113,411
2013-06-04,18.91344537815135,476
2013-06-05,19.54748387096774,465
2013-06-06,20.234581005586502,537
2013-06-07,22.400569948186618,579
2013-06-08,23.392689075630205,476
2013-06-09,20.597753086419686,405
2013-06-10,18.43076576576577,444
2013-06-11,20.788171806167426,454
2013-06-12,19.68653061224494,441
2013-06-13,19.28015184381772,461
2013-06-14,19.752220216606595,554
2013-06-15,18.77935064935064,462
2013-06-16,19.98007389162562,406
2013-06-17,20.4337527593819,453
2013-06-18,19.18680898876396,445
2013-06-19,18.65485596707822,486
2013-06-20,19.746612244897932,490
2013-06-21,20.189673076923057,520
2013-06-22,20.914074941451933,427
2013-06-23,18.55760000000005,350
2013-06-24,18.20377593360993,482
2013-06-25,20.717364864864827,444
2013-06-26,23.57713080168775,474
2013-06-27,25.284474789916015,476
2013-06-28,26.761575091575192,546
2013-06-29,28.27578947368418,437
2013-06-30,28.18561643835623,365
2013-07-01,26.246615384615435,455
2013-07-02,25.89024017467256,458
2013-07-03,26.088292220113896,527
2013-07-04,26.051540697674458,344
2013-07-05,22.686561743341425,413
2013-07-06,22.152984693877595,392
2013-07-07,23.531825613079018,367
2013-07-08,24.87949656750579,437
2013-07-09,25.696780045351513,441
2013-07-10,24.036412037037014,432
2013-07-11,22.407266355140155,428
2013-07-12,22.568294243070365,469
2013-07-13,23.90311258278144,453
2013-07-14,23.973342939481245,347
2013-07-15,23.142869379015018,467
2013-07-16,21.549251012145703,494
2013-07-17,22.40226611226611,481
2013-07-18,23.411202672605828,449
2013-07-19,23.624012605041994,476
2013-07-20,23.40118357487923,414
2013-07-21,23.181289398280843,349
2013-07-22,22.714253393665192,442
2013-07-23,23.22793838862566,422
2013-07-24,23.89748427672953,477
2013-07-25,23.98176855895194,458
2013-07-26,23.487988505747133,522
2013-07-27,23.068187499999986,480
2013-07-28,21.700357142857087,392
2013-07-29,20.24112781954887,399
2013-07-30,20.837898734177195,395
2013-07-31,19.55720357941825,447
2013-08-01,19.90865306122451,490
2013-08-02,19.8941111111111,540
2013-08-03,20.634218750000038,448
2013-08-04,21.396725440805973,397
2013-08-05,21.29702764976948,434
2013-08-06,20.20084090909093,440
2013-08-07,19.97068965517244,406
2013-08-08,19.76854800936767,427
2013-08-09,19.37078899082566,545
2013-08-10,19.80705735660844,401
2013-08-11,21.032727272727268,407
2013-08-12,21.995696202531672,395
2013-08-13,22.729524940617488,421
2013-08-14,23.563356973995205,423
2013-08-15,24.192672233820407,479
2013-08-16,24.671131725417524,539
2013-08-17,24.68040178571429,448
2013-08-18,24.7784575835476,389
2013-08-19,25.006406926406946,462
2013-08-20,24.04217183770884,419
2013-08-21,24.13649048625792,473
2013-08-22,23.61809302325584,430
2013-08-23,23.06143897996365,549
2013-08-24,22.89423728813562,472
2013-08-25,22.866950904392755,387
2013-08-26,23.313688699360316,469
2013-08-27,23.913831578947455,475
2013-08-28,24.802946768060863,526
2013-08-29,25.366743697479016,476
2013-08-30,25.88025925925926,540
2013-08-31,25.177602905568964,413
2013-09-01,23.73780864197529,324
2013-09-02,23.788495821727004,359
2013-09-03,24.732686308492255,577
2013-09-04,24.93275049115904,509
2013-09-05,24.345823293172757,498
2013-09-06,25.899945054944986,546
2013-09-07,26.227036144578356,415
2013-09-08,25.222329192546546,322
2013-09-09,23.409611872146073,438
2013-09-10,21.412425447316043,503
2013-09-11,20.63800415800417,481
2013-09-12,21.994927272727224,550
2013-09-13,23.101256281406933,597
2013-09-14,23.65560640732266,437
2013-09-15,23.384444444444465,351
2013-09-16,23.33002049180339,488
2013-09-17,20.333250950570243,526
2013-09-18,19.502066115702434,484
2013-09-19,20.767988165680464,507
2013-09-20,19.013984962406063,532
2013-09-21,17.1426383763838,542
2013-09-22,16.975013774104696,363
2013-09-23,20.773249516440966,517
2013-09-24,20.44065737051794,502
2013-09-25,16.75426587301582,504
2013-09-26,15.218903591682459,529
2013-09-27,17.283008547008507,585
2013-09-28,19.77915525114152,438
2013-09-29,19.766091954022944,348
2013-09-30,19.816339468302647,489
2013-10-01,18.307722567287804,483
2013-10-02,17.24229729729725,444
2013-10-03,16.027733050847434,472
2013-10-04,18.271476510067217,596
2013-10-05,19.48608591885444,419
2013-10-06,20.685401662049834,361
2013-10-07,19.720435684647253,482
2013-10-08,16.030777537796958,463
2013-10-09,13.001726907630545,498
2013-10-10,13.825958762886657,485
2013-10-11,15.270629032258157,620
2013-10-12,15.642048997772863,449
2013-10-13,14.438383233532935,334
2013-10-14,16.860658536585408,410
2013-10-15,18.253926701570563,573
2013-10-16,18.54000000000004,499
2013-10-17,18.42996204933588,527
2013-10-18,18.766245847176037,602
2013-10-19,19.61802040816331,490
2013-10-20,18.09605000000007,400
2013-10-21,17.85719486081371,467
2013-10-22,17.78256074766356,535
2013-10-23,16.673313609467463,507
2013-10-24,15.498377823408678,487
2013-10-25,16.48761980830663,626
2013-10-26,18.761288056206123,427
2013-10-27,16.420520833333356,384
2013-10-28,11.579999999999991,529
2013-10-29,11.728802395209545,501
2013-10-30,12.772473684210542,570
2013-10-31,14.828042763157848,608
2013-11-01,17.22619565217397,552
2013-11-02,15.939886877828007,442
2013-11-03,12.9801759530792,341
2013-11-04,12.306565464895623,527
2013-11-05,13.739836363636341,550
2013-11-06,15.787811900191898,521
2013-11-07,17.547142857142855,476
2013-11-08,16.577761437908567,612
2013-11-09,16.06841607565014,423
2013-11-10,15.900752089136445,359
2013-11-11,16.379972299168994,361
2013-11-12,17.55949019607842,510
2013-11-13,18.711242484969933,499
2013-11-14,17.577068645640075,539
2013-11-15,13.000314136125654,573
2013-11-16,11.795606060606048,462
2013-11-17,12.481706586826357,334
2013-11-18,12.453454935622354,466
2013-11-19,12.456699507389104,609
2013-11-20,12.836891271056675,653
2013-11-21,11.995160202360887,593
2013-11-22,10.411903807615237,499
2013-11-23,10.305215189873406,395
2013-11-24,10.188799999999988,300
2013-11-25,11.908860759493658,474
2013-11-26,12.841026119403045,536
2013-11-27,13.355832012678253,631
2013-11-28,12.415016181229767,309
2013-11-29,13.034396135265665,414
2013-11-30,13.071861702127624,376
2013-12-01,13.684807692307741,416
2013-12-02,13.543711583924335,423
2013-12-03,10.066797235023044,434
2013-12-04,6.468528864059582,537
2013-12-05,5.325875216637787,577
2013-12-06,5.575801393728246,574
2013-12-07,4.656916835699794,493
2013-12-08,2.6986173633440487,311
2013-12-09,3.7297323135755214,523
2013-12-10,6.519535398230102,452
2013-12-11,8.670536082474205,485
2013-12-12,9.319735449735486,567
2013-12-13,8.83804241435566,613
2013-12-14,10.547291666666684,432
2013-12-15,11.639044776119409,335
2013-12-16,14.251072796934857,522
2013-12-17,15.001410788381698,482
2013-12-18,12.563089244851266,437
2013-12-19,8.709469178082218,584
2013-12-20,8.260586264656617,597
2013-12-21,9.014817351598193,438
2013-12-22,10.546588921282812,343
2013-12-23,11.938154761904764,504
2013-12-24,12.746553524804185,383
2013-12-25,12.33532188841203,233
2013-12-26,12.174617647058826,340
2013-12-27,13.03151364764266,403
2013-12-28,12.228166666666647,360
2013-12-29,11.108032786885255,305
2013-12-30,11.902630136986279,365
2013-12-31,12.333361111111124,360
2014-01-01,12.20580204778155,293
2014-01-02,13.47966360856267,327
2014-01-03,13.882571428571483,385
2014-01-04,12.181645569620281,316
2014-01-05,11.948058608058593,273
2014-01-06,12.035620253164561,395
2014-01-07,12.218582278481001,395
2014-01-08,10.888504672897145,428
2014-01-09,10.413909952606618,422
2014-01-10,11.725585412667948,521
2014-01-11,12.2831818181818,352
2014-01-12,10.677882352941165,255
2014-01-13,12.12010080645162,496
2014-01-14,13.859453125000051,512
2014-01-15,14.718136272545122,499
2014-01-16,15.325905349794205,486
2014-01-17,15.094616788321142,548
2014-01-18,14.79616628175526,433
2014-01-19,14.455193548387077,310
2014-01-20,14.426748633879782,366
2014-01-21,14.634216101694868,472
2014-01-22,14.37723404255311,470
2014-01-23,13.197955056179751,445
2014-01-24,13.751264108352151,443
2014-01-25,14.708862559241766,422
2014-01-26,13.378633333333314,300
2014-01-27,12.292080378250578,423
2014-01-28,13.83753424657533,438
2014-01-29,14.576534446764112,479
2014-01-30,11.413174603174618,504
2014-01-31,9.18689788053948,519
2014-02-01,7.857621359223307,412
2014-02-02,7.283855721393026,402
2014-02-03,8.201059907834072,434
2014-02-04,8.13968503937006,381
2014-02-05,8.50130693069309,505
2014-02-06,8.594751286449375,583
2014-02-07,9.930823327615776,583
2014-02-08,11.275104166666644,480
2014-02-09,12.111475409836059,366
2014-02-10,12.893914027149354,442
2014-02-11,13.452013888888894,432
2014-02-12,15.479444444444509,450
2014-02-13,16.2379069767442,516
2014-02-14,16.300766773162962,626
2014-02-15,15.949353099730487,371
2014-02-16,14.10531428571431,350
2014-02-17,12.806587926509199,381
2014-02-18,11.811418269230794,416
2014-02-19,12.445550561797736,445
2014-02-20,13.874765258215941,426
2014-02-21,14.763205128205124,546
2014-02-22,14.089539473684223,456
2014-02-23,14.165043731778411,343
2014-02-24,14.587722342733127,461
2014-02-25,13.476443418013861,433
2014-02-26,12.94988483685218,521
2014-02-27,13.037809694793587,557
2014-02-28,12.306854219948894,782
2014-03-01,11.120042194092827,474
2014-03-02,10.770179104477604,335
2014-03-03,11.910299251870336,401
2014-03-04,13.161602870813432,418
2014-03-05,14.9305963302752,436
2014-03-06,14.458555045871588,436
2014-03-07,13.425855513308004,526
2014-03-08,15.245783410138287,434
2014-03-09,16.724985422740545,343
2014-03-10,16.03306748466261,489
2014-03-11,13.824191343963523,439
2014-03-12,13.898316430020293,493
2014-03-13,13.595741127348637,479
2014-03-14,14.065401869158816,535
2014-03-15,16.67697038724369,439
2014-03-16,17.934558139534918,430
2014-03-17,14.413101952277692,461
2014-03-18,13.359075630252107,476
2014-03-19,14.771655913978512,465
2014-03-20,14.870195652173937,460
2014-03-21,13.285799256505541,538
2014-03-22,13.219037974683543,395
2014-03-23,13.905151515151491,363
2014-03-24,15.4564761904762,420
2014-03-25,13.337117117117103,444
2014-03-26,11.350681003584233,558
2014-03-27,11.91125284738043,439
2014-03-28,13.590641821946171,483
2014-03-29,13.665364806866961,466
2014-03-30,12.020867208672087,369
2014-03-31,10.481915367483294,449
2014-04-01,9.472166962699804,563
2014-04-02,9.499446494464983,542
2014-04-03,11.044493087557623,434
2014-04-04,11.022150943396277,530
2014-04-05,12.166036036036049,444
2014-04-06,15.452291666666655,384
2014-04-07,19.159453302961296,439
2014-04-08,20.35896620278333,503
2014-04-09,18.58045161290326,465
2014-04-10,18.42576628352493,522
2014-04-11,17.22991273996519,573
2014-04-12,13.878400900900866,444
2014-04-13,14.66148036253775,331
2014-04-14,17.2572247706422,436
2014-04-15,17.75717592592589,432
2014-04-16,16.925140186915893,428
2014-04-17,16.056519230769272,520
2014-04-18,15.866236080178181,449
2014-04-19,15.954248826291083,426
2014-04-20,17.2951714285714,350
2014-04-21,17.22038167938928,393
2014-04-22,13.908565121412828,453
2014-04-23,14.418568232662189,447
2014-04-24,15.931196078431414,510
2014-04-25,12.116963746223613,662
2014-04-26,11.271077283372367,427
2014-04-27,13.158544474393533,371
2014-04-28,16.287875288683615,433
2014-04-29,20.11698630136991,438
2014-04-30,21.0187445887446,462
2014-05-01,21.618956356736238,527
2014-05-02,21.841090289608154,587
2014-05-03,19.528497854077262,466
2014-05-04,16.999530386740293,362
2014-05-05,14.716514522821562,482
2014-05-06,13.449709543568462,482
2014-05-07,13.908121827411163,394
2014-05-08,14.808326086956516,460
2014-05-09,16.07567062818338,589
2014-05-10,15.1264609053498,486
2014-05-11,16.425904761904775,420
2014-05-12,19.948191721132883,459
2014-05-13,22.179900990098943,505
2014-05-14,23.9797205588822,501
2014-05-15,24.54301136363641,528
2014-05-16,22.897591623036604,573
2014-05-17,20.134709821428594,448
2014-05-18,17.67729805013931,359
2014-05-19,16.179219409282727,474
2014-05-20,14.688690744921022,443
2014-05-21,16.166254752851692,526
2014-05-22,17.10339285714285,504
2014-05-23,18.470388692579515,566
2014-05-24,19.421981351981334,429
2014-05-25,21.3517222222222,360
2014-05-26,21.53089709762529,379
2014-05-27,20.8047619047619,504
2014-05-28,19.39190775681341,477
2014-05-29,19.557372881355906,472
2014-05-30,19.88841503267965,612
2014-05-31,19.89552238805969,402
2014-06-01,21.00560646900267,371
2014-06-02,19.315227272727295,440
2014-06-03,20.128218884120212,466
2014-06-04,21.27491071428571,448
2014-06-05,21.72511945392487,586
2014-06-06,20.72653179190747,519
2014-06-07,21.28372294372293,462
2014-06-08,24.253291457286384,398
2014-06-09,24.556785714285716,420
2014-06-10,21.122632794457243,433
2014-06-11,19.82133891213392,478
2014-06-12,18.97671399594327,493
2014-06-13,19.35195167286248,538
2014-06-14,20.184637964774947,511
2014-06-15,18.626212471131684,433
2014-06-16,17.495434782608722,460
2014-06-17,17.732729211087438,469
2014-06-18,19.820373626373645,455
2014-06-19,21.481838074398272,457
2014-06-20,22.96362525458251,491
2014-06-21,21.657152034261316,467
2014-06-22,20.869228571428582,350
2014-06-23,20.624289340101488,394
2014-06-24,21.62992974238872,427
2014-06-25,20.963596059113247,406
2014-06-26,20.156014319809064,419
2014-06-27,21.439793233082764,532
2014-06-28,22.439999999999962,401
2014-06-29,24.242719298245625,342
2014-06-30,24.60611738148989,443
2014-07-01,23.362874692874666,407
2014-07-02,23.098026315789514,456
2014-07-03,23.58441682600379,523
2014-07-04,24.645737704918,366
2014-07-05,25.014304635761643,302
2014-07-06,25.611966101694982,295
2014-07-07,25.585545243619475,431
2014-07-08,24.493438202247187,445
2014-07-09,23.314987834549928,411
2014-07-10,22.246711711711693,444
2014-07-11,22.014061224489783,490
2014-07-12,22.914607329842948,382
2014-07-13,25.67333333333329,366
2014-07-14,24.70725060827247,411
2014-07-15,23.938284313725458,408
2014-07-16,22.588119469026545,452
2014-07-17,21.271775280898947,445
2014-07-18,21.53038876889855,463
2014-07-19,22.65006849315067,438
2014-07-20,22.279418282548445,361
2014-07-21,22.421519607843198,408
2014-07-22,23.148589743589756,468
2014-07-23,24.44684873949576,476
2014-07-24,25.910857142857246,525
2014-07-25,25.875339449541375,545
2014-07-26,25.466643026004693,423
2014-07-27,26.110267379679183,374
2014-07-28,25.453895216400927,439
2014-07-29,26.151768707483065,441
2014-07-30,26.167025171624708,437
2014-07-31,26.925032967033058,455
2014-08-01,26.537752442996794,614
2014-08-02,24.933847736625452,486
2014-08-03,23.54340182648402,438
2014-08-04,22.31627494456768,451
2014-08-05,22.40614000000003,500
2014-08-06,22.368959276018057,442
2014-08-07,22.14305907172999,474
2014-08-08,23.083617391304365,575
2014-08-09,22.602418300653532,459
2014-08-10,23.275742574257475,404
2014-08-11,24.165275423728907,472
2014-08-12,23.169723991507407,471
2014-08-13,22.148935698447918,451
2014-08-14,22.661017612524553,511
2014-08-15,24.120696920583327,617
2014-08-16,24.99026022304834,538
2014-08-17,24.54947004608292,434
2014-08-18,23.339727626459112,514
2014-08-19,20.884677754677746,481
2014-08-20,21.296332703213505,529
2014-08-21,22.335150976909386,563
2014-08-22,22.45181988742965,533
2014-08-23,21.746538461538453,494
2014-08-24,21.594922279792744,386
2014-08-25,20.55057522123901,452
2014-08-26,22.7022803738318,535
2014-08-27,24.69067615658352,562
2014-08-28,25.421084558823438,544
2014-08-29,24.389947735191694,574
2014-08-30,25.036160164271102,487
2014-08-31,24.012506024096382,415
2014-09-01,24.793837209302378,344
2014-09-02,23.147185185185215,540
2014-09-03,22.082889305816156,533
2014-09-04,21.998026070763466,537
2014-09-05,22.900406504065028,615
2014-09-06,24.239099756691008,411
2014-09-07,24.61294832826752,329
2014-09-08,22.296181818181832,495
2014-09-09,22.60912149532717,535
2014-09-10,24.0427533460804,523
2014-09-11,25.268821362799333,543
2014-09-12,26.21798690671028,611
2014-09-13,26.67295218295218,481
2014-09-14,27.279786729857737,422
2014-09-15,27.266645702306096,477
2014-09-16,26.700189873417838,474
2014-09-17,25.905655172413752,580
2014-09-18,21.73620294599021,611
2014-09-19,21.485598755832154,643
2014-09-20,21.496822033898294,472
2014-09-21,20.952421652421627,351
2014-09-22,22.106920353982286,565
2014-09-23,22.780837887067317,549
2014-09-24,23.816730401529707,523
2014-09-25,21.981500000000032,640
2014-09-26,19.98642526964566,649
2014-09-27,17.58933189655167,464
2014-09-28,17.341139896372997,386
2014-09-29,19.096522593320245,509
2014-09-30,20.68189781021893,548
2014-10-01,20.6871428571429,560
2014-10-02,23.23751798561158,556
2014-10-03,24.463602584814247,619
2014-10-04,25.08881496881499,481
2014-10-05,25.006737967914482,374
2014-10-06,24.643150406504002,492
2014-10-07,23.677510040160637,498
2014-10-08,22.563439065108494,599
2014-10-09,20.29559454191032,513
2014-10-10,19.945310650887514,676
2014-10-11,20.734832635983263,478
2014-10-12,21.16383908045982,435
2014-10-13,21.954393939393878,462
2014-10-14,19.172453183520673,534
2014-10-15,17.493204081632655,490
2014-10-16,17.609119718309962,568
2014-10-17,17.52708818635608,601
2014-10-18,18.517764227642232,492
2014-10-19,19.10686893203886,412
2014-10-20,17.81588803088794,518
2014-10-21,17.296170212765997,517
2014-10-22,19.04521825396825,504
2014-10-23,20.64751295336794,579
2014-10-24,20.595769230769168,650
2014-10-25,17.95834914611004,527
2014-10-26,15.843133159268918,383
2014-10-27,15.606424474187412,523
2014-10-28,17.701894197952253,586
2014-10-29,19.758952205882384,544
2014-10-30,19.005017857142896,560
2014-10-31,15.549430555555556,720
2014-11-01,12.408319467554124,601
2014-11-02,12.22019370460048,413
2014-11-03,13.451912280701746,570
2014-11-04,15.151094619666003,539
2014-11-05,17.92145833333334,528
2014-11-06,18.962471482889754,526
2014-11-07,18.767688888888795,675
2014-11-08,19.44426804123705,485
2014-11-09,18.113228346456683,381
2014-11-10,15.178017057569326,469
2014-11-11,13.776273972602727,365
2014-11-12,14.246738703339872,509
2014-11-13,14.211204819277091,581
2014-11-14,14.546368078175833,614
2014-11-15,13.302413793103446,464
2014-11-16,12.303749999999978,344
2014-11-17,13.355615384615456,520
2014-11-18,13.946673469387813,490
2014-11-19,13.995175718849762,626
2014-11-20,12.943583999999998,625
2014-11-21,12.950906432748527,684
2014-11-22,13.20143103448284,580
2014-11-23,12.632752293578015,327
2014-11-24,13.187054263565884,516
2014-11-25,14.316583011583004,518
2014-11-26,16.49496575342469,584
2014-11-27,17.28799363057325,314
2014-11-28,15.655027322404358,366
2014-11-29,13.655515587529989,417
2014-11-30,12.953333333333351,609
2014-12-01,14.257753906250048,512
2014-12-02,13.732415584415572,770
2014-12-03,15.171508052708614,683
2014-12-04,14.193851351351352,592
2014-12-05,13.709740740740765,540
2014-12-06,14.496093023255792,430
2014-12-07,14.692332361516055,343
2014-12-08,15.482047531992677,547
2014-12-09,14.97194945848373,554
2014-12-10,14.826074074074096,540
2014-12-11,13.346011673151775,514
2014-12-12,10.42946401225118,653
2014-12-13,9.60159624413147,426
2014-12-14,9.437307692307684,338
2014-12-15,9.94769076305223,498
2014-12-16,10.624493927125501,494
2014-12-17,9.841794425087098,574
2014-12-18,10.76982486865149,571
2014-12-19,11.052223858615585,679
2014-12-20,11.562659793814417,485
2014-12-21,12.669665871121703,419
2014-12-22,14.224651567944289,574
2014-12-23,14.545502645502616,567
2014-12-24,11.529570405727888,419
2014-12-25,7.247967213114748,305
2014-12-26,6.203821510297497,437
2014-12-27,6.6000000000000005,421
2014-12-28,7.968452722063035,349
2014-12-29,7.367481108312337,397
2014-12-30,6.06093821510298,437
2014-12-31,4.04043689320389,412
2015-01-01,4.679969512195109,328
2015-01-02,6.379388297872334,376
2015-01-03,7.602545931758521,381
2015-01-04,8.863164556962017,316
2015-01-05,11.980150862068998,464
2015-01-06,13.97922746781116,466
2015-01-07,14.68392504930965,507
2015-01-08,14.502087682672254,479
2015-01-09,13.330258449304155,503
2015-01-10,12.599281183932362,473
2015-01-11,11.58278787878793,495
2015-01-12,11.199662921348315,534
2015-01-13,11.026672828096116,541
2015-01-14,11.195477941176437,544
2015-01-15,11.627150635208753,551
2015-01-16,12.414087102177618,597
2015-01-17,13.16666666666664,426
2015-01-18,13.955177993527528,309
2015-01-19,13.178787878787908,363
2015-01-20,11.398762475049866,501
2015-01-21,10.716257668711672,489
2015-01-22,11.296843267108157,453
2015-01-23,11.831461794019901,602
2015-01-24,12.695925196850355,508
2015-01-25,14.02403693931395,379
2015-01-26,13.80120000000004,500
2015-01-27,13.205262135922283,515
2015-01-28,13.190433884297589,484
2015-01-29,13.692280000000016,500
2015-01-30,12.598871252204589,567
2015-01-31,12.44804210526315,475
2015-02-01,13.400552631578991,380
2015-02-02,14.652791666666676,480
2015-02-03,15.271947069943273,529
2015-02-04,15.153240556660036,503
2015-02-05,15.461701323251441,529
2015-02-06,14.53480741797428,701
2015-02-07,14.159783333333335,600
2015-02-08,15.085291828793753,514
2015-02-09,13.560740740740798,513
2015-02-10,13.69393673110721,569
2015-02-11,14.909742063492065,504
2015-02-12,16.058892921960062,551
2015-02-13,16.992341772151875,632
2015-02-14,17.142536496350342,548
2015-02-15,16.38496644295294,447
2015-02-16,15.34689095127609,431
2015-02-17,13.97989837398381,492
2015-02-18,14.844356060606138,528
2015-02-19,14.206348623853296,545
2015-02-20,13.271640488656189,573
2015-02-21,12.345467196819106,503
2015-02-22,11.254961832061012,524
2015-02-23,9.892344961240275,516
2015-02-24,11.070610526315765,475
2015-02-25,12.363360824742267,485
2015-02-26,12.660104602510419,478
2015-02-27,11.668178633975462,571
2015-02-28,9.662934131736485,501
2015-03-01,9.652252873563224,435
2015-03-02,9.184403846153863,520
2015-03-03,10.472031872509943,502
2015-03-04,11.641601642710448,487
2015-03-05,12.622649253731332,536
2015-03-06,14.061771019677954,559
2015-03-07,16.05267307692308,520
2015-03-08,15.126848635235756,403
2015-03-09,15.018085585585563,444
2015-03-10,16.096515151515177,462
2015-03-11,15.241166666666654,480
2015-03-12,16.467087378640823,515
2015-03-13,18.368898026315794,608
2015-03-14,20.0027306273062,542
2015-03-15,19.450802005012594,399
2015-03-16,17.841535087719294,456
2015-03-17,15.90999999999999,473
2015-03-18,15.093493723849377,478
2015-03-19,15.978513513513546,518
2015-03-20,16.249681208053666,596
2015-03-21,15.67155361050331,457
2015-03-22,14.073624999999968,400
2015-03-23,13.475594989561575,479
2015-03-24,14.709457202505204,479
2015-03-25,16.642931354359966,539
2015-03-26,19.878185255198524,529
2015-03-27,19.42768456375841,596
2015-03-28,18.133072407045017,511
2015-03-29,17.871503579952254,419
2015-03-30,17.887607223476312,443
2015-03-31,15.395046511627896,430
2015-04-01,13.698799249530923,533
2015-04-02,13.701942446043152,556
2015-04-03,15.63309833024116,539
2015-04-04,15.340777310924386,476
2015-04-05,11.551942740286256,489
2015-04-06,11.175490196078465,510
2015-04-07,10.086578171091457,678
2015-04-08,11.746063829787214,470
2015-04-09,13.593594080338315,473
2015-04-10,13.969102112676016,568
2015-04-11,14.795676855895236,458
2015-04-12,16.156234096692085,393
2015-04-13,15.768090737240103,529
2015-04-14,13.789551934826887,491
2015-04-15,14.599288617886199,492
2015-04-16,16.14879581151832,573
2015-04-17,17.38835218093703,619
2015-04-18,17.560909090909092,484
2015-04-19,17.13592505854804,427
2015-04-20,15.548511450381694,524
2015-04-21,14.105398230088566,452
2015-04-22,14.715835051546465,485
2015-04-23,14.365522682445814,507
2015-04-24,13.572574955908278,567
2015-04-25,12.835581395348806,602
2015-04-26,14.815271867612326,423
2015-04-27,18.74666666666659,522
2015-04-28,19.628368794326256,564
2015-04-29,20.16107632093932,511
2015-04-30,21.71597495527722,559
2015-05-01,21.39590399999999,625
2015-05-02,19.34123552123555,518
2015-05-03,16.660845665961993,473
2015-05-04,15.100406852248456,467
2015-05-05,14.70788501026687,487
2015-05-06,14.341696606786394,501
2015-05-07,12.326700854700862,585
2015-05-08,12.731725239616594,626
2015-05-09,14.850863453815219,498
2015-05-10,16.914452554744557,411
2015-05-11,16.81195121951214,492
2015-05-12,14.655925925925922,486
2015-05-13,13.707384937238531,478
2015-05-14,12.24223809523805,630
2015-05-15,12.86953528399313,581
2015-05-16,14.293483870967703,465
2015-05-17,14.629298701298673,385
2015-05-18,14.543195020746884,482
2015-05-19,14.994678714859445,498
2015-05-20,14.920161943319851,494
2015-05-21,14.5624857685009,527
2015-05-22,14.495585284280915,598
2015-05-23,14.958349900596433,503
2015-05-24,16.42730858468678,431
2015-05-25,17.103618784530365,362
2015-05-26,16.784834024896302,482
2015-05-27,17.57893660531697,489
2015-05-28,18.49679039301305,458
2015-05-29,19.815939716311913,564
2015-05-30,20.60026104417673,498
2015-05-31,18.442468193384233,393
2015-06-01,17.815540540540546,444
2015-06-02,18.216923076923038,481
2015-06-03,17.403752535497016,493
2015-06-04,17.07516129032259,527
2015-06-05,18.183670473083232,613
2015-06-06,19.382462203023774,463
2015-06-07,22.17657342657348,429
2015-06-08,25.29356164383566,511
2015-06-09,23.63000000000006,488
2015-06-10,20.198466135458176,502
2015-06-11,21.723701657458527,543
2015-06-12,23.18153333333339,600
2015-06-13,22.209216494845332,485
2015-06-14,21.346367924528302,424
2015-06-15,20.524523809523828,504
2015-06-16,21.578629343629387,518
2015-06-17,22.574808080808033,495
2015-06-18,22.315770750988168,506
2015-06-19,22.873728813559364,590
2015-06-20,23.3371673003802,526
2015-06-21,21.652936893203883,412
2015-06-22,21.843612244897862,490
2015-06-23,22.03777365491656,539
2015-06-24,22.278595505617854,534
2015-06-25,24.3669016697589,539
2015-06-26,24.450960144927667,552
2015-06-27,23.738590604026836,447
2015-06-28,23.92365044247787,452
2015-06-29,24.204874476987477,478
2015-06-30,26.66617391304351,460
2015-07-01,25.12766738660897,463
2015-07-02,24.32192579505295,566
2015-07-03,24.492822580645075,496
2015-07-04,23.69115763546798,406
2015-07-05,22.599172749391727,411
2015-07-06,21.694547461368643,453
2015-07-07,21.05886029411769,544
2015-07-08,19.878181818181837,473
2015-07-09,18.759999999999952,557
2015-07-10,19.615976821192096,604
2015-07-11,20.60732824427485,524
2015-07-12,21.50215686274516,408
2015-07-13,22.310835073068915,479
2015-07-14,21.572566539923972,526
2015-07-15,21.526549165120507,539
2015-07-16,22.38279264214035,598
2015-07-17,23.465384615384632,624
2015-07-18,23.4133221476509,596
2015-07-19,24.137725409835987,488
2015-07-20,24.429815242494232,433
2015-07-21,23.503809523809515,483
2015-07-22,21.61236144578307,415
2015-07-23,21.45684989429177,473
2015-07-24,22.448937908496692,612
2015-07-25,23.04168784029039,551
2015-07-26,21.885523385300736,449
2015-07-27,22.52200828157349,483
2015-07-28,24.460080645161252,496
2015-07-29,25.342887029288626,478
2015-07-30,25.234010989011004,546
2015-07-31,24.35971014492763,621
2015-08-01,23.661164021163945,567
2015-08-02,23.207002237136447,447
2015-08-03,22.694968684760035,479
2015-08-04,22.604337811900148,521
2015-08-05,23.620210727969262,522
2015-08-06,24.108568548387144,496
2015-08-07,22.10125214408229,583
2015-08-08,21.131341719077565,477
2015-08-09,21.917890818858574,403
2015-08-10,21.37860735009666,517
2015-08-11,21.330803059273432,523
2015-08-12,23.456268115942077,552
2015-08-13,24.76471358428809,611
2015-08-14,24.915208655332314,647
2015-08-15,27.2853979238754,578
2015-08-16,28.138337028824804,451
2015-08-17,25.96829525483305,569
2015-08-18,23.65260617760619,518
2015-08-19,22.692246093749915,512
2015-08-20,22.289852941176534,544
2015-08-21,21.85559505409581,647
2015-08-22,22.291856060605998,528
2015-08-23,22.88653508771927,456
2015-08-24,23.813966789667802,542
2015-08-25,24.185861423220977,534
2015-08-26,25.83167820069198,578
2015-08-27,26.87955128205127,624
2015-08-28,27.05589171974522,628
2015-08-29,24.79123046874997,512
2015-08-30,23.06992822966509,418
2015-08-31,22.56351351351348,592
2015-09-01,21.250327022375288,581
2015-09-02,20.392560747663588,535
2015-09-03,19.397086743044238,611
2015-09-04,19.0101018675721,589
2015-09-05,19.58770093457936,535
2015-09-06,22.35178147268411,421
2015-09-07,24.87241558441563,385
2015-09-08,27.10026521060846,641
2015-09-09,28.367495711835286,583
2015-09-10,27.67865591397845,558
2015-09-11,27.077249575551836,589
2015-09-12,24.45511530398322,477
2015-09-13,24.198625954198445,393
2015-09-14,21.13115864527626,561
2015-09-15,19.916381093057666,677
2015-09-16,18.04644557823129,588
2015-09-17,19.33741554054051,592
2015-09-18,21.41459016393431,732
2015-09-19,24.001545138888886,576
2015-09-20,26.675851703406842,499
2015-09-21,25.323022452504304,579
2015-09-22,21.3764197530865,567
2015-09-23,22.51764705882359,527
2015-09-24,24.743057722308944,641
2015-09-25,24.770693215339232,678
2015-09-26,24.17062391681106,577
2015-09-27,23.086013363028894,449
2015-09-28,22.33283993115325,581
2015-09-29,21.28458928571427,560
2015-09-30,21.2335391566265,664
2015-10-01,20.70276485788117,774
2015-10-02,20.47450887573968,845
2015-10-03,19.678513513513508,666
2015-10-04,17.379307116104897,534
2015-10-05,17.599814241486083,646
2015-10-06,19.08925608011438,699
2015-10-07,20.81462887989215,741
2015-10-08,23.265856115107898,695
2015-10-09,25.023640718562884,835
2015-10-10,24.389224422442226,606
2015-10-11,24.250786106032958,547
2015-10-12,25.078111888111952,572
2015-10-13,25.034964838255856,711
2015-10-14,23.621683029452864,713
2015-10-15,21.798648275862163,725
2015-10-16,21.05432964329652,813
2015-10-17,19.740864779874272,636
2015-10-18,18.192292051756002,541
2015-10-19,17.232089552238758,670
2015-10-20,18.401908284023715,676
2015-10-21,19.430267379678966,748
2015-10-22,19.01277056277045,693
2015-10-23,19.520560975609875,820
2015-10-24,20.747896440129523,618
2015-10-25,19.8195169946333,559
2015-10-26,20.14883381924202,686
2015-10-27,19.527061538461478,650
2015-10-28,18.586643835616524,730
2015-10-29,17.221275167785105,745
2015-10-30,18.470911270983237,834
2015-10-31,20.397036423841207,604
2015-11-01,18.623377703826872,601
2015-11-02,14.587353992848648,839
2015-11-03,12.20501308900525,764
2015-11-04,11.442754820936607,726
2015-11-05,12.247064896755205,678
2015-11-06,13.053094425483438,879
2015-11-07,14.229092261904762,672
2015-11-08,13.281068447412363,599
2015-11-09,11.177309352517952,695
2015-11-10,10.187367055771732,771
2015-11-11,11.094612676056375,568
2015-11-12,12.207477931904144,793
2015-11-13,14.092808564231614,794
2015-11-14,14.208830242510745,701
2015-11-15,10.314941956882278,603
2015-11-16,8.418936464088446,724
2015-11-17,11.245909090909114,682
2015-11-18,13.72727503168571,789
2015-11-19,15.397765814266481,743
2015-11-20,16.52100811123991,863
2015-11-21,16.374912559618526,629
2015-11-22,15.835122448979616,490
2015-11-23,14.869332344213593,674
2015-11-24,11.231965116279024,860
2015-11-25,8.684764331210166,785
2015-11-26,7.017787418655106,461
2015-11-27,7.408339843749999,512
2015-11-28,6.890812854442361,529
2015-11-29,8.03137391304347,575
2015-11-30,8.664114114114152,666
2015-12-01,9.994224598930469,748
2015-12-02,12.545885978428373,649
2015-12-03,12.686755386565254,789
2015-12-04,10.912695121951248,820
2015-12-05,11.445112651646417,577
2015-12-06,13.815667276051247,547
2015-12-07,14.662949735449724,756
2015-12-08,15.676800554016552,722
2015-12-09,15.339760900140613,711
2015-12-10,12.840627962085295,844
2015-12-11,9.528872767857184,896
2015-12-12,9.103439393939356,660
2015-12-13,8.953540669856498,627
2015-12-14,6.098520475561413,757
2015-12-15,5.781128818061098,753
2015-12-16,7.119215155615698,739
2015-12-17,8.540567632850271,828
2015-12-18,10.038531249999933,960
2015-12-19,9.29200480192077,833
2015-12-20,7.733584905660392,583
2015-12-21,10.272033248081806,782
2015-12-22,12.14802337938368,941
2015-12-23,9.305697050938273,746
2015-12-24,6.622333333333334,600
2015-12-25,5.394648910411635,413
2015-12-26,4.381712473572954,473
2015-12-27,5.148000000000004,440
2015-12-28,4.899137055837556,591
2015-12-29,5.666684027777799,576
2015-12-30,6.545164075993122,579
2015-12-31,5.658872305140972,603
2016-01-01,5.454576271186436,472
2016-01-02,7.548702290076329,393
2016-01-03,8.990420792079213,404
2016-01-04,10.192582159624394,639
2016-01-05,9.30546402502611,959
2016-01-06,7.964497936726249,727
2016-01-07,7.449351988218026,679
2016-01-08,7.225643431635404,746
2016-01-09,7.931428571428565,476
2016-01-10,8.686681922196788,437
2016-01-11,9.547001620745533,617
2016-01-12,9.822026431718035,681
2016-01-13,10.071117478510047,698
2016-01-14,8.80399715504979,703
2016-01-15,9.469711191335763,831
2016-01-16,10.73408163265302,588
2016-01-17,11.976842105263144,494
2016-01-18,11.580555555555522,576
2016-01-19,11.667855329949221,788
2016-01-20,11.822956656346665,646
2016-01-21,12.416236220472419,635
2016-01-22,12.391633165829166,796
2016-01-23,10.390554561717337,559
2016-01-24,9.009452332657174,493
2016-01-25,10.52025641025635,663
2016-01-26,10.698573508005822,687
2016-01-27,11.657700348432062,574
2016-01-28,12.73528688524594,732
2016-01-29,13.487259158751662,737
2016-01-30,11.134577464788736,568
2016-01-31,8.068751625487632,769
2016-02-01,5.635968749999998,640
2016-02-02,6.304755905511845,635
2016-02-03,7.7549041533546195,626
2016-02-04,9.305014880952408,672
2016-02-05,10.644027954256613,787
2016-02-06,11.812651757188508,626
2016-02-07,13.954962962962913,540
2016-02-08,15.445932678821865,713
2016-02-09,16.693565573770563,732
2016-02-10,16.45737796373777,717
2016-02-11,16.649573901464667,751
2016-02-12,16.009194312796186,844
2016-02-13,15.19469359331472,718
2016-02-14,15.590378289473689,608
2016-02-15,17.35661691542288,603
2016-02-16,18.186848792884287,787
2016-02-17,14.863118131868132,728
2016-02-18,11.674045698924749,744
2016-02-19,11.254758883248728,788
2016-02-20,11.703617693522842,633
2016-02-21,12.603201506591317,531
2016-02-22,14.019347471451827,613
2016-02-23,14.503835616438373,657
2016-02-24,14.756869688385306,706
2016-02-25,15.954438502673785,748
2016-02-26,15.829561290322602,775
2016-02-27,14.7909728183119,699
2016-02-28,14.781532846715313,548
2016-03-01,16.241933028919295,657
2016-03-02,16.427805970149276,670
2016-03-03,15.457126600284424,703
2016-03-04,14.575154994259496,871
2016-03-05,14.182370452039738,907
2016-03-06,13.984251968503896,762
2016-03-07,11.316205533596825,759
2016-03-08,8.557599999999988,700
2016-03-09,10.271155624037007,649
2016-03-10,13.438063660477457,754
2016-03-11,15.411050228310456,876
2016-03-12,11.625476923076922,650
2016-03-13,10.13804804804802,666
2016-03-14,11.654005524861798,724
2016-03-15,12.382703101920212,677
2016-03-16,13.723475935828892,748
2016-03-17,16.40941818181811,825
2016-03-18,17.019109589041054,876
2016-03-19,15.281930051813472,772
2016-03-20,14.884172297297276,592
2016-03-21,14.77951399116348,679
2016-03-22,12.836955266955277,693
2016-03-23,11.628888888888955,765
2016-03-24,12.95200000000005,800
2016-03-25,14.748488228004991,807
2016-03-26,14.781918429003042,662
2016-03-27,15.051036269430066,579
2016-03-28,14.337570247933824,605
2016-03-29,10.682052469135758,648
2016-03-30,9.665618631732121,687
2016-03-31,10.64382733812952,695
2016-04-01,12.604604591836761,784
2016-04-02,14.101129943502807,708
2016-04-03,16.102334337349408,664
2016-04-04,16.55122733612275,717
2016-04-05,16.416811188811185,715
2016-04-06,17.918135359116036,724
2016-04-07,19.477523553162786,743
2016-04-08,15.874388092613021,907
2016-04-09,14.321679012345701,810
2016-04-10,13.582020373514403,589
2016-04-11,13.52637059724349,653
2016-04-12,14.177004608294942,651
2016-04-13,14.720105105105121,666
2016-04-14,13.96716814159292,678
2016-04-15,13.592007255139082,827
2016-04-16,13.67805333333336,750
2016-04-17,16.415719008264507,605
2016-04-18,18.773401015228362,788
2016-04-19,19.86892804698973,681
2016-04-20,19.926612685560038,741
2016-04-21,18.470228494623655,744
2016-04-22,17.22847651775489,873
2016-04-23,14.387883522727288,704
2016-04-24,14.320934065934084,546
2016-04-25,14.107785714285788,700
2016-04-26,11.859402777777763,720
2016-04-27,12.758553846153843,650
2016-04-28,13.183121621621577,740
2016-04-29,13.232816728167247,813
2016-04-30,13.839762611275988,674
2016-05-01,14.624089403973505,604
2016-05-02,16.337510489510528,715
2016-05-03,17.19114492753623,690
2016-05-04,18.09224215246644,669
2016-05-05,15.92751660026564,753
2016-05-06,14.170683937823792,965
2016-05-07,12.994308943089413,738
2016-05-08,13.955185873605986,538
2016-05-09,14.858880368098175,652
2016-05-10,15.654717477003983,761
2016-05-11,16.599899280575517,695
2016-05-12,18.14800771208228,778
2016-05-13,19.29432463110112,881
2016-05-14,17.807947295423,721
2016-05-15,16.433601973684244,608
2016-05-16,16.4774249605055,633
2016-05-17,17.2001317523056,759
2016-05-18,18.731132867132853,715
2016-05-19,19.926432432432453,740
2016-05-20,17.097198660714277,896
2016-05-21,13.341084656084673,756
2016-05-22,12.898338870431896,602
2016-05-23,14.26859259259256,675
2016-05-24,14.59253878702397,709
2016-05-25,14.345190409026802,709
2016-05-26,14.69461139896372,772
2016-05-27,16.591418269230783,832
2016-05-28,18.219588068181803,704
2016-05-29,18.65906793048974,633
2016-05-30,18.863902439024343,533
2016-05-31,19.935460797799085,727
2016-06-01,21.311312101910726,785
2016-06-02,21.13432114882504,766
2016-06-03,22.66262543757289,857
2016-06-04,24.77097428958042,739
2016-06-05,24.66436666666669,600
2016-06-06,22.030258152173925,736
2016-06-07,20.492655601659674,723
2016-06-08,20.61269601100407,727
2016-06-09,19.77156010230168,782
2016-06-10,19.507158712541614,901
2016-06-11,18.831074130105858,661
2016-06-12,19.03899841017485,629
2016-06-13,18.47194326241133,705
2016-06-14,18.262347949080667,707
2016-06-15,17.137903682719568,706
2016-06-16,15.8635595390524,781
2016-06-17,17.75539833531507,841
2016-06-18,20.316147308781844,706
2016-06-19,22.13756666666679,600
2016-06-20,25.874926568758237,749
2016-06-21,27.052002635046144,759
2016-06-22,25.379809384164222,682
2016-06-23,23.53911409395972,745
2016-06-24,22.096065773447005,821
2016-06-25,21.90040446304039,717
2016-06-26,23.5803407155025,587
2016-06-27,25.589537815126,714
2016-06-28,26.379151599443627,719
2016-06-29,26.228005319148924,752
2016-06-30,24.70667503136758,797
2016-07-01,24.288947990543676,846
2016-07-02,22.829240687678965,698
2016-07-03,22.146158631415275,643
2016-07-04,21.993194945848327,554
2016-07-05,21.293337801608576,746
2016-07-06,20.609746835443097,790
2016-07-07,20.35742227979267,772
2016-07-08,20.542509907529602,757
2016-07-09,21.705221745350446,699
2016-07-10,22.19136363636366,550
2016-07-11,21.15515235457056,722
2016-07-12,21.58684971098272,692
2016-07-13,21.24737681159415,690
2016-07-14,23.41935929648244,796
2016-07-15,24.17913921360255,941
2016-07-16,23.51011251758089,711
2016-07-17,22.371937406855434,671
2016-07-18,21.359644322845487,731
2016-07-19,21.757354925775996,741
2016-07-20,22.731091370558378,788
2016-07-21,24.307954830614726,797
2016-07-22,24.685024999999996,800
2016-07-23,26.272470119522012,753
2016-07-24,26.65775834658185,629
2016-07-25,25.77056338028166,710
2016-07-26,25.592777777777822,774
2016-07-27,27.061510611735283,801
2016-07-28,27.722448717948673,780
2016-07-29,27.298541666666658,912
2016-07-30,27.36341997264016,731
2016-07-31,25.90821917808217,657
2016-08-01,24.359694019471497,719
2016-08-02,24.112059238363926,709
2016-08-03,23.61445409429289,806
2016-08-04,23.64961741424803,758
2016-08-05,22.443973362930087,901
2016-08-06,21.595739247311876,744
2016-08-07,21.734597523219758,646
2016-08-08,21.71829234972669,732
2016-08-09,21.661005509641964,726
2016-08-10,21.388890392422155,739
2016-08-11,21.406658291457315,796
2016-08-12,22.09390697674425,860
2016-08-13,23.58379001280421,781
2016-08-14,25.903040847201172,661
2016-08-15,26.62563909774444,798
2016-08-16,25.665825747724416,769
2016-08-17,25.000331210191067,785
2016-08-18,25.01759852216745,812
2016-08-19,23.780711785297537,857
2016-08-20,23.469946164199147,743
2016-08-21,23.37053651266765,671
2016-08-22,23.17794630872479,745
2016-08-23,22.39775665399241,789
2016-08-24,22.55041666666663,744
2016-08-25,22.69549653579676,866
2016-08-26,21.449988479262693,868
2016-08-27,20.354115168539334,712
2016-08-28,20.682965964343566,617
2016-08-29,22.463101673101676,777
2016-08-30,23.662758620689562,812
2016-08-31,24.487061668681992,827
2016-09-01,23.696743674367408,909
2016-09-02,22.282499999999942,912
2016-09-03,21.05129395218003,711
2016-09-04,18.85480801335558,599
2016-09-05,17.732105263157873,570
2016-09-06,18.697500000000023,844
2016-09-07,21.17746287128715,808
2016-09-08,22.573679012345625,810
2016-09-09,21.616472602739666,876
2016-09-10,22.14457796852655,699
2016-09-11,22.73477815699659,586
2016-09-12,21.071915184678662,731
2016-09-13,17.463178191489362,752
2016-09-14,16.542706766917266,798
2016-09-15,18.13037383177568,856
2016-09-16,19.65909482758621,928
2016-09-17,20.832078580481557,789
2016-09-18,22.794897058823572,680
2016-09-19,25.545950840879637,773
2016-09-20,25.612520710059133,845
2016-09-21,23.280776196636506,773
2016-09-22,20.730381861575133,838
2016-09-23,17.438038379531,938
2016-09-24,18.46583668005357,747
2016-09-25,21.653180428134643,654
2016-09-26,24.50692307692312,806
2016-09-27,25.977573616018883,849
2016-09-28,25.231367924528225,848
2016-09-29,23.56204572803861,831
2016-09-30,22.60032091097322,966
2016-10-01,21.149397435897434,780
2016-10-02,18.47968277945618,662
2016-10-03,16.15564650059316,843
2016-10-04,15.871556962025279,790
2016-10-05,16.576460606060532,825
2016-10-06,16.03641053787046,911
2016-10-07,18.160803382663843,946
2016-10-08,20.760644736842032,760
2016-10-09,22.61541329011351,617
2016-10-10,22.711090670170893,761
2016-10-11,20.804903381642564,828
2016-10-12,17.241778058007576,793
2016-10-13,16.314747225647345,811
2016-10-14,17.473444444444404,1080
2016-10-15,17.172813238770775,846
2016-10-16,17.049846743295006,783
2016-10-17,17.18663253697377,879
2016-10-18,16.221961290322454,775
2016-10-19,16.007412223667096,769
2016-10-20,18.38902122641506,848
2016-10-21,20.330586510263963,1023
2016-10-22,20.586341145833387,768
2016-10-23,18.840861581920873,708
2016-10-24,18.37226817042614,798
2016-10-25,16.9697730138714,793
2016-10-26,17.346363636363673,781
2016-10-27,18.419026651216733,863
2016-10-28,18.220068426197543,1023
2016-10-29,17.06877300613497,652
2016-10-30,17.60911940298508,670
2016-10-31,15.540477941176531,816
2016-11-01,14.081391941391962,819
2016-11-02,13.738831325301149,830
2016-11-03,15.288058823529473,850
2016-11-04,17.50268115942033,966
2016-11-05,18.45023899371063,795
2016-11-06,17.53988853503184,628
2016-11-07,16.487888748419714,791
2016-11-08,18.137644341801398,866
2016-11-09,19.479408740359858,778
2016-11-10,20.13463146314626,909
2016-11-11,20.04213896457766,734
2016-11-12,19.332524964336667,701
2016-11-13,18.376321839080475,609
2016-11-14,18.654526946107776,835
2016-11-15,18.353494282083812,787
2016-11-16,16.675791411042958,815
2016-11-17,12.845425531914918,940
2016-11-18,11.18251798561149,973
2016-11-19,12.618481012658187,790
2016-11-20,13.88527173913043,920
2016-11-21,13.373063829787275,940
2016-11-22,11.974999999999998,876
2016-11-23,11.370799536500597,863
2016-11-24,11.660606653620365,511
2016-11-25,11.413170731707304,492
2016-11-26,11.007352572145534,797
2016-11-27,9.335053333333317,750
2016-11-28,9.530434210526348,760
2016-11-29,9.223003802281353,789
2016-11-30,9.219801734820283,807
2016-12-01,9.555666666666689,780
2016-12-02,9.15106981981984,888
2016-12-03,8.062268041237095,679
2016-12-04,9.337916666666654,552
2016-12-05,11.884272844272845,777
2016-12-06,9.761400000000041,800
2016-12-07,8.690908004778983,837
2016-12-08,7.915839350180551,1108
2016-12-09,11.048673469387715,980
2016-12-10,12.650850801479677,811
2016-12-11,12.82901581722323,569
2016-12-12,11.596394293125813,771
2016-12-13,10.890968169761317,754
2016-12-14,11.408007518797008,798
2016-12-15,13.218034623217871,982
2016-12-16,13.243563829787185,1128
2016-12-17,9.507068493150722,730
2016-12-18,5.092354948805449,586
2016-12-19,5.616225961538458,832
2016-12-20,7.236495619524402,799
2016-12-21,9.741897891231927,901
2016-12-22,10.988648090815293,969
2016-12-23,9.522524950099818,1002
2016-12-24,9.0941538461538,715
2016-12-25,5.40822072072072,444
2016-12-26,4.043613281250006,512
2016-12-27,6.005230061349697,652
2016-12-28,8.014025559105413,626
2016-12-29,9.873284023668655,676
2016-12-30,11.563615160349853,686
2016-12-31,10.676488095238089,672
2017-01-01,6.424800693240891,577
2017-01-02,5.776027667984182,506
2017-01-03,8.567500000000011,684
2017-01-04,9.857783783783747,740
2017-01-05,8.439097744360883,798
2017-01-06,6.708304878048786,820
2017-01-07,9.202561349693216,652
2017-01-08,13.233122028526143,631
2017-01-09,11.189894179894122,756
2017-01-10,10.532544303797504,790
2017-01-11,10.215845410628063,828
2017-01-12,8.100902934537228,886
2017-01-13,7.44252849740934,965
2017-01-14,8.936084905660351,636
2017-01-15,7.7602092050208995,478
2017-01-16,7.722236363636353,550
2017-01-17,8.570851351351381,740
2017-01-18,8.615579196217496,846
2017-01-19,8.968982300884951,904
2017-01-20,8.13152127659575,940
2017-01-21,7.933081232492992,714
2017-01-22,8.617901524032755,853
2017-01-23,6.437804583835955,829
2017-01-24,5.466745635910197,802
2017-01-25,6.0731091370557975,788
2017-01-26,6.12349226804125,776
2017-01-27,6.248836405529961,868
2017-01-28,8.585174927113716,686
2017-01-29,10.213118081180811,542
2017-01-30,11.682406209573077,773
2017-01-31,12.559886792452776,795
2017-02-01,11.469705488621136,747
2017-02-02,11.137581453634079,798
2017-02-03,11.849788182831688,897
2017-02-04,11.185734375000019,640
2017-02-05,10.409019230769216,520
2017-02-06,11.341034047919266,793
2017-02-07,12.957848258706482,804
2017-02-08,14.604192256341795,749
2017-02-09,14.896054590570744,806
2017-02-10,12.410534441805202,842
2017-02-11,10.577581967213128,732
2017-02-12,10.531811460258767,541
2017-02-13,12.245075757575783,660
2017-02-14,12.80121323529412,816
2017-02-15,14.21272606382977,752
2017-02-16,13.03994594594595,740
2017-02-17,10.329611553784837,1004
2017-02-18,9.561021341463423,656
2017-02-19,9.455534709193248,533
2017-02-20,11.608251366120188,732
2017-02-21,11.518343558282202,815
2017-02-22,8.54494208494206,777
2017-02-23,5.791071913161461,737
2017-02-24,6.507995310668226,853
2017-02-25,7.146798732171141,631
2017-02-26,7.335750853242321,586
2017-02-27,7.828261405672031,811
2017-02-28,8.030488126649072,758
2017-03-01,9.575330687830707,756
2017-03-02,11.423220551378439,798
2017-03-03,12.621051428571453,875
2017-03-04,11.236066481994447,722
2017-03-05,7.221590909090931,660
2017-03-06,7.282873274780426,797
2017-03-07,10.790549597855282,746
2017-03-08,13.98785809906295,747
2017-03-09,16.28458186101297,849
2017-03-10,16.20526439482968,851
2017-03-11,16.13272020725388,772
2017-03-12,16.246884498480252,658
2017-03-13,18.235652741514382,766
2017-03-14,18.905299760191816,834
2017-03-15,17.444042838018664,747
2017-03-16,15.984929757343517,783
2017-03-17,16.951915983606618,976
2017-03-18,15.72446002805052,713
2017-03-19,15.212754919499087,559
2017-03-20,13.277997432605906,779
2017-03-21,13.381780219780198,910
2017-03-22,11.755045146726891,886
2017-03-23,10.871903520208585,767
2017-03-24,11.836560509554138,942
2017-03-25,12.043750000000001,744
2017-03-26,12.100608695652115,575
2017-03-27,11.840683403068333,717
2017-03-28,13.226637824474732,809
2017-03-29,15.424637146371456,813
2017-03-30,13.101834319526635,845
2017-03-31,11.806897347174141,867
2017-04-01,14.578538922155724,835
2017-04-02,15.113425076452542,654
2017-04-03,13.056205997392455,767
2017-04-04,14.562433936022336,719
2017-04-05,16.88619718309852,781
2017-04-06,14.812002301495996,869
2017-04-07,13.11210953346858,986
2017-04-08,10.699339498018489,757
2017-04-09,10.636799276672715,553
2017-04-10,13.732555555555548,720
2017-04-11,14.20012857142855,700
2017-04-12,14.19016786570739,834
2017-04-13,11.800426008968657,892
2017-04-14,11.379657282741736,817
2017-04-15,13.734814814814857,729
2017-04-16,14.432507598784216,658
2017-04-17,14.302809523809543,840
2017-04-18,14.34368152866251,785
2017-04-19,14.595467914438538,748
2017-04-20,14.82675862068969,870
2017-04-21,17.087499999999967,840
2017-04-22,17.563297730307045,749
2017-04-23,15.174265842349316,647
2017-04-24,13.879824324324307,740
2017-04-25,14.197446197991349,697
2017-04-26,15.870262828535683,799
2017-04-27,15.93579268292682,820
2017-04-28,15.276345945945998,925
2017-04-29,16.291732484076487,785
2017-04-30,17.768914728682105,645
2017-05-01,19.01022360248439,805
2017-05-02,20.273274336283176,904
2017-05-03,21.525762124711328,866
2017-05-04,20.338852459016348,793
2017-05-05,16.413986562150104,893
2017-05-06,12.019536516853933,712
2017-05-07,11.709183168316804,808
2017-05-08,15.245231788079428,755
2017-05-09,16.19587261146494,785
2017-05-10,15.209217948717972,780
2017-05-11,15.603518284993628,793
2017-05-12,14.234950385887498,907
2017-05-13,13.582196029776668,806
2017-05-14,13.084068627450986,612
2017-05-15,12.470423841059622,755
2017-05-16,12.757325268817203,744
2017-05-17,13.729361147327252,767
2017-05-18,16.260327272727224,825
2017-05-19,19.28755921730177,971
2017-05-20,21.420457079152655,897
2017-05-21,21.928426626323688,661
2017-05-22,21.37744655581956,842
2017-05-23,21.649881376037996,843
2017-05-24,18.177859778597863,813
2017-05-25,14.894572864321663,796
2017-05-26,15.01569977426644,886
2017-05-27,16.735357142857115,728
2017-05-28,18.542015999999993,625
2017-05-29,18.449500860585136,581
2017-05-30,17.218592592592543,810
2017-05-31,17.011449086161818,766
2017-06-01,18.2775311720699,802
2017-06-02,20.171523915461677,899
2017-06-03,20.245175552665824,769
2017-06-04,19.67684892086329,695
2017-06-05,19.626396508728185,802
2017-06-06,19.15311231393772,739
2017-06-07,17.779316353887392,746
2017-06-08,16.894860646599792,897
2017-06-09,17.685824053452148,898
2017-06-10,15.729338959212344,711
2017-06-11,14.08095168374815,683
2017-06-12,15.319797979797979,693
2017-06-13,18.167366412213777,786
2017-06-14,20.709471788715415,833
2017-06-15,21.853552915766805,926
2017-06-16,23.94487019730012,963
2017-06-17,24.64530266343822,826
2017-06-18,26.62457386363643,704
2017-06-19,26.347379619260995,893
2017-06-20,26.040368171021374,842
2017-06-21,25.718723667905724,807
2017-06-22,25.11523284313713,816
2017-06-23,23.996892052194422,843
2017-06-24,24.398102766798424,759
2017-06-25,24.907657393850645,683
2017-06-26,24.103783439490414,785
2017-06-27,22.650214375788142,793
2017-06-28,21.02463010204078,784
2017-06-29,20.5242839352429,803
2017-06-30,21.268985042734986,936
2017-07-01,21.131606022584545,797
2017-07-02,21.27029548989111,643
2017-07-03,22.803299120234648,682
2017-07-04,23.780415224913494,578
2017-07-05,24.367409200968567,826
2017-07-06,25.971101265822778,790
2017-07-07,28.190806451613028,868
2017-07-08,28.191127717391343,736
2017-07-09,25.175202020201972,594
2017-07-10,24.993354510800447,787
2017-07-11,24.15101553166084,837
2017-07-12,23.49405372405374,819
2017-07-13,23.746646489104133,826
2017-07-14,24.386637837837938,925
2017-07-15,25.816428571428464,770
2017-07-16,26.480400593471735,674
2017-07-17,24.90642409033875,797
2017-07-18,23.1958291457286,796
2017-07-19,23.26627672955979,795
2017-07-20,22.77837342497125,873
2017-07-21,23.010289555325762,967
2017-07-22,24.593873417721596,790
2017-07-23,25.21347280334724,717
2017-07-24,22.873457446808516,752
2017-07-25,23.04340760157271,763
2017-07-26,23.9470065359476,765
2017-07-27,25.09899305555567,864
2017-07-28,24.17758469945343,915
2017-07-29,23.47863013698618,803
2017-07-30,24.553186119873732,634
2017-07-31,25.47865546218487,714
2017-08-01,27.143198482932956,791
2017-08-02,26.573162612035752,781
2017-08-03,25.47436635944696,868
2017-08-04,25.54587058823521,850
2017-08-05,24.403350854139333,761
2017-08-06,23.748692307692362,650
2017-08-07,23.447859872611446,785
2017-08-08,23.69131258457379,739
2017-08-09,23.434421593830358,778
2017-08-10,23.78189285714275,840
2017-08-11,24.257263267429703,961
2017-08-12,23.618561354019832,709
2017-08-13,22.696676783004648,659
2017-08-14,20.207369093231122,783
2017-08-15,19.417046632124414,772
2017-08-16,20.61625634517764,788
2017-08-17,22.728541176470475,850
2017-08-18,23.147890204520994,929
2017-08-19,22.455215782983927,811
2017-08-20,22.081141924959248,613
2017-08-21,22.316575875486397,771
2017-08-22,23.319525547445288,822
2017-08-23,22.187103030303017,825
2017-08-24,22.402738238841945,829
2017-08-25,23.329381551362747,954
2017-08-26,26.399999999999963,748
2017-08-27,28.01310618066555,631
2017-08-28,28.818940628638018,859
2017-08-29,28.073772455089916,835
2017-08-30,27.240507425742596,808
2017-08-31,28.254298342541404,905
2017-09-01,30.554705882352952,1003
2017-09-02,30.761100917431236,763
2017-09-03,28.434416000000063,625
2017-09-04,25.132232824427497,524
2017-09-05,25.231145833333233,960
2017-09-06,24.516113636363613,880
2017-09-07,23.227997671711368,859
2017-09-08,22.428046783625767,855
2017-09-09,22.943918367346953,735
2017-09-10,25.4947185430464,604
2017-09-11,26.113242937853105,885
2017-09-12,24.218730904817917,851
2017-09-13,20.855006353240086,787
2017-09-14,19.11894736842113,855
2017-09-15,19.35089000000001,1000
2017-09-16,19.85608465608465,756
2017-09-17,19.99871601208464,662
2017-09-18,19.616898203592786,835
2017-09-19,18.598728813559315,826
2017-09-20,18.347255594817415,849
2017-09-21,16.387555309734495,904
2017-09-22,15.655554445554447,1001
2017-09-23,16.521601016518368,787
2017-09-24,18.73532724505328,657
2017-09-25,20.27551282051284,858
2017-09-26,21.690242214532823,867
2017-09-27,22.59855737704916,915
2017-09-28,22.914345549738258,955
2017-09-29,21.70657398212508,1007
2017-09-30,19.915764993880053,817
2017-10-01,18.463014925373127,670
2017-10-02,17.177312775330233,908
2017-10-03,16.134385342789628,846
2017-10-04,17.544086687306603,969
2017-10-05,19.36699999999997,920
2017-10-06,21.245014409221923,1041
2017-10-07,21.8710157194679,827
2017-10-08,18.574185393258418,712
2017-10-09,18.53845177664972,788
2017-10-10,19.189323220536767,857
2017-10-11,17.1728490351873,881
2017-10-12,16.04400214592271,932
2017-10-13,16.91420432220033,1018
2017-10-14,18.58258724428404,831
2017-10-15,20.730849582172645,718
2017-10-16,22.095094760312083,897
2017-10-17,22.41797497155871,879
2017-10-18,20.128380651945324,951
2017-10-19,16.976089813800705,913
2017-10-20,14.752596934174875,1109
2017-10-21,15.487066508313498,842
2017-10-22,18.94229483282676,658
2017-10-23,22.936698014629084,957
2017-10-24,24.626016684046014,959
2017-10-25,24.062389937106893,954
2017-10-26,22.926693467336552,995
2017-10-27,22.03242105263151,1140
2017-10-28,20.83377171215888,806
2017-10-29,18.215494830132936,677
2017-10-30,14.967483069977309,886
2017-10-31,14.949180695847387,891
2017-11-01,14.93665497076028,855
2017-11-02,14.22040816326524,882
2017-11-03,14.007238001958827,1021
2017-11-04,13.799748427672935,795
2017-11-05,12.263169642857079,672
2017-11-06,13.478182795698922,930
2017-11-07,14.192422907488954,908
2017-11-08,15.157082872928157,905
2017-11-09,14.814972273567513,1082
2017-11-10,14.273351769911516,904
2017-11-11,14.086334563345657,813
2017-11-12,14.010147783251234,609
2017-11-13,14.892026726057797,898
2017-11-14,15.272030927834953,970
2017-11-15,16.171785714285722,952
2017-11-16,15.111359649122791,1140
2017-11-17,13.147628259041213,1189
2017-11-18,12.892260981912086,774
2017-11-19,13.257600619195035,646
2017-11-20,15.317586206896571,899
2017-11-21,18.18258585858584,990
2017-11-22,20.163311004784646,1045
2017-11-23,19.60516637478106,571
2017-11-24,18.14676079734222,602
2017-11-25,18.510937019969344,651
2017-11-26,16.36711886304915,774
2017-11-27,11.6282831325301,996
2017-11-28,12.051027811366405,827
2017-11-29,12.762400482509047,829
2017-11-30,13.221499409681211,847
2017-12-01,14.257269035533035,985
2017-12-02,14.11396301188902,757
2017-12-03,11.08662595419844,655
2017-12-04,9.596554347826094,920
2017-12-05,10.333726114649709,942
2017-12-06,11.632582359192403,941
2017-12-07,12.179387331256502,963
2017-12-08,12.817020447906549,1027
2017-12-09,13.479138149556388,789
2017-12-10,13.637694915254302,590
2017-12-11,14.16928825622771,843
2017-12-12,13.149956989247315,930
2017-12-13,13.30089567966275,949
2017-12-14,13.240101214574851,988
2017-12-15,13.398625498007934,1004
2017-12-16,10.830541561712844,794
2017-12-17,10.225810810810831,666
2017-12-18,11.642796976241868,926
2017-12-19,11.54246606334844,884
2017-12-20,8.378170854271358,995
2017-12-21,6.6493555316863375,931
2017-12-22,8.114143302180699,963
2017-12-23,9.611543624161078,745
2017-12-24,11.322017391304337,575
2017-12-25,11.423215962441306,426
2017-12-26,11.87462750716334,698
2017-12-27,13.066256906077331,724
2017-12-28,13.455809659090901,704
2017-12-29,14.696541143654077,717
2017-12-30,13.867106164383591,584
2017-12-31,12.60542735042737,468
