2010-01-01,9.139999999999999,6
2010-01-02,9.895227272727267,0
2010-01-03,8.48928571428572,0
2010-01-04,10.335862068965515,0
2010-01-05,10.328837209302323,0
2010-01-06,10.800769230769236,0
2010-01-07,10.24666666666667,0
2010-01-08,9.97,1
2010-01-09,10.65862745098039,0
2010-01-10,11.537435897435898,0
2010-01-11,9.74,1
2010-01-12,11.627142857142857,7
2010-01-13,9.511818181818182,11
2010-01-14,9.09297297297297,0
2010-01-15,9.710754716981134,0
2010-01-16,9.775937500000001,0
2010-01-17,7.801111111111112,36
2010-01-18,7.884347826086958,46
2010-01-19,6.072962962962965,27
2010-01-20,6.617500000000001,32
2010-01-21,5.473478260869564,23
2010-01-22,4.614117647058824,17
2010-01-23,5.547499999999999,4
2010-01-24,5.5175,4
2010-01-25,5.665,6
2010-01-26,8.005454545454546,11
2010-01-27,5.24,2
2010-01-28,7.648913043478261,0
2010-01-29,9.48,1
2010-01-30,8.275,2
2010-01-31,6.652195121951221,0
2010-02-01,8.215090909090907,0
2010-02-02,8.605135135135134,0
2010-02-03,8.893999999999997,0
2010-02-04,8.602,10
2010-02-05,8.216969696969697,33
2010-02-06,8.664375000000001,16
2010-02-07,6.42675675675676,0
2010-02-08,6.91,1
2010-02-09,5.878666666666665,15
2010-02-10,6.314186046511626,0
2010-02-11,7.0200000000000005,0
2010-02-12,10.466666666666667,6
2010-02-13,11.30965517241379,0
2010-02-14,11.345999999999993,0
2010-02-15,12.293488372093023,0
2010-02-16,12.857924528301888,0
2010-02-17,12.66666666666667,0
2010-02-18,11.854399999999996,0
2010-02-19,8.484285714285713,7
2010-02-20,9.22,1
2010-02-21,8.396666666666667,3
2010-02-22,6.51413043478261,0
2010-02-23,6.413529411764706,17
2010-02-24,7.456153846153847,13
2010-02-25,9.55,1
2010-02-26,9.187058823529414,17
2010-02-27,7.7844,25
2010-02-28,10.017619047619048,0
2010-03-01,10.326363636363634,0
2010-03-02,8.385,8
2010-03-03,7.354117647058826,17
2010-03-04,5.481525423728813,0
2010-03-05,6.833392857142855,0
2010-03-06,6.712857142857144,7
2010-03-07,3.11,1
2010-03-08,6.89,1
2010-03-09,7.25,1
2010-03-10,5.378444444444447,0
2010-03-11,7.703720930232559,0
2010-03-12,7.172,10
2010-03-13,6.368985507246377,0
2010-03-14,7.723157894736842,0
2010-03-15,11.991896551724132,0
2010-03-16,14.025272727272739,0
2010-03-17,15.088181818181818,0
2010-03-18,13.195538461538462,0
2010-03-19,12.999285714285715,0
2010-03-20,13.141590909090915,0
2010-03-21,12.962599999999998,0
2010-03-22,12.160851063829783,0
2010-03-23,12.481296296296291,0
2010-03-24,10.41,1
2010-03-25,9.97,1
2010-03-26,9.299610389610397,0
2010-03-27,11.181428571428567,0
2010-03-28,13.726458333333335,0
2010-03-29,11.59,1
2010-03-30,6.445,2
2010-03-31,7.083333333333333,3
2010-04-01,8.216666666666667,3
2010-04-02,6.955714285714286,7
2010-04-03,8.175666666666668,0
2010-04-04,6.12,9
2010-04-05,8.078000000000001,10
2010-04-06,9.301400000000001,0
2010-04-07,12.41169491525424,0
2010-04-08,13.450757575757573,0
2010-04-09,13.465744680851058,0
2010-04-10,10.726909090909095,0
2010-04-11,8.879375,16
2010-04-12,8.900476190476192,21
2010-04-13,9.312166666666666,0
2010-04-14,10.82107692307692,0
2010-04-15,12.814590163934415,0
2010-04-16,12.78460317460316,0
2010-04-17,14.13407407407408,0
2010-04-18,15.791923076923073,0
2010-04-19,14.431219512195124,0
2010-04-20,10.003571428571428,14
2010-04-21,6.716923076923077,13
2010-04-22,8.238333333333333,6
2010-04-23,12.141228070175435,0
2010-04-24,13.941857142857137,0
2010-04-25,15.890909090909094,0
2010-04-26,15.35,1
2010-04-27,11.815000000000001,2
2010-04-28,6.8475,4
2010-04-29,7.878305084745761,0
2010-04-30,10.617258064516136,0
2010-05-01,12.548490566037735,0
2010-05-02,14.778333333333327,0
2010-05-03,16.95587301587301,0
2010-05-04,16.62147540983607,0
2010-05-05,14.34927272727273,0
2010-05-06,13.204675324675328,0
2010-05-07,16.159473684210532,0
2010-05-08,14.206037735849067,0
2010-05-09,10.44,1
2010-05-10,10.2375,4
2010-05-11,9.951632653061221,0
2010-05-12,16.01,1
2010-05-13,16.868113207547175,0
2010-05-14,16.956615384615393,0
2010-05-15,18.110701754385968,0
2010-05-16,16.894117647058838,0
2010-05-17,11.436666666666667,6
2010-05-18,13.301250000000003,8
2010-05-19,10.105,2
2010-05-20,16.445098039215697,0
2010-05-21,12.587812500000007,0
2010-05-22,10.002500000000001,0
2010-05-23,9.98,1
2010-05-24,11.4945652173913,0
2010-05-25,11.615,6
2010-05-26,9.105,2
2010-05-27,9.555833333333332,12
2010-05-28,12.685399999999998,0
2010-05-29,16.31784313725489,0
2010-05-30,19.29314814814815,0
2010-05-31,18.550638297872343,0
2010-06-01,17.732222222222216,0
2010-06-02,19.218688524590153,0
2010-06-03,20.409464285714282,0
2010-06-04,14.29,1
2010-06-05,22.765517241379317,0
2010-06-06,23.12444444444444,0
2010-06-07,21.03913043478261,0
2010-06-08,20.253255813953487,0
2010-06-09,17.72244444444445,0
2010-06-10,16.246,0
2010-06-11,17.533012048192774,0
2010-06-12,18.841296296296296,0
2010-06-13,21.800652173913043,0
2010-06-14,23.40203389830508,0
2010-06-15,19.951694915254237,0
2010-06-16,18.393518518518523,0
2010-06-17,19.593636363636374,0
2010-06-18,18.554084507042248,0
2010-06-19,17.040410958904094,0
2010-06-20,18.260555555555555,0
2010-06-21,19.322666666666656,0
2010-06-22,21.53473684210527,0
2010-06-23,22.881607142857145,0
2010-06-24,21.32021276595744,0
2010-06-25,21.134657534246575,0
2010-06-26,22.42876712328766,0
2010-06-27,26.812340425531925,0
2010-06-28,26.51046153846152,0
2010-06-29,24.294693877551026,0
2010-06-30,23.256909090909097,0
2010-07-01,22.565964912280716,0
2010-07-02,21.61253968253971,0
2010-07-03,21.627021276595734,0
2010-07-04,23.46488372093024,0
2010-07-05,23.711875000000003,0
2010-07-06,18.87,1
2010-07-07,19.29,2
2010-07-08,22.74728813559322,0
2010-07-09,24.032807017543877,0
2010-07-10,25.613863636363632,0
2010-07-11,25.646341463414622,0
2010-07-12,24.675384615384605,0
2010-07-13,24.038245614035105,0
2010-07-14,26.90298701298704,0
2010-07-15,28.96803278688526,0
2010-07-16,29.606376811594213,0
2010-07-17,28.046440677966103,0
2010-07-18,28.492033898305095,0
2010-07-19,26.45388888888891,0
2010-07-20,24.307608695652192,0
2010-07-21,22.723934426229516,0
2010-07-22,23.13483333333333,0
2010-07-23,25.231896551724137,0
2010-07-24,26.499999999999996,0
2010-07-25,24.241999999999997,0
2010-07-26,22.29891304347825,0
2010-07-27,22.84277777777779,0
2010-07-28,22.04196078431372,0
2010-07-29,23.367704918032768,0
2010-07-30,24.047283950617278,0
2010-07-31,22.412499999999998,0
2010-08-01,23.103095238095232,0
2010-08-02,24.165901639344263,0
2010-08-03,25.002777777777784,0
2010-08-04,24.506140350877182,0
2010-08-05,22.5340579710145,0
2010-08-06,23.10494382022473,0
2010-08-07,21.71956521739132,0
2010-08-08,20.7821052631579,0
2010-08-09,21.949473684210535,0
2010-08-10,22.02520833333334,0
2010-08-11,20.928999999999995,0
2010-08-12,22.072931034482757,0
2010-08-13,23.342777777777755,0
2010-08-14,22.663698630136988,0
2010-08-15,23.14775510204083,0
2010-08-16,25.184827586206872,0
2010-08-17,27.211571428571443,0
2010-08-18,24.075507246376826,0
2010-08-19,25.139041095890423,0
2010-08-20,25.240526315789467,0
2010-08-21,23.778000000000002,0
2010-08-22,23.633518518518517,0
2010-08-23,27.201643835616462,0
2010-08-24,30.56736111111108,0
2010-08-25,30.34,1
2010-08-26,27.61188405797101,0
2010-08-27,24.618354430379767,0
2010-08-28,17.721764705882364,0
2010-08-29,17.108545454545457,0
2010-08-30,17.87745098039216,0
2010-08-31,20.928260869565225,0
2010-09-01,24.921830985915474,0
2010-09-02,26.911333333333328,0
2010-09-03,27.023037974683554,0
2010-09-04,25.664999999999996,0
2010-09-05,23.239545454545453,0
2010-09-06,23.745892857142845,0
2010-09-07,20.615416666666672,0
2010-09-08,17.44616666666668,0
2010-09-09,16.825178571428573,0
2010-09-10,20.184166666666655,0
2010-09-11,22.604210526315786,0
2010-09-12,21.9643137254902,0
2010-09-13,20.71716216216216,0
2010-09-14,20.817951807228923,0
2010-09-15,21.18744186046514,0
2010-09-16,21.745851063829797,0
2010-09-17,21.265633802816883,0
2010-09-18,21.43433734939758,0
2010-09-19,18.25,1
2010-09-20,19.650158730158736,0
2010-09-21,16.84,1
2010-09-22,14.34,1
2010-09-23,19.099264705882348,0
2010-09-24,23.147234042553166,0
2010-09-25,25.723076923076924,0
2010-09-26,26.977599999999992,0
2010-09-27,28.710833333333326,0
2010-09-28,28.6641379310345,0
2010-09-29,28.181111111111093,0
2010-09-30,25.18952380952382,0
2010-10-01,26.99,1
2010-10-02,26.935000000000002,2
2010-10-03,23.14,3
2010-10-04,15.577692307692306,13
2010-10-05,11.89222222222222,9
2010-10-06,13.507333333333332,15
2010-10-07,8.12,1
2010-10-08,16.434225352112673,0
2010-10-09,19.74723404255319,0
2010-10-10,21.639821428571427,0
2010-10-11,23.143620689655176,0
2010-10-12,23.176565656565685,0
2010-10-13,23.599814814814838,0
2010-10-14,24.081372549019616,0
2010-10-15,20.57,1
2010-10-16,18.764,5
2010-10-17,14.595833333333331,12
2010-10-18,14.876,5
2010-10-19,16.098125,16
2010-10-20,14.374,5
2010-10-21,14.52,2
2010-10-22,13.334999999999999,6
2010-10-23,11.116153846153846,13
2010-10-24,14.309090909090912,22
2010-10-25,13.709999999999999,6
2010-10-26,11.236567164179107,0
2010-10-27,12.278208955223885,0
2010-10-28,13.01,1
2010-10-29,14.02,5
2010-10-30,11.834166666666667,12
2010-10-31,12.501562499999993,0
2010-11-01,15.748026315789485,0
2010-11-02,17.93305555555556,0
2010-11-03,19.57982142857144,0
2010-11-04,20.66369230769231,0
2010-11-05,18.966835443037972,0
2010-11-06,14.53,1
2010-11-07,12.148181818181818,11
2010-11-08,7.6775,4
2010-11-09,9.083333333333334,3
2010-11-10,8.662465753424657,0
2010-11-11,9.164117647058822,0
2010-11-12,10.840000000000002,0
2010-11-13,11.830000000000002,0
2010-11-14,13.915800000000006,0
2010-11-15,15.411694915254241,0
2010-11-16,13.889090909090909,0
2010-11-17,12.78370370370371,0
2010-11-18,12.83333333333335,0
2010-11-19,8.5988,25
2010-11-20,8.310571428571427,35
2010-11-21,5.961666666666667,6
2010-11-22,7.2,3
2010-11-23,6.302222222222222,9
2010-11-24,2.48,1
2010-11-25,2.964081632653062,0
2010-11-26,5.8088235294117645,0
2010-11-27,4.5200000000000005,12
2010-11-28,2.851333333333335,0
2010-11-29,2.9394444444444456,0
2010-11-30,6.080833333333334,0
2010-12-01,8.175901639344255,0
2010-12-02,7.513333333333334,9
2010-12-03,7.62,3
2010-12-04,10.784999999999998,6
2010-12-05,10.644000000000002,15
2010-12-06,9.542,5
2010-12-07,9.956417910447762,0
2010-12-08,9.926666666666668,9
2010-12-09,7.89,2
2010-12-10,11.450000000000001,3
2010-12-11,12.92,2
2010-12-12,12.89416666666667,0
2010-12-13,12.192833333333336,0
2010-12-14,8.778333333333334,6
2010-12-15,8.299999999999999,3
2010-12-16,7.83,2
2010-12-17,7.211666666666661,42
2010-12-18,9.933090909090907,55
2010-12-19,10.57027027027027,37
2010-12-20,6.819761904761901,42
2010-12-21,8.488000000000001,20
2010-12-22,8.726666666666665,30
2010-12-23,7.539402985074626,0
2010-12-24,7.837627118644068,0
2010-12-25,7.972222222222222,9
2010-12-26,7.615,2
2010-12-27,6.156481481481478,0
2010-12-28,6.228571428571428,14
2010-12-29,4.98111111111111,9
2010-12-30,-0.7812820512820511,0
2010-12-31,3.51,2
2011-01-01,2.8400000000000003,8
2011-01-02,3.4637500000000006,24
2011-01-03,6.36,2
2011-01-04,2.85903846153846,0
2011-01-05,4.396964285714288,0
2011-01-06,5.446206896551722,0
2011-01-07,5.947037037037038,0
2011-01-08,4.442972972972973,0
2011-01-09,3.781499999999999,0
2011-01-10,2.3816666666666686,0
2011-01-11,6.78,1
2011-01-12,7.986296296296303,0
2011-01-13,8.053999999999998,5
2011-01-14,9.984805194805205,0
2011-01-15,11.739130434782611,0
2011-01-16,13.060588235294123,0
2011-01-17,13.431249999999999,0
2011-01-18,11.678166666666664,0
2011-01-19,9.53,1
2011-01-20,8.381538461538458,0
2011-01-21,10.412394366197192,0
2011-01-22,10.759344262295084,0
2011-01-23,9.059000000000005,0
2011-01-24,10.347592592592594,0
2011-01-25,11.045862068965517,0
2011-01-26,9.700816326530616,0
2011-01-27,9.815961538461538,0
2011-01-28,10.073116883116887,0
2011-01-29,8.173333333333334,6
2011-01-30,6.623333333333334,18
2011-01-31,6.659855072463765,0
2011-02-01,6.30019230769231,0
2011-02-02,4.45157894736842,0
2011-02-03,6.223157894736838,0
2011-02-04,8.684477611940302,0
2011-02-05,10.717666666666664,0
2011-02-06,12.366857142857139,0
2011-02-07,12.557500000000005,0
2011-02-08,7.435789473684211,0
2011-02-09,6.6108474576271155,0
2011-02-10,7.2401666666666715,0
2011-02-11,9.045774647887315,0
2011-02-12,11.04622222222222,0
2011-02-13,10.546315789473686,0
2011-02-14,8.576153846153847,13
2011-02-15,7.844999999999999,6
2011-02-16,7.504347826086959,23
2011-02-17,5.348636363636363,22
2011-02-18,5.38861111111111,36
2011-02-19,4.958461538461538,26
2011-02-20,5.54,1
2011-02-21,4.815405405405405,0
2011-02-22,6.1043076923076915,0
2011-02-23,5.5173469387755105,0
2011-02-24,5.9,16
2011-02-25,4.9915217391304365,46
2011-02-26,3.855454545454545,11
2011-02-27,2.599545454545454,0
2011-02-28,6.284038461538459,0
2011-03-01,7.894999999999997,0
2011-03-02,7.740526315789475,19
2011-03-03,9.13467741935484,0
2011-03-04,10.699298245614033,0
2011-03-05,11.64,3
2011-03-06,10.349444444444446,18
2011-03-07,7.675000000000001,4
2011-03-08,9.958979591836732,0
2011-03-09,12.337826086956522,0
2011-03-10,13.20845070422535,0
2011-03-11,10.175921052631576,0
2011-03-12,9.54230769230769,0
2011-03-13,11.418000000000001,5
2011-03-14,13.58,3
2011-03-15,11.661874999999998,16
2011-03-16,7.84,1
2011-03-17,9.666981132075472,0
2011-03-18,7.628636363636366,22
2011-03-19,6.605,18
2011-03-20,6.720357142857144,28
2011-03-21,5.194285714285714,7
2011-03-22,8.14,2
2011-03-23,6.8084375,32
2011-03-24,6.017368421052632,19
2011-03-25,8.215000000000002,12
2011-03-26,7.690833333333334,12
2011-03-27,9.094285714285716,7
2011-03-28,9.78102040816327,0
2011-03-29,12.116862745098032,0
2011-03-30,15.412500000000005,0
2011-03-31,18.21839285714285,0
2011-04-01,19.879545454545475,0
2011-04-02,13.826486486486491,0
2011-04-03,11.48,1
2011-04-04,14.521599999999996,0
2011-04-05,14.676545454545453,0
2011-04-06,12.468372093023259,0
2011-04-07,5.250000000000001,11
2011-04-08,5.745,4
2011-04-09,6.49,1
2011-04-10,8.604107142857133,0
2011-04-11,11.041,0
2011-04-12,10.604146341463416,0
2011-04-13,7.996500000000006,0
2011-04-14,10.537826086956521,0
2011-04-15,13.86787878787878,0
2011-04-16,16.387611940298505,0
2011-04-17,16.468249999999994,0
2011-04-18,13.229038461538456,0
2011-04-19,14.359999999999998,0
2011-04-20,10.396666666666667,3
2011-04-21,12.8,1
2011-04-22,11.63,2
2011-04-23,8.53,2
2011-04-24,12.405,4
2011-04-25,11.566666666666668,3
2011-04-26,11.791944444444447,0
2011-04-27,12.674750000000005,0
2011-04-28,12.93942307692308,0
2011-04-29,10.523783783783777,0
2011-04-30,11.77,0
2011-05-01,14.264571428571431,0
2011-05-02,16.574181818181824,0
2011-05-03,17.18878787878789,0
2011-05-04,20.145238095238096,0
2011-05-05,21.580740740740744,0
2011-05-06,17.742133333333324,0
2011-05-07,14.168936170212767,0
2011-05-08,11.197142857142854,0
2011-05-09,10.716060606060607,0
2011-05-10,12.955882352941172,0
2011-05-11,14.499375000000002,0
2011-05-12,17.021632653061218,0
2011-05-13,16.30513513513514,0
2011-05-14,10.2,2
2011-05-15,8.7525,12
2011-05-16,9.056666666666665,18
2011-05-17,9.177599999999998,25
2011-05-18,10.215,8
2011-05-19,12.801599999999999,0
2011-05-20,15.75740740740741,0
2011-05-21,16.02238095238096,0
2011-05-22,14.176599999999999,0
2011-05-23,11.921111111111113,0
2011-05-24,14.001250000000011,0
2011-05-25,10.1775,8
2011-05-26,13.622916666666676,0
2011-05-27,15.28044117647059,0
2011-05-28,10.776666666666666,3
2011-05-29,0.74,1
2011-05-30,13.789473684210526,0
2011-05-31,11.84,4
2011-06-01,7.9433333333333325,3
2011-06-02,12.905217391304344,0
2011-06-03,13.555593220338988,0
2011-06-04,13.320454545454545,22
2011-06-05,13.53571428571429,7
2011-06-06,14.85,2
2011-06-07,15.961372549019607,0
2011-06-08,16.97875,0
2011-06-09,19.34820000000001,0
2011-06-10,18.186493506493495,0
2011-06-11,16.28,1
2011-06-12,17.592499999999987,0
2011-06-13,19.950599999999994,0
2011-06-14,23.411428571428583,0
2011-06-15,23.347878787878788,0
2011-06-16,19.640943396226426,0
2011-06-17,19.47452054794519,0
2011-06-18,18.95528571428571,0
2011-06-19,18.15,1
2011-06-20,24.493749999999995,0
2011-06-21,27.45225352112677,0
2011-06-22,26.08809523809523,0
2011-06-23,22.179411764705872,0
2011-06-24,21.342763157894733,0
2011-06-25,20.878615384615383,0
2011-06-26,21.432786885245907,0
2011-06-27,23.140147058823544,0
2011-06-28,15.873124999999998,16
2011-06-29,16.223333333333333,3
2011-06-30,20.88171875,0
2011-07-01,25.026333333333334,0
2011-07-02,26.589210526315824,0
2011-07-03,27.381463414634155,0
2011-07-04,28.65,1
2011-07-05,29.75,2
2011-07-06,26.730163934426233,0
2011-07-07,26.387466666666665,0
2011-07-08,26.14229508196722,0
2011-07-09,23.998352941176478,0
2011-07-10,23.524905660377357,0
2011-07-11,21.197878787878768,0
2011-07-12,19.291086956521745,0
2011-07-13,19.55137254901961,0
2011-07-14,18.357307692307703,0
2011-07-15,18.685522388059695,0
2011-07-16,15.6,2
2011-07-17,21.833529411764694,0
2011-07-18,24.45,1
2011-07-19,23.945172413793117,0
2011-07-20,24.900624999999998,0
2011-07-21,24.108169014084517,0
2011-07-22,23.931142857142863,0
2011-07-23,23.393194444444415,0
2011-07-24,24.466530612244892,0
2011-07-25,24.68033898305085,0
2011-07-26,24.145076923076918,0
2011-07-27,24.57294117647061,0
2011-07-28,24.944999999999997,0
2011-07-29,26.16347222222221,0
2011-07-30,24.67731343283583,0
2011-07-31,24.767142857142854,0
2011-08-01,25.13043478260871,0
2011-08-02,24.950555555555567,0
2011-08-03,25.543333333333322,0
2011-08-04,22.92060606060606,0
2011-08-05,22.883947368421037,0
2011-08-06,22.80295081967212,0
2011-08-07,23.37101265822784,0
2011-08-08,23.17514705882353,0
2011-08-09,23.132631578947375,0
2011-08-10,22.912647058823538,0
2011-08-11,23.206851851851845,0
2011-08-12,22.86357142857143,0
2011-08-13,25.16076923076924,0
2011-08-14,24.90333333333335,0
2011-08-15,24.123521126760593,0
2011-08-16,24.6414285714286,0
2011-08-17,24.897567567567563,0
2011-08-18,25.455344827586213,0
2011-08-19,22.863750000000003,0
2011-08-20,21.31683333333331,0
2011-08-21,22.14793103448276,0
2011-08-22,23.73000000000001,0
2011-08-23,26.44539682539683,0
2011-08-24,26.771372549019617,0
2011-08-25,26.404210526315783,0
2011-08-26,27.514459459459474,0
2011-08-27,28.195166666666655,0
2011-08-28,27.050333333333338,0
2011-08-29,25.753333333333327,0
2011-08-30,24.093380281690138,0
2011-08-31,22.525263157894734,0
2011-09-01,23.933230769230768,0
2011-09-02,25.258117647058825,0
2011-09-03,25.267738095238087,0
2011-09-04,25.511454545454544,0
2011-09-05,26.05,1
2011-09-06,26.48657894736842,0
2011-09-07,27.81540983606558,0
2011-09-08,25.910579710144926,0
2011-09-09,26.11983606557379,0
2011-09-10,25.47,1
2011-09-11,21.18482758620689,0
2011-09-12,22.42696969696971,0
2011-09-13,22.89,2
2011-09-14,22.658039215686266,0
2011-09-15,21.097,0
2011-09-16,19.261250000000004,0
2011-09-17,19.520877192982454,0
2011-09-18,22.770175438596493,0
2011-09-19,25.20828124999999,0
2011-09-20,25.26406249999998,0
2011-09-21,25.150847457627115,0
2011-09-22,25.928857142857137,0
2011-09-23,26.424487179487194,0
2011-09-24,20.35,1
2011-09-25,18.244999999999997,2
2011-09-26,20.19906976744187,0
2011-09-27,23.454117647058837,0
2011-09-28,25.43066666666667,0
2011-09-29,24.539508196721318,0
2011-09-30,21.110219780219786,0
2011-10-01,20.34220338983051,0
2011-10-02,21.082708333333326,0
2011-10-03,14.455555555555552,9
2011-10-04,15.093750000000002,8
2011-10-05,10.626896551724139,29
2011-10-06,6.206,5
2011-10-07,12.550124999999996,0
2011-10-08,15.388510638297864,0
2011-10-09,16.456111111111113,0
2011-10-10,14.907,10
2011-10-11,18.694307692307685,0
2011-10-12,20.751568627450997,0
2011-10-13,21.743249999999982,0
2011-10-14,22.428101265822768,0
2011-10-15,20.297441860465124,0
2011-10-16,19.993777777777783,0
2011-10-17,20.44983050847459,0
2011-10-18,20.57094594594594,0
2011-10-19,17.73264705882352,0
2011-10-20,17.265000000000008,0
2011-10-21,17.205588235294105,0
2011-10-22,19.67285714285713,0
2011-10-23,20.407500000000006,0
2011-10-24,18.028421052631575,0
2011-10-25,14.684313725490197,0
2011-10-26,13.11642857142857,0
2011-10-27,14.019384615384618,0
2011-10-28,15.47445945945947,0
2011-10-29,17.176557377049175,0
2011-10-30,17.98302325581396,0
2011-10-31,18.316060606060606,0
2011-11-01,14.894769230769235,0
2011-11-02,13.892499999999997,0
2011-11-03,11.618000000000002,5
2011-11-04,9.825,6
2011-11-05,8.346363636363638,11
2011-11-06,5.415714285714286,14
2011-11-07,7.398970588235293,0
2011-11-08,8.26033333333333,0
2011-11-09,9.569558823529407,0
2011-11-10,11.628876404494383,0
2011-11-11,10.742962962962963,27
2011-11-12,9.782857142857143,7
2011-11-13,11.443953488372092,0
2011-11-14,10.733584905660381,0
2011-11-15,11.2475,0
2011-11-16,12.065454545454532,0
2011-11-17,11.595454545454547,0
2011-11-18,4.74,4
2011-11-19,4.883333333333333,3
2011-11-20,7.468205128205129,39
2011-11-21,8.214637681159413,0
2011-11-22,9.379428571428576,0
2011-11-23,10.292413793103455,0
2011-11-24,9.86,4
2011-11-25,9.194181818181816,0
2011-11-26,11.702820512820503,0
2011-11-27,13.548765432098769,0
2011-11-28,13.214791666666663,0
2011-11-29,12.154871794871793,0
2011-11-30,10.256000000000002,0
2011-12-01,8.09351851851852,0
2011-12-02,8.966279069767449,0
2011-12-03,5.078695652173913,0
2011-12-04,6.680888888888891,0
2011-12-05,5.536307692307694,0
2011-12-06,5.809019607843135,0
2011-12-07,7.792580645161285,0
2011-12-08,8.380493827160493,0
2011-12-09,8.582647058823527,0
2011-12-10,8.681250000000006,0
2011-12-11,5.22,1
2011-12-12,4.345999999999998,25
2011-12-13,6.11388888888889,0
2011-12-14,6.0777192982456105,0
2011-12-15,6.78111111111111,9
2011-12-16,6.626000000000005,0
2011-12-17,7.786363636363632,0
2011-12-18,7.190535714285717,0
2011-12-19,8.61,1
2011-12-20,7.56839285714286,0
2011-12-21,7.39138888888889,0
2011-12-22,4.693150684931506,0
2011-12-23,5.643207547169812,0
2011-12-24,7.687878787878789,0
2011-12-25,8.899166666666668,0
2011-12-26,7.904339622641504,0
2011-12-27,8.289253731343287,0
2011-12-28,10.387843137254904,0
2011-12-29,12.35846153846154,0
2011-12-30,7.120000000000001,2
2011-12-31,9.565348837209301,0
2012-01-01,11.985090909090905,0
2012-01-02,12.26722222222222,0
2012-01-03,12.622456140350886,0
2012-01-04,13.481219512195128,0
2012-01-05,13.239574468085104,0
2012-01-06,11.010333333333332,0
2012-01-07,9.430487804878052,0
2012-01-08,9.186829268292682,0
2012-01-09,10.858399999999998,0
2012-01-10,10.786551724137933,0
2012-01-11,10.578867924528302,0
2012-01-12,10.062040816326528,0
2012-01-13,9.734827586206897,0
2012-01-14,10.168809523809522,0
2012-01-15,9.947500000000002,4
2012-01-16,3.195,2
2012-01-17,3.7722580645161283,0
2012-01-18,6.250909090909091,0
2012-01-19,5.3100000000000005,9
2012-01-20,10.429285714285712,28
2012-01-21,7.484999999999999,12
2012-01-22,6.512857142857143,7
2012-01-23,5.919696969696967,33
2012-01-24,7.403448275862068,0
2012-01-25,11.213606557377041,0
2012-01-26,11.283818181818182,0
2012-01-27,9.05718309859155,0
2012-01-28,9.203541666666668,0
2012-01-29,11.291627906976744,0
2012-01-30,10.449512195121953,0
2012-01-31,8.29,1
2012-02-01,9.131372549019607,0
2012-02-02,8.632222222222225,0
2012-02-03,8.002911392405062,0
2012-02-04,9.0918,0
2012-02-05,11.37,1
2012-02-06,9.437924528301885,0
2012-02-07,9.89782608695652,23
2012-02-08,11.25819672131147,0
2012-02-09,13.056666666666665,0
2012-02-10,9.493333333333334,3
2012-02-11,8.133333333333333,3
2012-02-12,7.758000000000001,5
2012-02-13,5.233333333333334,9
2012-02-14,6.015352112676062,0
2012-02-15,6.207142857142856,7
2012-02-16,6.850877192982455,0
2012-02-17,9.776352941176476,0
2012-02-18,8.481632653061226,0
2012-02-19,5.44,1
2012-02-20,6.817692307692303,0
2012-02-21,10.906200000000002,0
2012-02-22,13.112631578947363,0
2012-02-23,13.247424242424247,0
2012-02-24,12.98434782608696,0
2012-02-25,9.758947368421053,0
2012-02-26,7.425128205128206,0
2012-02-27,5.988181818181818,11
2012-02-28,6.09,2
2012-03-01,6.058000000000001,5
2012-03-02,5.5964705882352925,0
2012-03-03,7.647301587301584,0
2012-03-04,11.355510204081634,0
2012-03-05,14.792045454545445,0
2012-03-06,5.58,1
2012-03-07,8.257755102040816,0
2012-03-08,6.527887323943668,0
2012-03-09,10.959850746268653,0
2012-03-10,13.164693877551013,0
2012-03-11,11.395,0
2012-03-12,9.517968750000003,0
2012-03-13,8.700714285714287,14
2012-03-14,10.678888888888887,18
2012-03-15,7.036,5
2012-03-16,11.640555555555556,18
2012-03-17,11.492682926829268,41
2012-03-18,4.226999999999999,10
2012-03-19,3.866444444444446,0
2012-03-20,6.2,1
2012-03-21,9.322678571428572,0
2012-03-22,13.92255813953489,0
2012-03-23,12.47520000000001,0
2012-03-24,8.93,5
2012-03-25,9.418095238095239,21
2012-03-26,7.762272727272729,0
2012-03-27,6.732500000000002,12
2012-03-28,10.51,3
2012-03-29,11.7,1
2012-03-30,11.8,1
2012-03-31,12.772222222222222,9
2012-04-01,10.370307692307689,0
2012-04-02,8.810666666666668,0
2012-04-03,9.165,2
2012-04-04,12.859104477611945,0
2012-04-05,10.3575,0
2012-04-06,8.170714285714286,0
2012-04-07,8.678088235294116,0
2012-04-08,13.009787234042559,0
2012-04-09,14.43186046511628,0
2012-04-10,12.116999999999999,10
2012-04-11,11.093571428571428,14
2012-04-12,9.45142857142857,14
2012-04-13,9.124634146341462,41
2012-04-14,8.34,1
2012-04-15,8.492888888888892,0
2012-04-16,11.255227272727275,0
2012-04-17,13.833773584905655,0
2012-04-18,5.03,1
2012-04-19,14.944901960784323,0
2012-04-20,17.257790697674412,0
2012-04-21,21.373243243243245,0
2012-04-22,22.27918367346939,0
2012-04-23,21.48,3
2012-04-24,15.44,1
2012-04-25,15.037500000000001,8
2012-04-26,16.7025,4
2012-04-27,13.035555555555552,0
2012-04-28,14.073103448275862,0
2012-04-29,15.867358490566037,0
2012-04-30,19.12,1
2012-05-01,18.245625,0
2012-05-02,17.27,1
2012-05-03,9.416666666666666,3
2012-05-04,13.541666666666671,0
2012-05-05,13.862037037037036,0
2012-05-06,14.814843750000003,0
2012-05-07,17.705769230769228,0
2012-05-08,18.747608695652175,0
2012-05-09,21.17706896551725,0
2012-05-10,21.261733333333332,0
2012-05-11,18.9234375,0
2012-05-12,18.488571428571426,0
2012-05-13,20.008627450980388,0
2012-05-14,19.89444444444443,0
2012-05-15,17.31905405405405,0
2012-05-16,17.891395348837214,0
2012-05-17,19.863906250000024,0
2012-05-18,17.786481481481488,0
2012-05-19,16.889594594594598,0
2012-05-20,19.14964285714286,0
2012-05-21,22.904000000000003,0
2012-05-22,22.643617021276587,0
2012-05-23,19.943773584905667,0
2012-05-24,18.15,0
2012-05-25,17.59,2
2012-05-26,12.18,0
2012-05-27,12.508461538461544,0
2012-05-28,15.511600000000001,0
2012-05-29,17.876862745098034,0
2012-05-30,18.6448076923077,0
2012-05-31,20.447741935483876,0
2012-06-01,24.48425000000002,0
2012-06-02,24.94111111111112,0
2012-06-03,21.21490566037737,0
2012-06-04,19.020000000000003,8
2012-06-05,17.773000000000003,0
2012-06-06,14.180344827586215,0
2012-06-07,17.842399999999998,0
2012-06-08,21.23411764705884,0
2012-06-09,19.664230769230766,0
2012-06-10,18.372499999999995,0
2012-06-11,21.004333333333317,0
2012-06-12,23.705753424657544,0
2012-06-13,23.673000000000002,0
2012-06-14,22.31180327868853,0
2012-06-15,21.881686746987956,0
2012-06-16,23.14253521126758,0
2012-06-17,26.865428571428552,0
2012-06-18,26.94444444444441,0
2012-06-19,23.34557377049181,0
2012-06-20,22.057499999999987,0
2012-06-21,23.992000000000004,0
2012-06-22,21.27,1
2012-06-23,19.72706896551724,0
2012-06-24,18.01137931034482,0
2012-06-25,18.28542372881356,0
2012-06-26,19.95,1
2012-06-27,19.408679245283015,0
2012-06-28,22.001212121212124,0
2012-06-29,23.036029411764723,0
2012-06-30,22.34849315068492,0
2012-07-01,23.277049180327865,0
2012-07-02,22.174615384615397,0
2012-07-03,22.4289552238806,0
2012-07-04,23.236250000000013,0
2012-07-05,23.719649122807013,0
2012-07-06,22.400937500000012,0
2012-07-07,22.81015151515152,0
2012-07-08,25.442187499999996,0
2012-07-09,25.74424242424241,0
2012-07-10,27.168135593220345,0
2012-07-11,27.604603174603156,0
2012-07-12,30.27,1
2012-07-13,25.4175,4
2012-07-14,23.952142857142842,0
2012-07-15,24.202058823529416,0
2012-07-16,23.803421052631574,0
2012-07-17,20.078636363636363,0
2012-07-18,15.8,1
2012-07-19,21.18,1
2012-07-20,24.460000000000004,0
2012-07-21,25.310298507462704,0
2012-07-22,27.54812500000001,0
2012-07-23,27.65542857142857,0
2012-07-24,25.385625000000008,0
2012-07-25,23.996999999999993,0
2012-07-26,23.385178571428582,0
2012-07-27,22.319692307692293,0
2012-07-28,22.284545454545466,0
2012-07-29,23.494923076923094,0
2012-07-30,24.12285714285716,0
2012-07-31,26.051975308641982,0
2012-08-01,25.498243243243262,0
2012-08-02,26.19626865671642,0
2012-08-03,27.19,3
2012-08-04,19.49,1
2012-08-05,23.54304347826087,0
2012-08-06,24.77685714285714,0
2012-08-07,25.8832,0
2012-08-08,27.701408450704214,0
2012-08-09,28.640483870967742,0
2012-08-10,29.748055555555553,0
2012-08-11,30.59,1
2012-08-12,30.271063829787245,0
2012-08-13,29.79898305084745,0
2012-08-14,27.81,1
2012-08-15,29.054246575342454,0
2012-08-16,26.9339393939394,0
2012-08-17,27.606799999999986,0
2012-08-18,17.2,1
2012-08-19,27.290000000000013,0
2012-08-20,26.175694444444474,0
2012-08-21,24.66675675675677,0
2012-08-22,32.31,1
2012-08-23,23.680882352941175,0
2012-08-24,24.388148148148176,0
2012-08-25,24.463793103448296,0
2012-08-26,22.539999999999996,0
2012-08-27,20.457049180327868,0
2012-08-28,22.8286111111111,0
2012-08-29,25.38507692307691,0
2012-08-30,29.41,1
2012-08-31,25.529999999999966,0
2012-09-01,22.436986301369863,0
2012-09-02,20.348367346938776,0
2012-09-03,23.42927272727274,0
2012-09-04,24.899868421052613,0
2012-09-05,27.19,3
2012-09-06,23.994769230769208,0
2012-09-07,23.70013333333334,0
2012-09-08,23.663043478260878,0
2012-09-09,25.07020833333334,0
2012-09-10,24.35652777777778,0
2012-09-11,24.77,1
2012-09-12,22.75442857142857,0
2012-09-13,23.98420289855074,0
2012-09-14,25.301122448979577,0
2012-09-15,25.42032258064518,0
2012-09-16,24.241836734693877,0
2012-09-17,23.833076923076913,0
2012-09-18,21.914852941176488,0
2012-09-19,21.520714285714273,0
2012-09-20,22.48635135135135,0
2012-09-21,24.13083333333334,0
2012-09-22,23.50596774193548,0
2012-09-23,24.458615384615364,0
2012-09-24,23.899487179487167,0
2012-09-25,21.78616438356164,0
2012-09-26,20.838196721311483,0
2012-09-27,22.19523076923076,0
2012-09-28,23.01846153846151,0
2012-09-29,23.281379310344818,0
2012-09-30,22.6621052631579,0
2012-10-01,25.611348314606744,0
2012-10-02,27.261159420289843,0
2012-10-03,27.505714285714312,0
2012-10-04,24.22820895522389,0
2012-10-05,20.013676470588248,0
2012-10-06,18.025230769230763,0
2012-10-07,18.306949152542373,0
2012-10-08,18.023676470588228,0
2012-10-09,16.634878048780493,0
2012-10-10,17.19,1
2012-10-11,16.171818181818182,11
2012-10-12,13.622988505747129,0
2012-10-13,12.949333333333332,0
2012-10-14,15.88980392156862,0
2012-10-15,18.925890410958903,0
2012-10-16,20.136250000000015,0
2012-10-17,20.62187500000002,0
2012-10-18,22.045822784810127,0
2012-10-19,21.682469135802464,0
2012-10-20,19.89,3
2012-10-21,17.315,4
2012-10-22,12.483478260869571,23
2012-10-23,11.75,1
2012-10-24,8.803333333333333,6
2012-10-25,13.29,1
2012-10-26,13.678421052631581,0
2012-10-27,14.838142857142861,0
2012-10-28,17.29478873239436,0
2012-10-29,18.90369863013698,0
2012-10-30,18.521428571428572,0
2012-10-31,15.484444444444442,9
2012-11-01,13.21,6
2012-11-02,14.950681818181808,0
2012-11-03,14.146438356164385,0
2012-11-04,15.942400000000005,0
2012-11-05,17.986136363636373,0
2012-11-06,19.559350649350645,0
2012-11-07,20.07446153846153,0
2012-11-08,16.472727272727273,11
2012-11-09,8.363750000000001,8
2012-11-10,7.244857142857152,0
2012-11-11,4.48,1
2012-11-12,6.672222222222226,0
2012-11-13,9.809642857142851,0
2012-11-14,12.442467532467534,0
2012-11-15,14.15,2
2012-11-16,12.987058823529406,34
2012-11-17,12.150434782608693,46
2012-11-18,12.5425,4
2012-11-19,5.22,1
2012-11-20,11.278333333333334,12
2012-11-21,13.626363636363635,11
2012-11-22,12.578260869565218,0
2012-11-23,11.706379310344836,0
2012-11-24,13.699605263157892,0
2012-11-25,15.004861111111113,0
2012-11-26,13.17849056603773,0
2012-11-27,12.352307692307699,0
2012-11-28,10.981249999999998,24
2012-11-29,10.911200000000003,25
2012-11-30,12.445681818181823,44
2012-12-01,13.01692307692307,26
2012-12-02,13.010000000000002,23
2012-12-03,12.71,3
2012-12-04,1.62,1
2012-12-05,10.458571428571428,14
2012-12-06,11.692,5
2012-12-07,10.59205882352941,0
2012-12-08,9.638906250000002,0
2012-12-09,8.561891891891888,0
2012-12-10,9.647031250000001,0
2012-12-11,10.67349999999999,0
2012-12-12,9.67,3
2012-12-13,9.894444444444442,9
2012-12-14,7.866666666666667,3
2012-12-15,5.988333333333333,6
2012-12-16,3.9770000000000003,10
2012-12-17,6.9366666666666665,6
2012-12-18,9.504999999999999,6
2012-12-19,5.192295081967212,0
2012-12-20,1.49,3
2012-12-21,5.450769230769231,13
2012-12-22,6.479655172413791,29
2012-12-23,7.992631578947369,19
2012-12-24,7.116666666666667,6
2012-12-25,5.815,20
2012-12-26,4.14125,8
2012-12-27,4.966721311475409,0
2012-12-28,7.96,2
2012-12-29,6.663333333333334,6
2012-12-30,6.46,1
2012-12-31,4.318048780487804,0
2013-01-01,1.7942857142857143,0
2013-01-02,4.285555555555556,0
2013-01-03,5.868225806451615,0
2013-01-04,5.960735294117646,0
2013-01-05,5.5633333333333335,6
2013-01-06,6.025,4
2013-01-07,5.578909090909091,0
2013-01-08,6.87,1
2013-01-09,6.52,1
2013-01-10,4.061111111111115,0
2013-01-11,1.2388461538461544,0
2013-01-12,0.756774193548388,0
2013-01-13,0.9840476190476195,0
2013-01-14,0.7406779661016955,0
2013-01-15,3.8775806451612933,0
2013-01-16,5.91325,0
2013-01-17,7.440666666666664,0
2013-01-18,8.316800000000002,0
2013-01-19,8.545799999999998,0
2013-01-20,9.091111111111111,0
2013-01-21,10.130256410256408,0
2013-01-22,10.912622950819678,0
2013-01-23,10.658333333333333,6
2013-01-24,10.957142857142859,14
2013-01-25,11.72136363636364,22
2013-01-26,11.717500000000001,4
2013-01-27,7.18,2
2013-01-28,4.9899999999999975,0
2013-01-29,6.558571428571435,0
2013-01-30,9.187968749999992,0
2013-01-31,10.668840579710148,0
2013-02-01,11.746250000000009,0
2013-02-02,13.985,4
2013-02-03,14.38,2
2013-02-04,11.008709677419352,0
2013-02-05,8.940882352941173,0
2013-02-06,7.4785937500000035,0
2013-02-07,8.019999999999998,6
2013-02-08,3.0789999999999997,10
2013-02-09,4.379607843137256,0
2013-02-10,4.669777777777778,0
2013-02-11,6.061836734693876,0
2013-02-12,7.520303030303028,0
2013-02-13,8.594268292682923,0
2013-02-14,12.5,1
2013-02-15,11.8574358974359,0
2013-02-16,12.187605633802818,0
2013-02-17,9.551666666666668,0
2013-02-18,8.16616666666667,0
2013-02-19,5.0375000000000005,12
2013-02-20,3.942799999999997,0
2013-02-21,5.414225352112676,0
2013-02-22,7.27133333333333,0
2013-02-23,6.780833333333333,0
2013-02-24,6.022250000000001,0
2013-02-25,7.9492727272727235,0
2013-02-26,7.949523809523805,0
2013-02-27,9.72,0
2013-02-28,11.617586206896558,0
2013-03-01,14.288928571428585,0
2013-03-02,14.33490566037736,0
2013-03-03,11.447999999999992,0
2013-03-04,10.523541666666665,0
2013-03-05,7.65,1
2013-03-06,7.376666666666668,6
2013-03-07,5.647500000000001,8
2013-03-08,5.188571428571427,14
2013-03-09,7.816666666666666,3
2013-03-10,10.153055555555548,0
2013-03-11,13.003404255319156,0
2013-03-12,15.513636363636364,0
2013-03-13,17.576811594202887,0
2013-03-14,17.767719298245623,0
2013-03-15,17.246233766233768,0
2013-03-16,13.8852380952381,0
2013-03-17,12.204878048780488,0
2013-03-18,12.061206896551713,0
2013-03-19,11.968333333333334,6
2013-03-20,9.006666666666666,15
2013-03-21,10.921428571428573,0
2013-03-22,10.581176470588227,0
2013-03-23,11.005106382978724,0
2013-03-24,13.201296296296293,0
2013-03-25,12.946739130434777,0
2013-03-26,13.171571428571431,0
2013-03-27,11.18,1
2013-03-28,13.211346153846167,0
2013-03-29,17.06,1
2013-03-30,14.406666666666666,3
2013-03-31,13.324444444444445,9
2013-04-01,11.2075,4
2013-04-02,13.72666666666667,0
2013-04-03,15.813220338983047,0
2013-04-04,12.09909090909091,11
2013-04-05,14.62,1
2013-04-06,12.49,1
2013-04-07,7.06,1
2013-04-08,9.82235294117648,0
2013-04-09,11.82571428571428,0
2013-04-10,15.60935483870967,0
2013-04-11,14.880000000000003,0
2013-04-12,15.785000000000002,0
2013-04-13,15.054929577464794,0
2013-04-14,12.049130434782603,0
2013-04-15,9.878999999999994,0
2013-04-16,8.896399999999998,0
2013-04-17,10.606406249999996,0
2013-04-18,13.65999999999999,0
2013-04-19,16.717674418604656,0
2013-04-20,17.27465753424657,0
2013-04-21,19.176964285714284,0
2013-04-22,19.216037735849063,0
2013-04-23,17.909999999999997,0
2013-04-24,15.48,1
2013-04-25,15.664142857142863,0
2013-04-26,17.499868421052636,0
2013-04-27,19.260441176470575,0
2013-04-28,20.344888888888885,0
2013-04-29,22.09794871794872,0
2013-04-30,18.538703703703703,0
2013-05-01,19.200405405405416,0
2013-05-02,20.082884615384618,0
2013-05-03,21.951392405063274,0
2013-05-04,19.498695652173918,0
2013-05-05,15.326666666666666,0
2013-05-06,13.672499999999998,12
2013-05-07,12.743333333333334,3
2013-05-08,15.088405797101444,0
2013-05-09,16.177884615384606,0
2013-05-10,19.708674698795168,0
2013-05-11,23.462000000000003,0
2013-05-12,23.42411764705883,0
2013-05-13,24.37541666666667,0
2013-05-14,21.678392857142864,0
2013-05-15,18.810999999999993,0
2013-05-16,8.8,1
2013-05-17,15.700952380952396,0
2013-05-18,16.925937499999993,0
2013-05-19,18.966716417910447,0
2013-05-20,21.65742857142858,0
2013-05-21,19.898245614035094,0
2013-05-22,14.405194805194808,0
2013-05-23,14.238815789473694,0
2013-05-24,16.17255555555555,0
2013-05-25,16.104210526315786,0
2013-05-26,16.591836734693885,0
2013-05-27,14.719999999999999,7
2013-05-28,18.00698113207547,0
2013-05-29,19.78,1
2013-05-30,19.411267605633796,0
2013-05-31,21.94078125000001,0
2013-06-01,26.109411764705875,0
2013-06-02,24.320888888888874,0
2013-06-03,21.37545454545455,0
2013-06-04,21.697894736842123,0
2013-06-05,22.157671232876712,0
2013-06-06,24.028352941176493,0
2013-06-07,26.49887640449439,0
2013-06-08,27.296060606060614,0
2013-06-09,22.894533333333317,0
2013-06-10,17.249999999999996,3
2013-06-11,21.662241379310366,0
2013-06-12,21.94902777777776,0
2013-06-13,20.260428571428562,0
2013-06-14,22.036304347826096,0
2013-06-15,20.734133333333332,0
2013-06-16,21.488666666666663,0
2013-06-17,21.07647058823529,0
2013-06-18,19.2540789473684,0
2013-06-19,18.164794520547947,0
2013-06-20,20.06770270270268,0
2013-06-21,20.582656250000007,0
2013-06-22,22.03313432835822,0
2013-06-23,18.893529411764707,0
2013-06-24,16.542727272727276,22
2013-06-25,18.342666666666666,15
2013-06-26,20.615,2
2013-06-27,25.983809523809544,0
2013-06-28,29.265876288659783,0
2013-06-29,30.952499999999993,0
2013-06-30,30.656393442622942,0
2013-07-01,29.026271186440685,0
2013-07-02,29.94064516129033,0
2013-07-03,29.217464788732407,0
2013-07-04,29.62933333333333,0
2013-07-05,24.49785714285712,0
2013-07-06,24.227878787878794,0
2013-07-07,24.85941176470588,0
2013-07-08,26.30573529411765,0
2013-07-09,26.905454545454536,0
2013-07-10,28.55,1
2013-07-11,23.98,1
2013-07-12,24.02933333333334,0
2013-07-13,25.195569620253178,0
2013-07-14,26.091964285714305,0
2013-07-15,24.223692307692303,0
2013-07-16,21.511139240506335,0
2013-07-17,23.00590909090911,0
2013-07-18,25.212615384615397,0
2013-07-19,26.722857142857162,0
2013-07-20,26.487313432835816,0
2013-07-21,25.81,2
2013-07-22,24.59,2
2013-07-23,25.292666666666655,0
2013-07-24,28.46,1
2013-07-25,26.15289473684209,0
2013-07-26,25.70709302325582,0
2013-07-27,25.485915492957766,0
2013-07-28,24.53079365079364,0
2013-07-29,22.595689655172414,0
2013-07-30,23.090952380952377,0
2013-07-31,21.78194029850746,0
2013-08-01,21.179178082191775,0
2013-08-02,22.089518072289167,0
2013-08-03,22.48525,0
2013-08-04,23.09273972602739,0
2013-08-05,23.35152777777778,0
2013-08-06,21.93828124999999,0
2013-08-07,21.028307692307674,0
2013-08-08,19.96430555555556,0
2013-08-09,20.887282608695674,0
2013-08-10,20.84179104477614,0
2013-08-11,22.004444444444438,0
2013-08-12,23.905901639344272,0
2013-08-13,24.906571428571418,0
2013-08-14,25.15800000000001,0
2013-08-15,25.77958333333335,0
2013-08-16,26.480786516853932,0
2013-08-17,26.778750000000006,0
2013-08-18,26.976065573770494,0
2013-08-19,27.803544303797462,0
2013-08-20,26.794363636363645,0
2013-08-21,25.816551724137927,0
2013-08-22,31.705,2
2013-08-23,27.42,2
2013-08-24,23.633538461538464,0
2013-08-25,23.531060606060592,0
2013-08-26,23.384269662921337,0
2013-08-27,24.74057971014493,0
2013-08-28,24.601124999999975,0
2013-08-29,25.715764705882364,0
2013-08-30,26.823936170212797,0
2013-08-31,25.765875,0
2013-09-01,23.738444444444443,0
2013-09-02,26.295,2
2013-09-03,24.469361702127653,0
2013-09-04,23.69319999999999,0
2013-09-05,21.43,1
2013-09-06,25.475147058823524,0
2013-09-07,26.13929577464789,0
2013-09-08,25.48942857142857,0
2013-09-09,25.691749999999978,0
2013-09-10,23.176813186813188,0
2013-09-11,22.47,1
2013-09-12,22.679036144578305,0
2013-09-13,20.48,1
2013-09-14,24.640327868852445,0
2013-09-15,22.842812500000004,0
2013-09-16,22.454246575342477,0
2013-09-17,20.72,1
2013-09-18,19.985443037974687,0
2013-09-19,22.058928571428574,0
2013-09-20,13.985,2
2013-09-21,15.374666666666666,15
2013-09-22,16.365185185185183,0
2013-09-23,19.699367088607605,0
2013-09-24,19.399799999999995,0
2013-09-25,8.8,1
2013-09-26,14.100000000000005,0
2013-09-27,15.992588235294114,0
2013-09-28,18.057796610169493,0
2013-09-29,19.25571428571427,0
2013-09-30,18.670434782608687,0
2013-10-01,18.091250000000006,0
2013-10-02,17.070540540540538,0
2013-10-03,15.561791044776115,0
2013-10-04,17.39833333333334,0
2013-10-05,18.15890909090908,0
2013-10-06,19.308115942028977,0
2013-10-07,19.95403225806452,0
2013-10-08,15.42,1
2013-10-09,9.814545454545454,11
2013-10-10,12.25,1
2013-10-11,14.727234042553208,0
2013-10-12,14.919344262295084,0
2013-10-13,13.69211538461538,0
2013-10-14,15.581730769230784,0
2013-10-15,17.060109890109896,0
2013-10-16,17.711698113207554,0
2013-10-17,17.834705882352946,0
2013-10-18,18.159789473684214,0
2013-10-19,20.64,1
2013-10-20,18.126037735849064,0
2013-10-21,18.120945945945948,0
2013-10-22,18.503888888888888,0
2013-10-23,17.83149253731344,0
2013-10-24,15.421123595505605,0
2013-10-25,16.302075471698135,0
2013-10-26,18.566142857142864,0
2013-10-27,15.225624999999996,0
2013-10-28,0.9325000000000004,4
2013-10-29,9.56,1
2013-10-30,11.226865671641793,0
2013-10-31,13.790099009900976,0
2013-11-01,16.012592592592593,0
2013-11-02,7.59,1
2013-11-03,11.605999999999996,0
2013-11-04,10.615824175824168,0
2013-11-05,12.139594594594602,0
2013-11-06,14.844342105263165,0
2013-11-07,16.035970149253732,0
2013-11-08,15.558023255813962,0
2013-11-09,15.424810126582274,0
2013-11-10,15.20326530612245,0
2013-11-11,15.80130434782609,0
2013-11-12,16.85686274509804,0
2013-11-13,17.924722222222215,0
2013-11-14,15.493013698630143,0
2013-11-15,11.14568421052631,0
2013-11-16,10.227017543859649,0
2013-11-17,11.194782608695656,0
2013-11-18,11.335344827586205,0
2013-11-19,10.737333333333336,30
2013-11-20,11.15689655172414,29
2013-11-21,10.978571428571426,21
2013-11-22,8.315,6
2013-11-23,9.205555555555552,0
2013-11-24,8.245581395348838,0
2013-11-25,11.002391304347832,0
2013-11-26,11.242604166666675,0
2013-11-27,12.028952380952381,0
2013-11-28,11.145818181818186,0
2013-11-29,10.690000000000001,4
2013-11-30,11.688939393939394,0
2013-12-01,9.2,1
2013-12-02,12.018769230769232,0
2013-12-03,7.434705882352944,0
2013-12-04,7.04,1
2013-12-05,2.340344827586206,0
2013-12-06,2.231176470588235,17
2013-12-07,2.9958333333333322,12
2013-12-08,-0.7867647058823527,0
2013-12-09,1.232028985507247,0
2013-12-10,3.6461666666666672,0
2013-12-11,6.2248750000000035,0
2013-12-12,7.336896551724135,0
2013-12-13,6.940545454545458,0
2013-12-14,8.495633802816908,0
2013-12-15,10.212105263157895,0
2013-12-16,12.187662337662337,0
2013-12-17,13.329242424242427,0
2013-12-18,5.83,1
2013-12-19,7.153333333333333,3
2013-12-20,6.653170731707312,0
2013-12-21,7.619620253164552,0
2013-12-22,9.329032258064517,0
2013-12-23,10.52861702127659,0
2013-12-24,11.266714285714295,0
2013-12-25,10.484800000000002,0
2013-12-26,10.857761194029845,0
2013-12-27,11.685573770491807,0
2013-12-28,10.537619047619044,0
2013-12-29,9.40196428571428,0
2013-12-30,10.759402985074635,0
2013-12-31,11.268999999999998,0
2014-01-01,11.581000000000007,0
2014-01-02,11.904000000000003,0
2014-01-03,12.959610389610377,0
2014-01-04,10.633818181818182,0
2014-01-05,10.32979166666666,0
2014-01-06,10.173272727272726,0
2014-01-07,10.472199999999997,0
2014-01-08,9.291372549019608,0
2014-01-09,8.996166666666669,0
2014-01-10,10.268750000000008,0
2014-01-11,8.17,1
2014-01-12,9.01808510638298,0
2014-01-13,9.355322580645169,0
2014-01-14,11.332999999999998,0
2014-01-15,12.199199999999994,0
2014-01-16,13.674567901234559,0
2014-01-17,13.403333333333325,0
2014-01-18,13.824074074074069,0
2014-01-19,13.038409090909084,0
2014-01-20,13.279375000000009,0
2014-01-21,13.067333333333329,0
2014-01-22,11.983770491803273,0
2014-01-23,12.464262295081966,0
2014-01-24,12.802816901408452,0
2014-01-25,13.769152542372874,0
2014-01-26,12.394117647058815,0
2014-01-27,10.978750000000005,0
2014-01-28,12.835362318840591,0
2014-01-29,12.144999999999998,6
2014-01-30,10.763333333333332,9
2014-01-31,9.55,2
2014-02-01,5.583333333333334,0
2014-02-02,5.599444444444446,18
2014-02-03,6.241571428571428,0
2014-02-04,5.900468750000005,0
2014-02-05,6.635714285714286,7
2014-02-06,6.688400000000001,25
2014-02-07,7.695555555555554,36
2014-02-08,10.239600000000005,25
2014-02-09,11.107916666666668,24
2014-02-10,10.115,2
2014-02-11,11.662500000000007,0
2014-02-12,13.4725,0
2014-02-13,14.330000000000002,0
2014-02-14,12.23,1
2014-02-15,11.61,3
2014-02-16,9.64,1
2014-02-17,11.489629629629633,0
2014-02-18,10.675254237288131,0
2014-02-19,5.04,1
2014-02-20,11.761666666666665,0
2014-02-21,13.124512195121946,0
2014-02-22,12.490697674418612,0
2014-02-23,13.650943396226417,0
2014-02-24,14.126923076923072,0
2014-02-25,13.360144927536231,0
2014-02-26,11.933499999999999,40
2014-02-27,11.820000000000002,9
2014-02-28,10.785999999999998,60
2014-03-01,9.220454545454542,22
2014-03-02,7.8999999999999995,6
2014-03-03,10.175,6
2014-03-04,13.37,1
2014-03-05,13.895,2
2014-03-06,12.94,1
2014-03-07,11.518285714285714,0
2014-03-08,14.47083333333333,0
2014-03-09,10.37,1
2014-03-10,13.3,2
2014-03-11,12.35846153846155,0
2014-03-12,12.798088235294117,0
2014-03-13,12.557931034482749,0
2014-03-14,13.59129870129871,0
2014-03-15,16.06118644067796,0
2014-03-16,16.919253731343275,0
2014-03-17,12.376250000000002,0
2014-03-18,12.376891891891892,0
2014-03-19,14.000967741935474,0
2014-03-20,16.15,1
2014-03-21,13.041182795698928,0
2014-03-22,12.768923076923073,0
2014-03-23,13.76967741935484,0
2014-03-24,15.67414285714285,0
2014-03-25,11.909999999999998,6
2014-03-26,9.942999999999998,10
2014-03-27,9.25,1
2014-03-28,12.720481927710848,0
2014-03-29,11.759999999999998,12
2014-03-30,12.18,1
2014-03-31,8.517,10
2014-04-01,7.525600000000002,25
2014-04-02,9.942499999999999,4
2014-04-03,9.563283582089548,0
2014-04-04,10.326249999999998,8
2014-04-05,12.41,1
2014-04-06,14.719999999999997,0
2014-04-07,18.51,1
2014-04-08,19.562352941176457,0
2014-04-09,18.561641791044774,0
2014-04-10,18.024246575342445,0
2014-04-11,17.567317073170752,0
2014-04-12,14.341756756756753,0
2014-04-13,15.289583333333326,0
2014-04-14,16.881527777777787,0
2014-04-15,17.830704225352132,0
2014-04-16,17.76987654320988,0
2014-04-17,17.523243243243243,0
2014-04-18,16.13142857142856,0
2014-04-19,15.52514285714285,0
2014-04-20,17.719999999999995,0
2014-04-21,8.86,1
2014-04-22,3.79,1
2014-04-23,7.84,1
2014-04-24,8.12,1
2014-04-25,9.909354838709678,31
2014-04-26,12.275,2
2014-04-27,12.19,1
2014-04-28,15.002539682539679,0
2014-04-29,19.18679245283019,0
2014-04-30,20.48181818181819,0
2014-05-01,21.27520000000001,0
2014-05-02,21.27471698113209,0
2014-05-03,18.324333333333325,0
2014-05-04,16.55766666666666,0
2014-05-05,11.51,2
2014-05-06,12.654520547945205,0
2014-05-07,14.172452830188673,0
2014-05-08,12.6525,4
2014-05-09,7.29,1
2014-05-10,14.380705882352935,0
2014-05-11,15.62013157894737,0
2014-05-12,19.627051282051294,0
2014-05-13,21.862948717948736,0
2014-05-14,23.414303797468353,0
2014-05-15,24.287526881720446,0
2014-05-16,22.89417721518987,0
2014-05-17,20.313404255319146,0
2014-05-18,17.483333333333338,0
2014-05-19,6.39,1
2014-05-20,13.880746268656726,0
2014-05-21,16.49936708860759,0
2014-05-22,16.84,1
2014-05-23,19.719215686274516,0
2014-05-24,20.790000000000024,0
2014-05-25,22.685846153846146,0
2014-05-26,22.933870967741928,0
2014-05-27,21.81955555555556,0
2014-05-28,19.70873239436619,0
2014-05-29,20.05652777777777,0
2014-05-30,20.987555555555563,0
2014-05-31,20.126315789473704,0
2014-06-01,21.383870967741935,0
2014-06-02,20.833098591549298,0
2014-06-03,20.707462686567165,0
2014-06-04,23.079277108433736,0
2014-06-05,23.452079207920765,0
2014-06-06,22.59612903225806,0
2014-06-07,23.566666666666674,0
2014-06-08,26.477361111111104,0
2014-06-09,27.738260869565238,0
2014-06-10,24.835,0
2014-06-11,21.658055555555556,0
2014-06-12,20.721052631578942,0
2014-06-13,20.745729166666685,0
2014-06-14,21.53301075268814,0
2014-06-15,19.62472972972973,0
2014-06-16,17.640512820512825,0
2014-06-17,18.342463768115955,0
2014-06-18,20.59890624999999,0
2014-06-19,23.243243243243242,0
2014-06-20,24.786808510638284,0
2014-06-21,22.59919540229884,0
2014-06-22,23.79,1
2014-06-23,22.569350649350636,0
2014-06-24,23.00779411764707,0
2014-06-25,22.58820895522388,0
2014-06-26,20.599322033898304,0
2014-06-27,22.271304347826085,0
2014-06-28,23.223374999999983,0
2014-06-29,25.904571428571423,0
2014-06-30,27.10376470588236,0
2014-07-01,25.93780821917808,0
2014-07-02,25.199012345679005,0
2014-07-03,25.686346153846152,0
2014-07-04,28.94,1
2014-07-05,26.447619047619035,0
2014-07-06,27.51733333333333,0
2014-07-07,27.321125000000002,0
2014-07-08,30.36,1
2014-07-09,25.315249999999978,0
2014-07-10,23.815079365079363,0
2014-07-11,23.325196078431354,0
2014-07-12,24.103289473684214,0
2014-07-13,28.058243243243243,0
2014-07-14,27.667031249999987,0
2014-07-15,26.35523809523809,0
2014-07-16,24.675384615384598,0
2014-07-17,22.75831325301206,0
2014-07-18,22.82,1
2014-07-19,22.61,1
2014-07-20,23.49285714285715,0
2014-07-21,22.65,2
2014-07-22,23.747971014492755,0
2014-07-23,24.343898305084746,0
2014-07-24,26.889315068493147,0
2014-07-25,27.05259615384616,0
2014-07-26,27.67410958904111,0
2014-07-27,28.044500000000003,0
2014-07-28,26.795156249999987,0
2014-07-29,27.200945945945943,0
2014-07-30,28.644520547945188,0
2014-07-31,29.104880952380952,0
2014-08-01,28.592857142857124,0
2014-08-02,26.49666666666667,3
2014-08-03,24.084285714285716,7
2014-08-04,23.07551282051281,0
2014-08-05,23.411627906976772,0
2014-08-06,23.84800000000001,0
2014-08-07,24.417826086956513,0
2014-08-08,24.830722891566268,0
2014-08-09,25.033132530120476,0
2014-08-10,24.50972972972972,0
2014-08-11,25.09671641791048,0
2014-08-12,24.182957746478888,0
2014-08-13,23.12687500000002,0
2014-08-14,23.421538461538457,0
2014-08-15,24.85377551020407,0
2014-08-16,25.84636363636361,0
2014-08-17,25.699420289855084,0
2014-08-18,23.97554216867469,0
2014-08-19,21.846323529411762,0
2014-08-20,23.945,2
2014-08-21,23.020869565217403,0
2014-08-22,23.5777528089888,0
2014-08-23,22.83337499999998,0
2014-08-24,22.245272727272745,0
2014-08-25,20.819753086419734,0
2014-08-26,23.059871794871793,0
2014-08-27,24.854823529411743,0
2014-08-28,26.057415730337084,0
2014-08-29,25.144772727272724,0
2014-08-30,29.24,1
2014-08-31,24.857714285714287,0
2014-09-01,25.912647058823545,0
2014-09-02,25.01831325301206,0
2014-09-03,23.591444444444445,0
2014-09-04,23.76310344827587,0
2014-09-05,24.007820512820516,0
2014-09-06,24.330563380281685,0
2014-09-07,23.673043478260876,0
2014-09-08,24.02,2
2014-09-09,22.35606382978722,0
2014-09-10,24.758333333333297,0
2014-09-11,25.369213483146048,0
2014-09-12,27.02707964601766,0
2014-09-13,27.308000000000003,0
2014-09-14,27.378266666666647,0
2014-09-15,27.726470588235312,0
2014-09-16,31.49,1
2014-09-17,25.699285714285686,0
2014-09-18,20.452857142857145,7
2014-09-19,21.912745098039213,0
2014-09-20,22.23313725490196,0
2014-09-21,21.31833333333334,0
2014-09-22,23.69,1
2014-09-23,23.15989473684214,0
2014-09-24,22.88870588235293,0
2014-09-25,18.324,10
2014-09-26,16.74,3
2014-09-27,18.08,1
2014-09-28,3.45,2
2014-09-29,18.273253012048208,0
2014-09-30,19.859027777777786,0
2014-10-01,20.24826666666666,0
2014-10-02,22.22339805825242,0
2014-10-03,23.921914893617036,0
2014-10-04,24.832235294117638,0
2014-10-05,25.137307692307697,0
2014-10-06,24.705853658536576,0
2014-10-07,23.48805194805196,0
2014-10-08,22.840699999999984,0
2014-10-09,20.850340909090917,0
2014-10-10,20.592038834951442,0
2014-10-11,21.11560606060605,0
2014-10-12,21.40547945205479,0
2014-10-13,21.82385542168672,0
2014-10-14,14.786666666666667,3
2014-10-15,15.575714285714287,7
2014-10-16,16.89925000000003,0
2014-10-17,16.71044444444446,0
2014-10-18,17.731413043478263,0
2014-10-19,18.972903225806448,0
2014-10-20,13.3425,4
2014-10-21,15.963188405797109,0
2014-10-22,17.972051282051297,0
2014-10-23,19.438235294117646,0
2014-10-24,19.508717948717937,0
2014-10-25,15.788,10
2014-10-26,13.902456140350871,0
2014-10-27,14.340823529411768,0
2014-10-28,16.656896551724156,0
2014-10-29,18.787187499999984,0
2014-10-30,18.280329670329664,0
2014-10-31,13.749999999999995,32
2014-11-01,10.18136363636364,22
2014-11-02,8.41,1
2014-11-03,11.89963414634147,0
2014-11-04,13.246413043478254,0
2014-11-05,16.431204819277102,0
2014-11-06,17.361836734693853,0
2014-11-07,17.721696428571448,0
2014-11-08,18.26303797468353,0
2014-11-09,17.90300000000001,0
2014-11-10,13.57,1
2014-11-11,12.613650793650793,0
2014-11-12,13.18,1
2014-11-13,12.263529411764708,17
2014-11-14,12.821730769230781,0
2014-11-15,11.656296296296292,0
2014-11-16,10.224852941176453,0
2014-11-17,11.352923076923082,0
2014-11-18,12.172619047619042,0
2014-11-19,11.155238095238095,21
2014-11-20,11.00294117647059,17
2014-11-21,10.315000000000005,0
2014-11-22,12.546428571428565,14
2014-11-23,11.087272727272724,0
2014-11-24,10.95,1
2014-11-25,12.884639175257735,0
2014-11-26,15.297500000000003,0
2014-11-27,13.93,1
2014-11-28,11.108571428571429,7
2014-11-29,10.71125,8
2014-11-30,11.386511627906975,43
2014-12-01,12.791999999999998,5
2014-12-02,12.038799999999998,50
2014-12-03,13.727804878048781,41
2014-12-04,11.790000000000001,3
2014-12-05,11.727142857142857,14
2014-12-06,13.542000000000002,5
2014-12-07,13.66590909090909,0
2014-12-08,16.34,1
2014-12-09,13.845,2
2014-12-10,11.62,1
2014-12-11,11.117142857142857,21
2014-12-12,8.555306122448982,49
2014-12-13,10.17,1
2014-12-14,4.84,1
2014-12-15,8.530384615384616,26
2014-12-16,9.666666666666664,9
2014-12-17,7.509999999999999,7
2014-12-18,11.68,1
2014-12-19,9.080000000000002,16
2014-12-20,8.922222222222222,9
2014-12-21,12.585,2
2014-12-22,10.09,1
2014-12-23,12.528411214953266,0
2014-12-24,7.9719999999999995,5
2014-12-25,4.412083333333336,0
2014-12-26,3.872794117647058,0
2014-12-27,4.701917808219177,0
2014-12-28,6.065769230769231,0
2014-12-29,4.203170731707319,0
2014-12-30,7.348000000000001,5
2014-12-31,-0.43,1
2015-01-01,3.0972881355932222,0
2015-01-02,4.648765432098766,0
2015-01-03,5.8678378378378335,0
2015-01-04,7.128205128205129,0
2015-01-05,10.038799999999998,0
2015-01-06,12.278354430379755,0
2015-01-07,13.208311688311698,0
2015-01-08,13.409277108433738,0
2015-01-09,12.318865979381446,0
2015-01-10,11.57125,8
2015-01-11,9.723749999999999,24
2015-01-12,9.192727272727277,0
2015-01-13,9.224931506849309,0
2015-01-14,9.167812500000005,0
2015-01-15,9.962000000000007,0
2015-01-16,7.173333333333335,3
2015-01-17,11.914761904761916,0
2015-01-18,13.26170212765958,0
2015-01-19,11.566000000000003,0
2015-01-20,9.553947368421053,0
2015-01-21,8.416478873239438,0
2015-01-22,9.689466666666672,0
2015-01-23,9.8620731707317,0
2015-01-24,11.060655737704908,0
2015-01-25,12.738813559322036,0
2015-01-26,12.623333333333333,6
2015-01-27,8.976666666666667,6
2015-01-28,11.365675675675677,0
2015-01-29,14.47,3
2015-01-30,10.33,1
2015-01-31,11.209692307692313,0
2015-02-01,11.784545454545457,0
2015-02-02,9.36,1
2015-02-03,14.0506976744186,0
2015-02-04,14.466388888888876,0
2015-02-05,14.088059701492536,0
2015-02-06,13.093428571428568,35
2015-02-07,12.359285714285715,14
2015-02-08,13.792399999999997,25
2015-02-09,12.05,1
2015-02-10,11.381136363636363,0
2015-02-11,13.052096774193547,0
2015-02-12,14.65809523809524,0
2015-02-13,15.793404255319146,0
2015-02-14,16.29197530864198,0
2015-02-15,15.18,1
2015-02-16,15.224782608695659,0
2015-02-17,13.333068181818186,0
2015-02-18,13.799402985074632,0
2015-02-19,13.4828,0
2015-02-20,12.486813186813182,0
2015-02-21,12.39,1
2015-02-22,9.987000000000004,30
2015-02-23,6.191428571428571,7
2015-02-24,9.298769230769231,0
2015-02-25,11.193733333333341,0
2015-02-26,11.18470588235295,0
2015-02-27,6.45,2
2015-02-28,8.536666666666667,3
2015-03-01,7.178000000000002,10
2015-03-02,7.405000000000001,10
2015-03-03,9.09085365853658,0
2015-03-04,10.050769230769232,0
2015-03-05,11.284197530864198,0
2015-03-06,12.965154639175275,0
2015-03-07,14.994382022471928,0
2015-03-08,14.32026315789475,0
2015-03-09,14.62148648648648,0
2015-03-10,14.819500000000009,0
2015-03-11,11.5,1
2015-03-12,14.795476190476187,0
2015-03-13,17.163750000000032,0
2015-03-14,13.45,1
2015-03-15,18.15407894736843,0
2015-03-16,10.14,1
2015-03-17,14.982738095238092,0
2015-03-18,15.13,1
2015-03-19,15.479120879120895,0
2015-03-20,15.420666666666655,0
2015-03-21,14.974047619047615,0
2015-03-22,13.39,1
2015-03-23,11.32,1
2015-03-24,13.06617283950616,0
2015-03-25,15.537,0
2015-03-26,18.814705882352946,0
2015-03-27,18.569380530973444,0
2015-03-28,17.56676470588235,0
2015-03-29,17.85650793650794,0
2015-03-30,17.9410810810811,0
2015-03-31,14.824666666666666,0
2015-04-01,11.99064516129032,0
2015-04-02,12.061250000000005,0
2015-04-03,13.966883116883103,0
2015-04-04,14.191733333333332,0
2015-04-05,6.673333333333335,3
2015-04-06,9.00829545454546,0
2015-04-07,8.296071428571429,28
2015-04-08,9.660124999999997,0
2015-04-09,12.220481927710845,0
2015-04-10,13.608,0
2015-04-11,14.13394736842106,0
2015-04-12,16.013114754098346,0
2015-04-13,15.579358974358966,0
2015-04-14,12.038666666666664,0
2015-04-15,13.077752808988759,0
2015-04-16,14.998837209302348,0
2015-04-17,16.73959016393441,0
2015-04-18,17.80564356435647,0
2015-04-19,18.286703296703312,0
2015-04-20,16.78931506849314,0
2015-04-21,14.377076923076928,0
2015-04-22,14.793636363636361,0
2015-04-23,14.464130434782609,0
2015-04-24,13.736153846153845,13
2015-04-25,12.161200000000001,25
2015-04-26,13.900810810810821,0
2015-04-27,18.72223404255318,0
2015-04-28,19.492065217391293,0
2015-04-29,20.10792079207923,0
2015-04-30,22.681184210526332,0
2015-05-01,21.63791666666664,0
2015-05-02,19.391170212765957,0
2015-05-03,17.152159090909098,0
2015-05-04,15.526265060240961,0
2015-05-05,15.116024096385537,0
2015-05-06,14.30804597701149,0
2015-05-07,8.20625,8
2015-05-08,10.245,8
2015-05-09,14.52,1
2015-05-10,17.396666666666654,0
2015-05-11,16.89349056603774,0
2015-05-12,14.119333333333335,0
2015-05-13,13.297681159420286,0
2015-05-14,10.725652173913048,23
2015-05-15,11.04,1
2015-05-16,14.000799999999991,0
2015-05-17,7.72,3
2015-05-18,14.133483146067407,0
2015-05-19,14.788045977011496,0
2015-05-20,13.24,1
2015-05-21,14.893333333333336,3
2015-05-22,12.77,2
2015-05-23,13.92,1
2015-05-24,13.36,1
2015-05-25,17.324404761904766,0
2015-05-26,13.49,1
2015-05-27,18.343544303797483,0
2015-05-28,19.639565217391308,0
2015-05-29,20.679019607843113,0
2015-05-30,22.624814814814815,0
2015-05-31,20.973661971831003,0
2015-06-01,16.42,1
2015-06-02,18.814743589743586,0
2015-06-03,18.856527777777778,0
2015-06-04,16.19,1
2015-06-05,18.02,1
2015-06-06,20.99122222222221,0
2015-06-07,23.768625000000014,0
2015-06-08,27.213365384615372,0
2015-06-09,24.91,2
2015-06-10,19.236666666666668,9
2015-06-11,21.53,2
2015-06-12,26.65,2
2015-06-13,24.483960396039592,0
2015-06-14,23.025604395604404,0
2015-06-15,22.809154929577467,0
2015-06-16,23.188202247191008,0
2015-06-17,24.878965517241394,0
2015-06-18,23.51839080459769,0
2015-06-19,24.51044247787608,0
2015-06-20,24.64391304347828,0
2015-06-21,22.926746987951816,0
2015-06-22,22.999204545454557,0
2015-06-23,24.279270833333324,0
2015-06-24,24.130487804878037,0
2015-06-25,26.856363636363607,0
2015-06-26,27.832545454545468,0
2015-06-27,25.318780487804887,0
2015-06-28,26.68,1
2015-06-29,26.343797468354435,0
2015-06-30,29.364933333333326,0
2015-07-01,27.511860465116268,0
2015-07-02,27.75,1
2015-07-03,26.345000000000013,0
2015-07-04,26.46565217391305,0
2015-07-05,24.9205479452055,0
2015-07-06,23.470357142857136,0
2015-07-07,18.94,1
2015-07-08,20.923218390804614,0
2015-07-09,17.666666666666668,6
2015-07-10,19.516666666666666,3
2015-07-11,21.186299999999978,0
2015-07-12,22.30168421052631,0
2015-07-13,23.982083333333332,0
2015-07-14,23.20620253164559,0
2015-07-15,23.399489795918363,0
2015-07-16,24.336117647058813,0
2015-07-17,25.641484375,0
2015-07-18,23.21538461538461,13
2015-07-19,23.848333333333333,12
2015-07-20,23.17,1
2015-07-21,24.981445783132514,0
2015-07-22,22.3844927536232,0
2015-07-23,22.253846153846176,0
2015-07-24,22.951280000000025,0
2015-07-25,22.96227272727275,0
2015-07-26,23.04666666666667,0
2015-07-27,23.923879310344844,0
2015-07-28,25.793617021276585,0
2015-07-29,28.34690140845069,0
2015-07-30,27.430326086956512,0
2015-07-31,26.35507462686563,0
2015-08-01,24.751583333333333,0
2015-08-02,24.723896103896113,0
2015-08-03,23.62670329670329,0
2015-08-04,20.08,1
2015-08-05,24.219222222222232,0
2015-08-06,28.58,2
2015-08-07,16.9,2
2015-08-08,22.228295454545467,0
2015-08-09,23.709176470588233,0
2015-08-10,22.749545454545476,0
2015-08-11,22.693571428571424,0
2015-08-12,24.469895833333354,0
2015-08-13,24.400408163265336,0
2015-08-14,25.135116279069766,0
2015-08-15,27.86409523809522,0
2015-08-16,29.34219780219782,0
2015-08-17,27.752929292929316,0
2015-08-18,25.462911392405058,0
2015-08-19,23.932700000000025,0
2015-08-20,23.677200000000006,0
2015-08-21,22.894761904761907,0
2015-08-22,23.247400000000003,0
2015-08-23,23.970731707317093,0
2015-08-24,25.422886597938177,0
2015-08-25,25.661636363636344,0
2015-08-26,26.926000000000027,0
2015-08-27,27.58467289719628,0
2015-08-28,27.653577235772335,0
2015-08-29,24.197064220183453,0
2015-08-30,22.389620253164562,0
2015-08-31,23.078316831683175,0
2015-09-01,22.539230769230777,0
2015-09-02,20.963977272727252,0
2015-09-03,19.829252336448597,0
2015-09-04,19.12449152542373,0
2015-09-05,19.500254237288136,0
2015-09-06,22.30216216216215,0
2015-09-07,25.491159420289843,0
2015-09-08,27.586306306306277,0
2015-09-09,29.18876190476191,0
2015-09-10,28.759893617021266,0
2015-09-11,28.14336134453782,0
2015-09-12,25.291595744680833,0
2015-09-13,25.02605263157895,0
2015-09-14,18.91,2
2015-09-15,21.00727272727272,22
2015-09-16,13.01875,8
2015-09-17,18.422338709677405,0
2015-09-18,21.420882352941206,0
2015-09-19,24.238583333333356,0
2015-09-20,26.426330275229375,0
2015-09-21,26.11999999999998,0
2015-09-22,22.21723809523809,0
2015-09-23,22.222266666666677,0
2015-09-24,25.359569892473115,0
2015-09-25,25.911803278688534,0
2015-09-26,24.660176991150426,0
2015-09-27,23.345000000000024,0
2015-09-28,22.3888349514563,0
2015-09-29,15.8,1
2015-09-30,16.881999999999998,5
2015-10-01,15.314285714285717,7
2015-10-02,20.17670731707316,0
2015-10-03,20.17,2
2015-10-04,17.012222222222224,9
2015-10-05,14.964000000000002,10
2015-10-06,18.617019230769223,0
2015-10-07,20.723495934959324,0
2015-10-08,23.049912280701758,0
2015-10-09,24.030084745762686,0
2015-10-10,23.471956521739102,0
2015-10-11,23.861979166666696,0
2015-10-12,24.607906976744193,0
2015-10-13,25.268901098901097,0
2015-10-14,23.3482258064516,0
2015-10-15,20.771666666666672,6
2015-10-16,19.34,1
2015-10-17,14.403333333333336,6
2015-10-18,16.95,4
2015-10-19,15.896826923076919,0
2015-10-20,17.130291262135916,0
2015-10-21,18.62370786516854,0
2015-10-22,18.425440000000027,0
2015-10-23,18.78016000000001,0
2015-10-24,19.353302752293594,0
2015-10-25,18.484777777777772,0
2015-10-26,18.405098039215698,0
2015-10-27,17.75,1
2015-10-28,16.096666666666668,3
2015-10-29,15.47319327731094,0
2015-10-30,8.64,1
2015-10-31,19.234144144144135,0
2015-11-01,14.18875,16
2015-11-02,11.496857142857138,35
2015-11-03,7.946666666666666,3
2015-11-04,9.265338983050848,0
2015-11-05,10.407052631578951,0
2015-11-06,11.041428571428568,0
2015-11-07,12.422500000000017,0
2015-11-08,9.1,6
2015-11-09,7.136999999999999,10
2015-11-10,9.93,1
2015-11-11,9.007594936708852,0
2015-11-12,9.81125925925926,0
2015-11-13,12.202499999999997,0
2015-11-14,8.86,1
2015-11-15,6.978888888888888,18
2015-11-16,8.57,1
2015-11-17,8.59,1
2015-11-18,11.67109489051095,0
2015-11-19,8.92,1
2015-11-20,14.795064935064941,0
2015-11-21,14.367685185185191,0
2015-11-22,14.263690476190485,0
2015-11-23,12.971499999999992,0
2015-11-24,10.146666666666667,9
2015-11-25,3.1166666666666667,3
2015-11-26,8.82,2
2015-11-27,7.45,4
2015-11-28,4.760210526315791,0
2015-11-29,1.38,1
2015-11-30,5.9909375,0
2015-12-01,5.08,1
2015-12-02,9.929777777777778,0
2015-12-03,9.667857142857136,28
2015-12-04,3.87,1
2015-12-05,5.5,1
2015-12-06,11.684285714285712,7
2015-12-07,12.494297520661148,0
2015-12-08,11.95,2
2015-12-09,12.19,12
2015-12-10,10.834827586206895,29
2015-12-11,7.936249999999999,8
2015-12-12,6.1775,4
2015-12-13,6.794444444444444,18
2015-12-14,1.14,1
2015-12-15,-1.68,1
2015-12-16,4.873716814159288,0
2015-12-17,6.795,2
2015-12-18,7.502571428571426,35
2015-12-19,7.151052631578947,19
2015-12-20,6.744482758620688,29
2015-12-21,9.987073170731698,41
2015-12-22,9.839090909090908,33
2015-12-23,3.21,2
2015-12-24,3.5212499999999998,8
2015-12-25,2.8022352941176476,0
2015-12-26,-2.55,1
2015-12-27,5.0,1
2015-12-28,2.185714285714285,0
2015-12-29,2.866138613861387,0
2015-12-30,2.645,2
2015-12-31,6.195,2
2016-01-01,2.8349999999999977,0
2016-01-02,5.36592592592593,0
2016-01-03,8.32,1
2016-01-04,7.9975,12
2016-01-05,7.421929824561401,57
2016-01-06,5.943939393939396,66
2016-01-07,4.783333333333334,3
2016-01-08,6.702857142857142,7
2016-01-09,5.942666666666668,15
2016-01-10,5.580000000000001,3
2016-01-11,7.17,1
2016-01-12,8.12,2
2016-01-13,8.801250000000001,8
2016-01-14,7.922499999999998,16
2016-01-15,8.279230769230768,13
2016-01-16,10.058125,16
2016-01-17,11.458999999999998,20
2016-01-18,10.496153846153847,13
2016-01-19,9.173333333333334,33
2016-01-20,14.45,1
2016-01-21,10.72085470085468,0
2016-01-22,11.097894736842113,38
2016-01-23,7.720000000000001,10
2016-01-24,4.225,2
2016-01-25,9.43,4
2016-01-26,8.647108433734944,0
2016-01-27,10.402098765432092,0
2016-01-28,10.37,1
2016-01-29,12.380322580645164,31
2016-01-30,8.998000000000001,5
2016-01-31,5.6389473684210545,38
2016-02-01,2.044903846153848,0
2016-02-02,6.3933333333333335,3
2016-02-03,4.09,2
2016-02-04,6.913017241379319,0
2016-02-05,8.776055045871564,0
2016-02-06,10.516930693069307,0
2016-02-07,12.494057971014488,0
2016-02-08,13.654803921568611,0
2016-02-09,14.705842696629214,0
2016-02-10,10.57,1
2016-02-11,15.17702702702704,0
2016-02-12,14.443432835820898,0
2016-02-13,13.657719298245603,0
2016-02-14,14.103529411764717,0
2016-02-15,15.59000000000001,0
2016-02-16,16.357037037037035,0
2016-02-17,13.748181818181815,22
2016-02-18,9.435499999999998,20
2016-02-19,9.485714285714286,7
2016-02-20,10.39337209302327,0
2016-02-21,3.08,1
2016-02-22,12.403000000000004,0
2016-02-23,12.554285714285715,0
2016-02-24,13.507787610619474,0
2016-02-25,14.765576923076914,0
2016-02-26,9.053333333333333,3
2016-02-27,13.403534482758635,0
2016-02-28,10.66,1
2016-03-01,15.278037383177576,0
2016-03-02,7.96,1
2016-03-03,13.411428571428573,7
2016-03-04,13.085357142857143,28
2016-03-05,13.582238805970155,67
2016-03-06,13.528055555555556,36
2016-03-07,9.721666666666666,30
2016-03-08,7.953333333333333,3
2016-03-09,7.675000000000001,6
2016-03-10,11.652499999999996,16
2016-03-11,13.963333333333333,30
2016-03-12,10.301111111111112,18
2016-03-13,9.481944444444443,36
2016-03-14,10.285555555555554,9
2016-03-15,10.385087719298246,0
2016-03-16,12.051048387096776,0
2016-03-17,13.951893939393964,0
2016-03-18,15.779999999999982,0
2016-03-19,15.01262773722628,0
2016-03-20,12.965714285714286,7
2016-03-21,13.42,3
2016-03-22,11.06,1
2016-03-23,9.42659574468085,0
2016-03-24,11.450964912280703,0
2016-03-25,13.031328124999995,0
2016-03-26,13.740333333333327,0
2016-03-27,13.898124999999984,0
2016-03-28,15.745000000000001,2
2016-03-29,10.26,1
2016-03-30,8.376086956521743,0
2016-03-31,9.816700000000006,0
2016-04-01,11.991582733812942,0
2016-04-02,13.552916666666677,0
2016-04-03,15.52051282051284,0
2016-04-04,15.214949494949504,0
2016-04-05,15.313984962405998,0
2016-04-06,16.586909090909085,0
2016-04-07,19.607142857142858,7
2016-04-08,16.58222222222222,18
2016-04-09,14.726829268292683,41
2016-04-10,13.337777777777779,9
2016-04-11,12.53,2
2016-04-12,13.497757009345783,0
2016-04-13,14.071789473684216,0
2016-04-14,10.334999999999999,6
2016-04-15,12.258190476190467,0
2016-04-16,14.51,1
2016-04-17,15.480843373493967,0
2016-04-18,17.689454545454552,0
2016-04-19,19.372365591397845,0
2016-04-20,19.226526315789457,0
2016-04-21,14.71,2
2016-04-22,14.856111111111115,18
2016-04-23,12.65410256410256,0
2016-04-24,12.550752688172048,0
2016-04-25,14.32,1
2016-04-26,10.45742424242424,0
2016-04-27,8.440000000000001,2
2016-04-28,13.48,1
2016-04-29,13.940000000000001,2
2016-04-30,6.82,1
2016-05-01,14.301470588235299,0
2016-05-02,17.004495412844044,0
2016-05-03,17.63488095238096,0
2016-05-04,18.68,1
2016-05-05,16.907777777777778,9
2016-05-06,12.659047619047621,21
2016-05-07,13.460999999999999,10
2016-05-08,13.99,1
2016-05-09,14.859909909909907,0
2016-05-10,16.046346153846144,0
2016-05-11,17.495089285714272,0
2016-05-12,19.117948717948714,0
2016-05-13,19.89232142857142,0
2016-05-14,18.68267175572517,0
2016-05-15,16.477999999999973,0
2016-05-16,15.4,1
2016-05-17,17.648073394495388,0
2016-05-18,19.536198347107437,0
2016-05-19,21.671142857142836,0
2016-05-20,15.6675,8
2016-05-21,7.53,4
2016-05-22,12.028333333333322,0
2016-05-23,13.367669902912622,0
2016-05-24,13.784529914529909,0
2016-05-25,13.77971428571429,0
2016-05-26,14.79852713178295,0
2016-05-27,16.955373134328333,0
2016-05-28,19.046388888888906,0
2016-05-29,19.378679245283028,0
2016-05-30,20.261727272727267,0
2016-05-31,21.552500000000013,0
2016-06-01,23.856350364963493,0
2016-06-02,23.93238095238093,0
2016-06-03,24.103395061728435,0
2016-06-04,26.321239669421487,0
2016-06-05,25.97243589743592,0
2016-06-06,24.20077586206897,0
2016-06-07,23.08287037037037,0
2016-06-08,20.7,1
2016-06-09,20.55309090909089,0
2016-06-10,20.68942857142856,0
2016-06-11,20.95,1
2016-06-12,20.103434343434333,0
2016-06-13,20.002035398230095,0
2016-06-14,19.761896551724146,0
2016-06-15,17.498829787234044,0
2016-06-16,12.07,1
2016-06-17,13.545000000000002,2
2016-06-18,19.90653846153846,0
2016-06-19,22.060566037735832,0
2016-06-20,25.400729927007287,0
2016-06-21,26.733193277310907,0
2016-06-22,27.34660377358494,0
2016-06-23,25.297024793388427,0
2016-06-24,23.382585034013623,0
2016-06-25,23.26573770491806,0
2016-06-26,25.434615384615373,0
2016-06-27,28.116259541984757,0
2016-06-28,28.34185840707968,0
2016-06-29,28.781181818181846,0
2016-06-30,26.771639344262322,0
2016-07-01,27.2080821917808,0
2016-07-02,25.83938931297706,0
2016-07-03,24.092452830188662,0
2016-07-04,15.93,2
2016-07-05,23.48033333333337,0
2016-07-06,22.329687499999974,0
2016-07-07,21.55495238095239,0
2016-07-08,16.395,2
2016-07-09,22.737706422018373,0
2016-07-10,22.72878787878787,0
2016-07-11,21.266592592592566,0
2016-07-12,22.909904761904745,0
2016-07-13,23.02094339622644,0
2016-07-14,25.380247933884302,0
2016-07-15,26.23382165605095,0
2016-07-16,25.777672413793095,0
2016-07-17,24.239672131147525,0
2016-07-18,23.003362068965505,0
2016-07-19,22.564144144144155,0
2016-07-20,22.64114035087719,0
2016-07-21,24.231818181818184,0
2016-07-22,25.184066666666677,0
2016-07-23,26.153365384615377,0
2016-07-24,28.42896226415097,0
2016-07-25,27.647636363636394,0
2016-07-26,27.053071895424864,0
2016-07-27,28.797118644067815,0
2016-07-28,29.312173913043505,0
2016-07-29,29.96262500000001,0
2016-07-30,29.757477477477465,0
2016-07-31,30.25,1
2016-08-01,25.968321678321693,0
2016-08-02,25.96499999999996,0
2016-08-03,25.398444444444397,0
2016-08-04,25.867666666666675,0
2016-08-05,23.570397350993392,0
2016-08-06,22.869930069930067,0
2016-08-07,23.24255102040817,0
2016-08-08,23.271300813008136,0
2016-08-09,23.863021582733797,0
2016-08-10,23.138411214953262,0
2016-08-11,23.37233870967739,0
2016-08-12,24.064225352112654,0
2016-08-13,25.296206896551773,0
2016-08-14,27.605945945945926,0
2016-08-15,28.172440944881867,0
2016-08-16,26.3092,0
2016-08-17,25.948846153846166,0
2016-08-18,26.56251748251743,0
2016-08-19,25.61939189189192,0
2016-08-20,24.47227272727276,0
2016-08-21,25.30076190476193,0
2016-08-22,22.45,1
2016-08-23,23.711333333333318,0
2016-08-24,22.24,2
2016-08-25,23.792808219178056,0
2016-08-26,22.58,2
2016-08-27,21.58915966386555,0
2016-08-28,22.025357142857157,0
2016-08-29,23.56677685950415,0
2016-08-30,24.44930069930071,0
2016-08-31,25.595352112676057,0
2016-09-01,24.334230769230796,0
2016-09-02,23.19135802469137,0
2016-09-03,22.12687499999999,0
2016-09-04,19.87010752688173,0
2016-09-05,17.468518518518504,0
2016-09-06,19.205365853658524,0
2016-09-07,21.96152671755726,0
2016-09-08,24.100827067669172,0
2016-09-09,23.308000000000014,0
2016-09-10,23.882035398230084,0
2016-09-11,24.318426966292133,0
2016-09-12,23.97,1
2016-09-13,18.160480000000017,0
2016-09-14,15.773511450381688,0
2016-09-15,18.24469696969697,0
2016-09-16,19.963230769230776,0
2016-09-17,21.625384615384608,0
2016-09-18,24.063421052631558,0
2016-09-19,26.191562500000014,0
2016-09-20,26.5,1
2016-09-21,23.73168224299063,0
2016-09-22,20.712681159420285,0
2016-09-23,15.980292397660827,0
2016-09-24,17.505079365079364,0
2016-09-25,20.434528301886814,0
2016-09-26,24.539926470588224,0
2016-09-27,25.689572649572657,0
2016-09-28,25.53393442622951,0
2016-09-29,24.057801418439702,0
2016-09-30,22.190806451612943,0
2016-10-01,19.81183206106872,0
2016-10-02,15.706,5
2016-10-03,13.642,15
2016-10-04,14.368264462809897,0
2016-10-05,15.465530303030292,0
2016-10-06,15.040064102564079,0
2016-10-07,17.20706666666666,0
2016-10-08,19.999016393442613,0
2016-10-09,22.418494623655935,0
2016-10-10,22.547419354838706,0
2016-10-11,20.329280000000004,0
2016-10-12,17.45575000000001,0
2016-10-13,14.0525,4
2016-10-14,16.503548387096775,31
2016-10-15,15.72576923076923,26
2016-10-16,16.023030303030307,33
2016-10-17,15.814210526315797,19
2016-10-18,14.829523809523815,0
2016-10-19,14.878636363636373,0
2016-10-20,16.427142857142854,0
2016-10-21,18.381317365269478,0
2016-10-22,19.321015624999976,0
2016-10-23,21.48,1
2016-10-24,16.527692307692313,13
2016-10-25,13.717500000000001,16
2016-10-26,16.248524590163935,0
2016-10-27,17.46441860465115,43
2016-10-28,15.757692307692304,39
2016-10-29,10.54,2
2016-10-30,15.256875,16
2016-10-31,12.202857142857141,14
2016-11-01,12.97875,8
2016-11-02,12.018510638297858,0
2016-11-03,13.45338842975208,0
2016-11-04,15.60282208588958,0
2016-11-05,11.47,1
2016-11-06,15.987604166666673,0
2016-11-07,14.903357664233576,0
2016-11-08,17.09249999999998,0
2016-11-09,17.93643478260872,0
2016-11-10,18.604928571428584,0
2016-11-11,14.02,2
2016-11-12,18.08561904761907,0
2016-11-13,17.481041666666666,0
2016-11-14,16.939391891891873,0
2016-11-15,10.79,2
2016-11-16,14.465365853658549,0
2016-11-17,10.279182389937102,0
2016-11-18,8.567750000000007,0
2016-11-19,10.198571428571427,28
2016-11-20,11.981016949152538,59
2016-11-21,12.811249999999998,16
2016-11-22,8.815000000000001,4
2016-11-23,4.54,3
2016-11-24,4.42,1
2016-11-25,9.060000000000006,0
2016-11-26,8.34727272727273,55
2016-11-27,7.349583333333334,24
2016-11-28,8.879999999999999,5
2016-11-29,6.517377049180326,0
2016-11-30,6.735371900826452,0
2016-12-01,7.306742424242415,0
2016-12-02,7.014719999999989,0
2016-12-03,5.606756756756764,0
2016-12-04,8.04592592592593,0
2016-12-05,9.373488372093034,0
2016-12-06,7.861103448275869,0
2016-12-07,5.530476190476191,21
2016-12-08,4.276874999999999,64
2016-12-09,8.777500000000002,12
2016-12-10,12.1825,16
2016-12-11,5.005,2
2016-12-12,9.632773109243699,0
2016-12-13,7.733333333333332,6
2016-12-14,6.090909090909091,11
2016-12-15,11.662089552238799,67
2016-12-16,11.982800000000003,25
2016-12-17,6.792499999999999,0
2016-12-18,2.781666666666665,0
2016-12-19,2.859270072992701,0
2016-12-20,4.983521126760571,0
2016-12-21,8.929444444444446,18
2016-12-22,9.318181818181817,22
2016-12-23,7.955468749999996,64
2016-12-24,8.293076923076923,13
2016-12-25,2.696607142857144,0
2016-12-26,1.612553191489361,0
2016-12-27,1.83,1
2016-12-28,5.987368421052631,0
2016-12-29,7.481777777777775,0
2016-12-30,11.530833333333334,12
2016-12-31,9.566923076923077,13
2017-01-01,7.01,1
2017-01-02,3.6375,8
2017-01-03,6.6069999999999975,40
2017-01-04,8.677500000000002,44
2017-01-05,7.607142857142857,7
2017-01-06,4.68,2
2017-01-07,7.4305,40
2017-01-08,12.506666666666675,63
2017-01-09,10.283888888888889,18
2017-01-10,10.04258064516129,31
2017-01-11,7.5657142857142885,21
2017-01-12,6.174571428571427,35
2017-01-13,5.884999999999999,6
2017-01-14,6.489175257731966,0
2017-01-15,6.57,1
2017-01-16,5.434444444444445,0
2017-01-17,6.443434343434341,0
2017-01-18,6.808000000000001,35
2017-01-19,6.3137037037037045,27
2017-01-20,6.29240740740741,54
2017-01-21,6.505,28
2017-01-22,6.906428571428566,56
2017-01-23,5.163684210526315,19
2017-01-24,-1.39,1
2017-01-25,3.9887096774193527,0
2017-01-26,2.914202898550721,0
2017-01-27,4.071527777777779,0
2017-01-28,5.89,1
2017-01-29,8.325890410958907,0
2017-01-30,9.594380165289275,0
2017-01-31,10.964012738853501,0
2017-02-01,10.003333333333332,3
2017-02-02,9.319333333333333,15
2017-02-03,10.837872340425534,47
2017-02-04,7.7,5
2017-02-05,10.129999999999999,17
2017-02-06,10.425294117647057,51
2017-02-07,11.31708333333333,24
2017-02-08,13.858125000000001,16
2017-02-09,12.790476190476186,21
2017-02-10,11.198823529411763,17
2017-02-11,10.59,10
2017-02-12,8.76974025974026,0
2017-02-13,10.29140000000001,0
2017-02-14,11.7,1
2017-02-15,9.56,1
2017-02-16,11.145384615384614,13
2017-02-17,9.169574468085106,94
2017-02-18,9.194000000000003,20
2017-02-19,6.845000000000001,20
2017-02-20,10.369333333333332,45
2017-02-21,9.228125000000002,16
2017-02-22,6.014732142857137,0
2017-02-23,0.62,1
2017-02-24,3.8705128205128223,0
2017-02-25,4.903297872340419,0
2017-02-26,6.721428571428572,7
2017-02-27,7.966666666666668,3
2017-02-28,5.565,2
2017-03-01,7.806260869565225,0
2017-03-02,10.16,1
2017-03-03,11.085285714285712,0
2017-03-04,8.486666666666665,18
2017-03-05,5.08,19
2017-03-06,5.789999999999999,3
2017-03-07,3.39,1
2017-03-08,12.130892857142854,0
2017-03-09,14.688230088495565,0
2017-03-10,15.391376811594192,0
2017-03-11,14.99933962264151,0
2017-03-12,15.204806201550394,0
2017-03-13,16.874249999999982,0
2017-03-14,18.150917431192696,0
2017-03-15,15.844262295081952,0
2017-03-16,15.337017543859632,0
2017-03-17,9.74,1
2017-03-18,15.15106557377047,0
2017-03-19,11.19,1
2017-03-20,12.940357142857142,28
2017-03-21,12.414374999999998,16
2017-03-22,8.891111111111108,18
2017-03-23,9.428611111111113,0
2017-03-24,9.706521739130439,23
2017-03-25,9.591666666666665,6
2017-03-26,10.078,10
2017-03-27,7.61,1
2017-03-28,11.981551724137939,0
2017-03-29,9.76,1
2017-03-30,11.695076923076938,0
2017-03-31,10.436240601503755,0
2017-04-01,14.084013605442191,0
2017-04-02,14.630485436893213,0
2017-04-03,13.11551724137931,0
2017-04-04,14.11513761467889,0
2017-04-05,15.898558558558543,0
2017-04-06,11.768275862068965,29
2017-04-07,10.553200000000006,50
2017-04-08,8.846153846153845,13
2017-04-09,9.15,1
2017-04-10,12.156050420168043,0
2017-04-11,9.379999999999999,2
2017-04-12,11.370000000000001,7
2017-04-13,7.241428571428573,14
2017-04-14,9.830833333333342,0
2017-04-15,12.553245614035074,0
2017-04-16,12.049333333333333,15
2017-04-17,12.236428571428572,14
2017-04-18,11.354000000000001,10
2017-04-19,10.115,4
2017-04-20,4.74,1
2017-04-21,16.14901408450704,0
2017-04-22,16.078446601941746,0
2017-04-23,13.887228915662655,0
2017-04-24,8.446000000000002,5
2017-04-25,12.756037735849068,0
2017-04-26,13.49,2
2017-04-27,15.06652777777778,0
2017-04-28,13.515851851851853,0
2017-04-29,14.971076923076929,0
2017-04-30,17.165546218487393,0
2017-05-01,18.955333333333325,0
2017-05-02,20.413757961783464,0
2017-05-03,22.477908496732038,0
2017-05-04,17.96,1
2017-05-05,16.391597222222224,0
2017-05-06,10.933333333333332,3
2017-05-07,9.301538461538463,13
2017-05-08,15.268538461538457,0
2017-05-09,17.405702479338856,0
2017-05-10,15.158348623853213,0
2017-05-11,15.632137404580126,0
2017-05-12,12.987468354430362,0
2017-05-13,5.07,1
2017-05-14,12.4,2
2017-05-15,10.88,1
2017-05-16,5.58,1
2017-05-17,13.274330708661392,0
2017-05-18,15.897302631578956,0
2017-05-19,19.226304347826122,0
2017-05-20,21.21275862068964,0
2017-05-21,22.476065573770487,0
2017-05-22,22.466764705882337,0
2017-05-23,22.859920634920645,0
2017-05-24,19.00277310924367,0
2017-05-25,14.2,2
2017-05-26,15.23,1
2017-05-27,17.170180180180182,0
2017-05-28,19.434948453608225,0
2017-05-29,19.32761904761904,0
2017-05-30,18.188865248226932,0
2017-05-31,18.65833333333333,6
2017-06-01,19.03,1
2017-06-02,21.021818181818198,0
2017-06-03,21.17726027397262,0
2017-06-04,20.746396396396403,0
2017-06-05,20.244117647058808,0
2017-06-06,20.546048387096757,0
2017-06-07,18.270961538461545,0
2017-06-08,14.199545454545456,22
2017-06-09,16.39,1
2017-06-10,15.75,1
2017-06-11,9.485,2
2017-06-12,14.091170212765967,0
2017-06-13,17.843057851239653,0
2017-06-14,21.48298507462689,0
2017-06-15,22.10594936708863,0
2017-06-16,25.467682926829333,0
2017-06-17,26.58448484848487,0
2017-06-18,29.238833333333364,0
2017-06-19,28.681999999999995,0
2017-06-20,28.535689655172384,0
2017-06-21,28.44083333333331,0
2017-06-22,29.4652142857143,0
2017-06-23,26.8393125,0
2017-06-24,26.792038834951505,0
2017-06-25,26.403818181818206,0
2017-06-26,23.326637931034433,0
2017-06-27,22.49110236220468,0
2017-06-28,22.081260504201698,0
2017-06-29,23.014264705882333,0
2017-06-30,22.86509433962265,0
2017-07-01,22.6055474452555,0
2017-07-02,23.28447916666668,0
2017-07-03,23.785803571428563,0
2017-07-04,24.689393939393934,0
2017-07-05,25.545826086956513,0
2017-07-06,27.81247706422015,0
2017-07-07,29.881503759398484,0
2017-07-08,29.382680412371155,0
2017-07-09,26.788160919540257,0
2017-07-10,28.56,2
2017-07-11,25.387083333333297,0
2017-07-12,24.564045801526696,0
2017-07-13,24.963546099290767,0
2017-07-14,26.348188405797124,0
2017-07-15,27.29564102564105,0
2017-07-16,28.558691588785035,0
2017-07-17,27.210714285714282,0
2017-07-18,24.179401709401727,0
2017-07-19,24.29456896551725,0
2017-07-20,24.001679389312994,0
2017-07-21,24.381436781609178,0
2017-07-22,26.390535714285754,0
2017-07-23,27.25221311475408,0
2017-07-24,24.868173913043464,0
2017-07-25,24.649262295081968,0
2017-07-26,25.318872180451148,0
2017-07-27,26.844890510948915,0
2017-07-28,26.614230769230772,0
2017-07-29,25.630846153846168,0
2017-07-30,24.54,1
2017-07-31,27.81105263157896,0
2017-08-01,29.27,1
2017-08-02,28.254513274336308,0
2017-08-03,27.01,1
2017-08-04,26.684662162162173,0
2017-08-05,26.068045112781913,0
2017-08-06,24.824761904761903,0
2017-08-07,24.61218487394954,0
2017-08-08,24.935089285714266,0
2017-08-09,24.353440860215073,0
2017-08-10,24.363307692307714,0
2017-08-11,25.506228571428615,0
2017-08-12,25.53348214285711,0
2017-08-13,23.885478260869576,0
2017-08-14,21.059838709677404,0
2017-08-15,20.005126050420174,0
2017-08-16,21.874214285714256,0
2017-08-17,24.216296296296264,0
2017-08-18,25.161560283687926,0
2017-08-19,24.342093023255803,0
2017-08-20,24.0879411764706,0
2017-08-21,24.215250000000008,0
2017-08-22,24.80807999999996,0
2017-08-23,24.663161764705862,0
2017-08-24,24.75330985915492,0
2017-08-25,25.37191489361706,0
2017-08-26,28.29769841269843,0
2017-08-27,30.59000000000003,0
2017-08-28,30.575398230088478,0
2017-08-29,28.495524475524473,0
2017-08-30,27.398211382113807,0
2017-08-31,30.0,2
2017-09-01,31.079574468085102,0
2017-09-02,30.72,1
2017-09-03,29.354000000000003,5
2017-09-04,27.4111111111111,0
2017-09-05,26.615447761194027,0
2017-09-06,25.559826086956548,0
2017-09-07,17.77,2
2017-09-08,31.49,1
2017-09-09,23.6683870967742,0
2017-09-10,26.503333333333323,0
2017-09-11,25.701250000000005,8
2017-09-12,21.53,1
2017-09-13,21.82,1
2017-09-14,19.39579710144927,0
2017-09-15,19.328563535911634,0
2017-09-16,17.22,1
2017-09-17,15.64,1
2017-09-18,19.90928057553956,0
2017-09-19,18.09280821917808,0
2017-09-20,12.719999999999999,5
2017-09-21,7.600769230769232,13
2017-09-22,14.737411764705891,0
2017-09-23,15.488842975206607,0
2017-09-24,17.931442307692297,0
2017-09-25,19.401086956521734,0
2017-09-26,21.722666666666647,0
2017-09-27,22.946338028169016,0
2017-09-28,22.762000000000004,0
2017-09-29,20.98932203389832,0
2017-09-30,19.894275862068955,0
2017-10-01,18.47948717948718,0
2017-10-02,16.347784431137715,0
2017-10-03,15.594931506849314,0
2017-10-04,16.684756097561007,0
2017-10-05,18.267305389221534,0
2017-10-06,20.182378048780464,0
2017-10-07,21.096638655462197,0
2017-10-08,18.59193548387097,0
2017-10-09,17.696054421768704,0
2017-10-10,18.84040983606559,0
2017-10-11,15.887037037037054,0
2017-10-12,14.781830065359497,0
2017-10-13,15.793966480446953,0
2017-10-14,16.95733870967742,0
2017-10-15,19.703272727272726,0
2017-10-16,20.965411764705877,0
2017-10-17,21.108475609756105,0
2017-10-18,19.104294871794863,0
2017-10-19,11.966666666666667,6
2017-10-20,11.773750000000001,8
2017-10-21,13.4832666666667,0
2017-10-22,11.71,1
2017-10-23,21.394135802469147,0
2017-10-24,23.128666666666675,0
2017-10-25,23.02381249999999,0
2017-10-26,22.78654054054056,0
2017-10-27,21.52414201183431,0
2017-10-28,20.662999999999993,0
2017-10-29,18.683391304347836,0
2017-10-30,15.39,1
2017-10-31,14.61,1
2017-11-01,13.82872180451128,0
2017-11-02,10.14,3
2017-11-03,10.807333333333334,15
2017-11-04,9.492857142857144,7
2017-11-05,8.615,4
2017-11-06,11.593924050632893,0
2017-11-07,12.172748538011701,0
2017-11-08,10.71904761904762,21
2017-11-09,13.496249999999996,16
2017-11-10,11.722000000000001,10
2017-11-11,11.978226950354609,0
2017-11-12,11.71826923076923,0
2017-11-13,11.553846153846155,13
2017-11-14,10.86,2
2017-11-15,11.169189189189188,37
2017-11-16,11.970869565217386,69
2017-11-17,9.945294117647057,17
2017-11-18,10.742295081967217,0
2017-11-19,9.21,1
2017-11-20,10.147499999999999,8
2017-11-21,16.235705128205122,0
2017-11-22,18.65245398773007,0
2017-11-23,12.74,1
2017-11-24,16.708541666666658,0
2017-11-25,16.98752475247526,0
2017-11-26,13.818461538461541,13
2017-11-27,7.26,5
2017-11-28,9.376713286713292,0
2017-11-29,10.751920529801325,0
2017-11-30,11.141161290322584,0
2017-12-01,11.327950310558993,0
2017-12-02,7.625,2
2017-12-03,6.242857142857143,7
2017-12-04,7.2095172413792925,0
2017-12-05,7.8238311688311715,0
2017-12-06,9.481349693251536,0
2017-12-07,9.730758620689645,0
2017-12-08,10.76849462365593,0
2017-12-09,10.88722222222222,0
2017-12-10,10.84978723404255,0
2017-12-11,11.902681159420297,0
2017-12-12,10.636818181818208,0
2017-12-13,10.678866666666678,0
2017-12-14,11.266000000000007,0
2017-12-15,11.505588235294123,0
2017-12-16,8.46366666666666,0
2017-12-17,7.994845360824745,0
2017-12-18,9.858943661971823,0
2017-12-19,6.746666666666666,3
2017-12-20,4.8100000000000005,4
2017-12-21,4.612499999999998,0
2017-12-22,6.245432098765426,0
2017-12-23,8.296349206349209,0
2017-12-24,9.532608695652176,0
2017-12-25,9.326774193548385,0
2017-12-26,10.043529411764702,0
2017-12-27,10.720916666666682,0
2017-12-28,11.320560747663547,0
2017-12-29,12.33658119658122,0
2017-12-30,12.72166666666667,0
2017-12-31,11.248382352941183,0
