collision_date,collisions
2001-01-01,21
2001-01-02,23
2001-01-03,27
2001-01-04,33
2001-01-05,35
2001-01-06,28
2001-01-07,23
2001-01-08,19
2001-01-09,29
2001-01-10,19
2001-01-11,20
2001-01-12,22
2001-01-13,26
2001-01-14,14
2001-01-15,28
2001-01-16,19
2001-01-17,26
2001-01-18,35
2001-01-19,30
2001-01-20,24
2001-01-21,21
2001-01-22,35
2001-01-23,30
2001-01-24,15
2001-01-25,34
2001-01-26,26
2001-01-27,28
2001-01-28,15
2001-01-29,24
2001-01-30,40
2001-01-31,29
2001-02-01,36
2001-02-02,37
2001-02-03,41
2001-02-04,33
2001-02-05,46
2001-02-06,32
2001-02-07,28
2001-02-08,23
2001-02-09,20
2001-02-10,18
2001-02-11,16
2001-02-12,15
2001-02-13,28
2001-02-14,32
2001-02-15,30
2001-02-16,43
2001-02-17,14
2001-02-18,15
2001-02-19,27
2001-02-20,26
2001-02-21,29
2001-02-22,14
2001-02-23,14
2001-02-24,17
2001-02-25,17
2001-02-26,25
2001-02-27,28
2001-02-28,26
2001-03-01,34
2001-03-02,29
2001-03-03,25
2001-03-04,4
2001-03-05,21
2001-03-06,24
2001-03-07,34
2001-03-08,29
2001-03-09,28
2001-03-10,21
2001-03-11,20
2001-03-12,28
2001-03-13,47
2001-03-14,42
2001-03-15,37
2001-03-16,28
2001-03-17,37
2001-03-18,32
2001-03-19,50
2001-03-20,46
2001-03-21,39
2001-03-22,39
2001-03-23,28
2001-03-24,29
2001-03-25,16
2001-03-26,38
2001-03-27,39
2001-03-28,41
2001-03-29,50
2001-03-30,42
2001-03-31,35
2001-04-01,29
2001-04-02,39
2001-04-03,33
2001-04-04,40
2001-04-05,37
2001-04-06,30
2001-04-07,21
2001-04-08,18
2001-04-09,31
2001-04-10,56
2001-04-11,34
2001-04-12,28
2001-04-13,43
2001-04-14,26
2001-04-15,29
2001-04-16,35
2001-04-17,45
2001-04-18,22
2001-04-19,32
2001-04-20,22
2001-04-21,26
2001-04-22,34
2001-04-23,50
2001-04-24,53
2001-04-25,31
2001-04-26,50
2001-04-27,37
2001-04-28,36
2001-04-29,31
2001-04-30,44
2001-05-01,45
2001-05-02,40
2001-05-03,33
2001-05-04,48
2001-05-05,46
2001-05-06,32
2001-05-07,49
2001-05-08,52
2001-05-09,35
2001-05-10,37
2001-05-11,37
2001-05-12,36
2001-05-13,28
2001-05-14,30
2001-05-15,54
2001-05-16,48
2001-05-17,57
2001-05-18,45
2001-05-19,30
2001-05-20,26
2001-05-21,36
2001-05-22,40
2001-05-23,48
2001-05-24,48
2001-05-25,31
2001-05-26,25
2001-05-27,32
2001-05-28,47
2001-05-29,58
2001-05-30,30
2001-05-31,40
2001-06-01,45
2001-06-02,36
2001-06-03,30
2001-06-04,43
2001-06-05,42
2001-06-06,39
2001-06-07,53
2001-06-08,61
2001-06-09,29
2001-06-10,33
2001-06-11,39
2001-06-12,55
2001-06-13,58
2001-06-14,71
2001-06-15,54
2001-06-16,36
2001-06-17,25
2001-06-18,44
2001-06-19,43
2001-06-20,41
2001-06-21,41
2001-06-22,37
2001-06-23,38
2001-06-24,36
2001-06-25,53
2001-06-26,55
2001-06-27,40
2001-06-28,49
2001-06-29,56
2001-06-30,35
2001-07-01,29
2001-07-02,52
2001-07-03,39
2001-07-04,48
2001-07-05,36
2001-07-06,57
2001-07-07,31
2001-07-08,23
2001-07-09,50
2001-07-10,53
2001-07-11,47
2001-07-12,47
2001-07-13,46
2001-07-14,37
2001-07-15,37
2001-07-16,42
2001-07-17,41
2001-07-18,49
2001-07-19,45
2001-07-20,38
2001-07-21,38
2001-07-22,26
2001-07-23,40
2001-07-24,40
2001-07-25,49
2001-07-26,35
2001-07-27,51
2001-07-28,33
2001-07-29,30
2001-07-30,37
2001-07-31,46
2001-08-01,54
2001-08-02,42
2001-08-03,51
2001-08-04,38
2001-08-05,26
2001-08-06,52
2001-08-07,41
2001-08-08,33
2001-08-09,41
2001-08-10,39
2001-08-11,35
2001-08-12,34
2001-08-13,43
2001-08-14,52
2001-08-15,49
2001-08-16,50
2001-08-17,26
2001-08-18,34
2001-08-19,28
2001-08-20,49
2001-08-21,34
2001-08-22,36
2001-08-23,36
2001-08-24,47
2001-08-25,33
2001-08-26,33
2001-08-27,35
2001-08-28,35
2001-08-29,47
2001-08-30,38
2001-08-31,38
2001-09-01,40
2001-09-02,27
2001-09-03,27
2001-09-04,45
2001-09-05,49
2001-09-06,38
2001-09-07,51
2001-09-08,25
2001-09-09,18
2001-09-10,47
2001-09-11,48
2001-09-12,46
2001-09-13,41
2001-09-14,41
2001-09-15,39
2001-09-16,32
2001-09-17,46
2001-09-18,43
2001-09-19,39
2001-09-20,36
2001-09-21,43
2001-09-22,29
2001-09-23,16
2001-09-24,41
2001-09-25,50
2001-09-26,53
2001-09-27,51
2001-09-28,54
2001-09-29,42
2001-09-30,35
2001-10-01,40
2001-10-02,48
2001-10-03,48
2001-10-04,41
2001-10-05,42
2001-10-06,39
2001-10-07,17
2001-10-08,28
2001-10-09,53
2001-10-10,44
2001-10-11,44
2001-10-12,48
2001-10-13,40
2001-10-14,33
2001-10-15,49
2001-10-16,51
2001-10-17,54
2001-10-18,59
2001-10-19,58
2001-10-20,36
2001-10-21,25
2001-10-22,45
2001-10-23,45
2001-10-24,43
2001-10-25,42
2001-10-26,32
2001-10-27,29
2001-10-28,31
2001-10-29,31
2001-10-30,26
2001-10-31,40
2001-11-01,30
2001-11-02,41
2001-11-03,37
2001-11-04,22
2001-11-05,46
2001-11-06,32
2001-11-07,41
2001-11-08,41
2001-11-09,32
2001-11-10,30
2001-11-11,12
2001-11-12,22
2001-11-13,41
2001-11-14,53
2001-11-15,45
2001-11-16,21
2001-11-17,32
2001-11-18,20
2001-11-19,22
2001-11-20,33
2001-11-21,24
2001-11-22,14
2001-11-23,19
2001-11-24,12
2001-11-25,14
2001-11-26,23
2001-11-27,32
2001-11-28,25
2001-11-29,24
2001-11-30,43
2001-12-01,20
2001-12-02,14
2001-12-03,25
2001-12-04,36
2001-12-05,28
2001-12-06,36
2001-12-07,39
2001-12-08,23
2001-12-09,24
2001-12-10,27
2001-12-11,33
2001-12-12,36
2001-12-13,31
2001-12-14,26
2001-12-15,29
2001-12-16,16
2001-12-17,21
2001-12-18,28
2001-12-19,24
2001-12-20,26
2001-12-21,33
2001-12-22,14
2001-12-23,13
2001-12-24,13
2001-12-25,15
2001-12-26,27
2001-12-27,20
2001-12-28,22
2001-12-29,12
2001-12-30,16
2001-12-31,14
2002-01-01,9
2002-01-02,12
2002-01-03,27
2002-01-04,22
2002-01-05,29
2002-01-06,20
2002-01-07,25
2002-01-08,32
2002-01-09,35
2002-01-10,32
2002-01-11,41
2002-01-12,26
2002-01-13,31
2002-01-14,40
2002-01-15,29
2002-01-16,25
2002-01-17,25
2002-01-18,28
2002-01-19,27
2002-01-20,17
2002-01-21,23
2002-01-22,28
2002-01-23,22
2002-01-24,38
2002-01-25,34
2002-01-26,22
2002-01-27,10
2002-01-28,33
2002-01-29,21
2002-01-30,23
2002-01-31,28
2002-02-01,13
2002-02-02,23
2002-02-03,11
2002-02-04,35
2002-02-05,43
2002-02-06,34
2002-02-07,25
2002-02-08,36
2002-02-09,30
2002-02-10,30
2002-02-11,28
2002-02-12,44
2002-02-13,28
2002-02-14,34
2002-02-15,37
2002-02-16,20
2002-02-17,7
2002-02-18,22
2002-02-19,26
2002-02-20,41
2002-02-21,32
2002-02-22,31
2002-02-23,36
2002-02-24,15
2002-02-25,39
2002-02-26,39
2002-02-27,40
2002-02-28,52
2002-03-01,45
2002-03-02,25
2002-03-03,38
2002-03-04,46
2002-03-05,36
2002-03-06,28
2002-03-07,23
2002-03-08,39
2002-03-09,34
2002-03-10,19
2002-03-11,45
2002-03-12,37
2002-03-13,40
2002-03-14,29
2002-03-15,31
2002-03-16,22
2002-03-17,17
2002-03-18,27
2002-03-19,36
2002-03-20,31
2002-03-21,33
2002-03-22,33
2002-03-23,25
2002-03-24,24
2002-03-25,26
2002-03-26,42
2002-03-27,49
2002-03-28,35
2002-03-29,29
2002-03-30,33
2002-03-31,19
2002-04-01,38
2002-04-02,40
2002-04-03,38
2002-04-04,22
2002-04-05,27
2002-04-06,23
2002-04-07,21
2002-04-08,35
2002-04-09,38
2002-04-10,31
2002-04-11,41
2002-04-12,62
2002-04-13,48
2002-04-14,32
2002-04-15,40
2002-04-16,39
2002-04-17,29
2002-04-18,27
2002-04-19,39
2002-04-20,31
2002-04-21,31
2002-04-22,46
2002-04-23,48
2002-04-24,48
2002-04-25,39
2002-04-26,24
2002-04-27,25
2002-04-28,34
2002-04-29,29
2002-04-30,49
2002-05-01,38
2002-05-02,37
2002-05-03,41
2002-05-04,44
2002-05-05,27
2002-05-06,51
2002-05-07,41
2002-05-08,44
2002-05-09,52
2002-05-10,49
2002-05-11,32
2002-05-12,28
2002-05-13,44
2002-05-14,41
2002-05-15,50
2002-05-16,47
2002-05-17,53
2002-05-18,41
2002-05-19,12
2002-05-20,19
2002-05-21,36
2002-05-22,46
2002-05-23,43
2002-05-24,45
2002-05-25,28
2002-05-26,19
2002-05-27,28
2002-05-28,40
2002-05-29,45
2002-05-30,33
2002-05-31,39
2002-06-01,38
2002-06-02,28
2002-06-03,44
2002-06-04,50
2002-06-05,45
2002-06-06,40
2002-06-07,40
2002-06-08,23
2002-06-09,31
2002-06-10,43
2002-06-11,30
2002-06-12,45
2002-06-13,52
2002-06-14,43
2002-06-15,33
2002-06-16,28
2002-06-17,52
2002-06-18,37
2002-06-19,46
2002-06-20,43
2002-06-21,30
2002-06-22,28
2002-06-23,25
2002-06-24,32
2002-06-25,46
2002-06-26,45
2002-06-27,43
2002-06-28,31
2002-06-29,22
2002-06-30,34
2002-07-01,44
2002-07-02,46
2002-07-03,45
2002-07-04,34
2002-07-05,37
2002-07-06,31
2002-07-07,33
2002-07-08,41
2002-07-09,31
2002-07-10,37
2002-07-11,41
2002-07-12,38
2002-07-13,48
2002-07-14,19
2002-07-15,45
2002-07-16,38
2002-07-17,46
2002-07-18,34
2002-07-19,29
2002-07-20,26
2002-07-21,30
2002-07-22,38
2002-07-23,43
2002-07-24,43
2002-07-25,42
2002-07-26,49
2002-07-27,25
2002-07-28,36
2002-07-29,38
2002-07-30,41
2002-07-31,51
2002-08-01,42
2002-08-02,43
2002-08-03,32
2002-08-04,35
2002-08-05,24
2002-08-06,36
2002-08-07,34
2002-08-08,58
2002-08-09,42
2002-08-10,35
2002-08-11,29
2002-08-12,26
2002-08-13,50
2002-08-14,29
2002-08-15,43
2002-08-16,35
2002-08-17,29
2002-08-18,21
2002-08-19,38
2002-08-20,32
2002-08-21,36
2002-08-22,51
2002-08-23,36
2002-08-24,23
2002-08-25,34
2002-08-26,43
2002-08-27,45
2002-08-28,40
2002-08-29,39
2002-08-30,46
2002-08-31,36
2002-09-01,33
2002-09-02,32
2002-09-03,57
2002-09-04,41
2002-09-05,45
2002-09-06,51
2002-09-07,37
2002-09-08,32
2002-09-09,47
2002-09-10,40
2002-09-11,54
2002-09-12,52
2002-09-13,48
2002-09-14,26
2002-09-15,21
2002-09-16,42
2002-09-17,58
2002-09-18,38
2002-09-19,39
2002-09-20,40
2002-09-21,43
2002-09-22,21
2002-09-23,50
2002-09-24,45
2002-09-25,36
2002-09-26,43
2002-09-27,58
2002-09-28,37
2002-09-29,26
2002-09-30,40
2002-10-01,41
2002-10-02,52
2002-10-03,49
2002-10-04,40
2002-10-05,43
2002-10-06,33
2002-10-07,40
2002-10-08,48
2002-10-09,31
2002-10-10,44
2002-10-11,43
2002-10-12,33
2002-10-13,24
2002-10-14,45
2002-10-15,39
2002-10-16,25
2002-10-17,33
2002-10-18,41
2002-10-19,23
2002-10-20,14
2002-10-21,35
2002-10-22,44
2002-10-23,35
2002-10-24,35
2002-10-25,39
2002-10-26,27
2002-10-27,28
2002-10-28,36
2002-10-29,28
2002-10-30,38
2002-10-31,33
2002-11-01,38
2002-11-02,29
2002-11-03,31
2002-11-04,24
2002-11-05,60
2002-11-06,43
2002-11-07,30
2002-11-08,21
2002-11-09,23
2002-11-10,17
2002-11-11,32
2002-11-12,30
2002-11-13,40
2002-11-14,44
2002-11-15,45
2002-11-16,26
2002-11-17,25
2002-11-18,35
2002-11-19,28
2002-11-20,41
2002-11-21,25
2002-11-22,31
2002-11-23,19
2002-11-24,26
2002-11-25,36
2002-11-26,31
2002-11-27,35
2002-11-28,16
2002-11-29,21
2002-11-30,23
2002-12-01,25
2002-12-02,36
2002-12-03,32
2002-12-04,31
2002-12-05,20
2002-12-06,37
2002-12-07,18
2002-12-08,19
2002-12-09,26
2002-12-10,38
2002-12-11,35
2002-12-12,26
2002-12-13,27
2002-12-14,13
2002-12-15,10
2002-12-16,16
2002-12-17,17
2002-12-18,29
2002-12-19,17
2002-12-20,29
2002-12-21,23
2002-12-22,19
2002-12-23,18
2002-12-24,10
2002-12-25,13
2002-12-26,25
2002-12-27,17
2002-12-28,20
2002-12-29,16
2002-12-30,27
2002-12-31,14
2003-01-01,27
2003-01-02,27
2003-01-03,35
2003-01-04,19
2003-01-05,28
2003-01-06,18
2003-01-07,29
2003-01-08,22
2003-01-09,25
2003-01-10,31
2003-01-11,23
2003-01-12,23
2003-01-13,37
2003-01-14,34
2003-01-15,37
2003-01-16,32
2003-01-17,43
2003-01-18,21
2003-01-19,22
2003-01-20,23
2003-01-21,29
2003-01-22,25
2003-01-23,31
2003-01-24,31
2003-01-25,39
2003-01-26,19
2003-01-27,25
2003-01-28,28
2003-01-29,33
2003-01-30,27
2003-01-31,39
2003-02-01,22
2003-02-02,21
2003-02-03,36
2003-02-04,40
2003-02-05,42
2003-02-06,39
2003-02-07,33
2003-02-08,30
2003-02-09,27
2003-02-10,28
2003-02-11,23
2003-02-12,15
2003-02-13,27
2003-02-14,31
2003-02-15,30
2003-02-16,23
2003-02-17,37
2003-02-18,29
2003-02-19,28
2003-02-20,43
2003-02-21,28
2003-02-22,23
2003-02-23,26
2003-02-24,32
2003-02-25,18
2003-02-26,19
2003-02-27,32
2003-02-28,30
2003-03-01,34
2003-03-02,31
2003-03-03,33
2003-03-04,28
2003-03-05,28
2003-03-06,35
2003-03-07,35
2003-03-08,41
2003-03-09,31
2003-03-10,35
2003-03-11,33
2003-03-12,39
2003-03-13,14
2003-03-14,38
2003-03-15,24
2003-03-16,19
2003-03-17,33
2003-03-18,38
2003-03-19,31
2003-03-20,34
2003-03-21,38
2003-03-22,23
2003-03-23,22
2003-03-24,29
2003-03-25,41
2003-03-26,28
2003-03-27,44
2003-03-28,43
2003-03-29,36
2003-03-30,42
2003-03-31,48
2003-04-01,25
2003-04-02,33
2003-04-03,29
2003-04-04,35
2003-04-05,30
2003-04-06,26
2003-04-07,40
2003-04-08,38
2003-04-09,39
2003-04-10,39
2003-04-11,30
2003-04-12,24
2003-04-13,13
2003-04-14,17
2003-04-15,28
2003-04-16,33
2003-04-17,23
2003-04-18,44
2003-04-19,37
2003-04-20,20
2003-04-21,23
2003-04-22,28
2003-04-23,35
2003-04-24,30
2003-04-25,30
2003-04-26,32
2003-04-27,23
2003-04-28,28
2003-04-29,34
2003-04-30,26
2003-05-01,46
2003-05-02,32
2003-05-03,27
2003-05-04,19
2003-05-05,34
2003-05-06,23
2003-05-07,33
2003-05-08,29
2003-05-09,38
2003-05-10,33
2003-05-11,30
2003-05-12,21
2003-05-13,33
2003-05-14,38
2003-05-15,43
2003-05-16,42
2003-05-17,38
2003-05-18,28
2003-05-19,34
2003-05-20,31
2003-05-21,51
2003-05-22,40
2003-05-23,43
2003-05-24,24
2003-05-25,31
2003-05-26,37
2003-05-27,36
2003-05-28,37
2003-05-29,30
2003-05-30,39
2003-05-31,36
2003-06-01,41
2003-06-02,35
2003-06-03,43
2003-06-04,43
2003-06-05,28
2003-06-06,35
2003-06-07,27
2003-06-08,19
2003-06-09,51
2003-06-10,50
2003-06-11,35
2003-06-12,35
2003-06-13,44
2003-06-14,28
2003-06-15,29
2003-06-16,33
2003-06-17,38
2003-06-18,36
2003-06-19,32
2003-06-20,44
2003-06-21,36
2003-06-22,18
2003-06-23,37
2003-06-24,40
2003-06-25,57
2003-06-26,43
2003-06-27,39
2003-06-28,37
2003-06-29,33
2003-06-30,49
2003-07-01,47
2003-07-02,49
2003-07-03,41
2003-07-04,46
2003-07-05,31
2003-07-06,28
2003-07-07,36
2003-07-08,38
2003-07-09,41
2003-07-10,33
2003-07-11,59
2003-07-12,33
2003-07-13,34
2003-07-14,30
2003-07-15,38
2003-07-16,48
2003-07-17,38
2003-07-18,46
2003-07-19,37
2003-07-20,26
2003-07-21,41
2003-07-22,56
2003-07-23,45
2003-07-24,41
2003-07-25,43
2003-07-26,32
2003-07-27,22
2003-07-28,33
2003-07-29,29
2003-07-30,40
2003-07-31,35
2003-08-01,40
2003-08-02,35
2003-08-03,26
2003-08-04,44
2003-08-05,38
2003-08-06,43
2003-08-07,36
2003-08-08,31
2003-08-09,33
2003-08-10,21
2003-08-11,46
2003-08-12,40
2003-08-13,38
2003-08-14,44
2003-08-15,43
2003-08-16,35
2003-08-17,25
2003-08-18,33
2003-08-19,33
2003-08-20,29
2003-08-21,31
2003-08-22,39
2003-08-23,43
2003-08-24,38
2003-08-25,45
2003-08-26,48
2003-08-27,36
2003-08-28,39
2003-08-29,42
2003-08-30,24
2003-08-31,31
2003-09-01,37
2003-09-02,43
2003-09-03,53
2003-09-04,43
2003-09-05,43
2003-09-06,26
2003-09-07,31
2003-09-08,42
2003-09-09,39
2003-09-10,41
2003-09-11,46
2003-09-12,48
2003-09-13,41
2003-09-14,35
2003-09-15,33
2003-09-16,45
2003-09-17,54
2003-09-18,53
2003-09-19,40
2003-09-20,29
2003-09-21,26
2003-09-22,43
2003-09-23,49
2003-09-24,45
2003-09-25,40
2003-09-26,38
2003-09-27,31
2003-09-28,29
2003-09-29,37
2003-09-30,38
2003-10-01,43
2003-10-02,43
2003-10-03,47
2003-10-04,26
2003-10-05,23
2003-10-06,44
2003-10-07,38
2003-10-08,61
2003-10-09,41
2003-10-10,53
2003-10-11,36
2003-10-12,32
2003-10-13,40
2003-10-14,51
2003-10-15,46
2003-10-16,44
2003-10-17,34
2003-10-18,37
2003-10-19,23
2003-10-20,60
2003-10-21,54
2003-10-22,59
2003-10-23,41
2003-10-24,43
2003-10-25,32
2003-10-26,28
2003-10-27,38
2003-10-28,54
2003-10-29,35
2003-10-30,46
2003-10-31,37
2003-11-01,31
2003-11-02,24
2003-11-03,28
2003-11-04,48
2003-11-05,34
2003-11-06,34
2003-11-07,30
2003-11-08,19
2003-11-09,13
2003-11-10,31
2003-11-11,45
2003-11-12,41
2003-11-13,31
2003-11-14,50
2003-11-15,21
2003-11-16,21
2003-11-17,40
2003-11-18,44
2003-11-19,34
2003-11-20,36
2003-11-21,28
2003-11-22,20
2003-11-23,26
2003-11-24,26
2003-11-25,37
2003-11-26,32
2003-11-27,12
2003-11-28,22
2003-11-29,16
2003-11-30,12
2003-12-01,29
2003-12-02,31
2003-12-03,28
2003-12-04,28
2003-12-05,29
2003-12-06,20
2003-12-07,15
2003-12-08,30
2003-12-09,32
2003-12-10,32
2003-12-11,32
2003-12-12,27
2003-12-13,18
2003-12-14,15
2003-12-15,18
2003-12-16,35
2003-12-17,29
2003-12-18,38
2003-12-19,26
2003-12-20,20
2003-12-21,11
2003-12-22,20
2003-12-23,15
2003-12-24,24
2003-12-25,4
2003-12-26,22
2003-12-27,23
2003-12-28,14
2003-12-29,20
2003-12-30,16
2003-12-31,20
2004-01-01,8
2004-01-02,19
2004-01-03,15
2004-01-04,12
2004-01-05,29
2004-01-06,18
2004-01-07,30
2004-01-08,28
2004-01-09,25
2004-01-10,33
2004-01-11,18
2004-01-12,30
2004-01-13,44
2004-01-14,34
2004-01-15,26
2004-01-16,26
2004-01-17,21
2004-01-18,19
2004-01-19,22
2004-01-20,36
2004-01-21,27
2004-01-22,24
2004-01-23,36
2004-01-24,27
2004-01-25,20
2004-01-26,26
2004-01-27,26
2004-01-28,26
2004-01-29,34
2004-01-30,32
2004-01-31,36
2004-02-01,19
2004-02-02,22
2004-02-03,23
2004-02-04,25
2004-02-05,27
2004-02-06,30
2004-02-07,21
2004-02-08,27
2004-02-09,33
2004-02-10,40
2004-02-11,49
2004-02-12,35
2004-02-13,24
2004-02-14,23
2004-02-15,13
2004-02-16,19
2004-02-17,45
2004-02-18,28
2004-02-19,26
2004-02-20,35
2004-02-21,19
2004-02-22,12
2004-02-23,32
2004-02-24,23
2004-02-25,31
2004-02-26,17
2004-02-27,36
2004-02-28,26
2004-02-29,21
2004-03-01,33
2004-03-02,39
2004-03-03,31
2004-03-04,29
2004-03-05,31
2004-03-06,36
2004-03-07,30
2004-03-08,41
2004-03-09,47
2004-03-10,46
2004-03-11,53
2004-03-12,40
2004-03-13,50
2004-03-14,34
2004-03-15,47
2004-03-16,37
2004-03-17,44
2004-03-18,40
2004-03-19,41
2004-03-20,24
2004-03-21,28
2004-03-22,24
2004-03-23,47
2004-03-24,30
2004-03-25,29
2004-03-26,37
2004-03-27,34
2004-03-28,22
2004-03-29,38
2004-03-30,42
2004-03-31,44
2004-04-01,34
2004-04-02,43
2004-04-03,36
2004-04-04,29
2004-04-05,44
2004-04-06,30
2004-04-07,39
2004-04-08,32
2004-04-09,21
2004-04-10,43
2004-04-11,26
2004-04-12,26
2004-04-13,39
2004-04-14,39
2004-04-15,37
2004-04-16,41
2004-04-17,24
2004-04-18,19
2004-04-19,34
2004-04-20,36
2004-04-21,44
2004-04-22,33
2004-04-23,41
2004-04-24,36
2004-04-25,27
2004-04-26,30
2004-04-27,48
2004-04-28,38
2004-04-29,46
2004-04-30,41
2004-05-01,34
2004-05-02,36
2004-05-03,40
2004-05-04,41
2004-05-05,53
2004-05-06,40
2004-05-07,35
2004-05-08,39
2004-05-09,21
2004-05-10,30
2004-05-11,43
2004-05-12,38
2004-05-13,53
2004-05-14,47
2004-05-15,38
2004-05-16,34
2004-05-17,33
2004-05-18,49
2004-05-19,49
2004-05-20,33
2004-05-21,51
2004-05-22,36
2004-05-23,31
2004-05-24,47
2004-05-25,47
2004-05-26,36
2004-05-27,34
2004-05-28,38
2004-05-29,41
2004-05-30,20
2004-05-31,32
2004-06-01,52
2004-06-02,47
2004-06-03,52
2004-06-04,51
2004-06-05,38
2004-06-06,31
2004-06-07,36
2004-06-08,33
2004-06-09,46
2004-06-10,52
2004-06-11,47
2004-06-12,35
2004-06-13,41
2004-06-14,41
2004-06-15,45
2004-06-16,38
2004-06-17,40
2004-06-18,36
2004-06-19,32
2004-06-20,25
2004-06-21,35
2004-06-22,38
2004-06-23,28
2004-06-24,38
2004-06-25,40
2004-06-26,42
2004-06-27,24
2004-06-28,43
2004-06-29,38
2004-06-30,44
2004-07-01,43
2004-07-02,41
2004-07-03,28
2004-07-04,49
2004-07-05,27
2004-07-06,42
2004-07-07,31
2004-07-08,38
2004-07-09,40
2004-07-10,38
2004-07-11,25
2004-07-12,39
2004-07-13,50
2004-07-14,46
2004-07-15,55
2004-07-16,37
2004-07-17,34
2004-07-18,30
2004-07-19,42
2004-07-20,46
2004-07-21,44
2004-07-22,42
2004-07-23,37
2004-07-24,31
2004-07-25,40
2004-07-26,33
2004-07-27,54
2004-07-28,37
2004-07-29,45
2004-07-30,42
2004-07-31,38
2004-08-01,24
2004-08-02,45
2004-08-03,34
2004-08-04,46
2004-08-05,29
2004-08-06,36
2004-08-07,44
2004-08-08,23
2004-08-09,44
2004-08-10,35
2004-08-11,49
2004-08-12,40
2004-08-13,40
2004-08-14,27
2004-08-15,23
2004-08-16,33
2004-08-17,39
2004-08-18,35
2004-08-19,39
2004-08-20,46
2004-08-21,34
2004-08-22,20
2004-08-23,37
2004-08-24,35
2004-08-25,61
2004-08-26,44
2004-08-27,38
2004-08-28,25
2004-08-29,14
2004-08-30,43
2004-08-31,29
2004-09-01,51
2004-09-02,49
2004-09-03,50
2004-09-04,29
2004-09-05,35
2004-09-06,34
2004-09-07,48
2004-09-08,49
2004-09-09,49
2004-09-10,53
2004-09-11,38
2004-09-12,39
2004-09-13,48
2004-09-14,48
2004-09-15,48
2004-09-16,51
2004-09-17,42
2004-09-18,42
2004-09-19,26
2004-09-20,56
2004-09-21,40
2004-09-22,36
2004-09-23,54
2004-09-24,55
2004-09-25,35
2004-09-26,21
2004-09-27,40
2004-09-28,43
2004-09-29,38
2004-09-30,44
2004-10-01,36
2004-10-02,28
2004-10-03,26
2004-10-04,42
2004-10-05,33
2004-10-06,52
2004-10-07,39
2004-10-08,59
2004-10-09,33
2004-10-10,30
2004-10-11,39
2004-10-12,47
2004-10-13,37
2004-10-14,47
2004-10-15,24
2004-10-16,25
2004-10-17,19
2004-10-18,35
2004-10-19,30
2004-10-20,26
2004-10-21,42
2004-10-22,36
2004-10-23,36
2004-10-24,26
2004-10-25,23
2004-10-26,23
2004-10-27,20
2004-10-28,41
2004-10-29,30
2004-10-30,27
2004-10-31,28
2004-11-01,32
2004-11-02,40
2004-11-03,41
2004-11-04,26
2004-11-05,37
2004-11-06,33
2004-11-07,17
2004-11-08,30
2004-11-09,33
2004-11-10,36
2004-11-11,25
2004-11-12,32
2004-11-13,20
2004-11-14,26
2004-11-15,28
2004-11-16,30
2004-11-17,31
2004-11-18,37
2004-11-19,33
2004-11-20,34
2004-11-21,20
2004-11-22,23
2004-11-23,32
2004-11-24,40
2004-11-25,11
2004-11-26,19
2004-11-27,17
2004-11-28,14
2004-11-29,21
2004-11-30,27
2004-12-01,34
2004-12-02,32
2004-12-03,31
2004-12-04,30
2004-12-05,9
2004-12-06,27
2004-12-07,21
2004-12-08,21
2004-12-09,35
2004-12-10,41
2004-12-11,26
2004-12-12,21
2004-12-13,27
2004-12-14,35
2004-12-15,34
2004-12-16,33
2004-12-17,40
2004-12-18,23
2004-12-19,15
2004-12-20,28
2004-12-21,26
2004-12-22,25
2004-12-23,27
2004-12-24,17
2004-12-25,14
2004-12-26,14
2004-12-27,15
2004-12-28,8
2004-12-29,22
2004-12-30,15
2004-12-31,17
2005-01-01,14
2005-01-02,10
2005-01-03,13
2005-01-04,13
2005-01-05,24
2005-01-06,28
2005-01-07,12
2005-01-08,9
2005-01-09,11
2005-01-10,15
2005-01-11,18
2005-01-12,26
2005-01-13,23
2005-01-14,35
2005-01-15,25
2005-01-16,17
2005-01-17,21
2005-01-18,25
2005-01-19,39
2005-01-20,23
2005-01-21,31
2005-01-22,27
2005-01-23,21
2005-01-24,28
2005-01-25,21
2005-01-26,23
2005-01-27,23
2005-01-28,32
2005-01-29,24
2005-01-30,24
2005-01-31,26
2005-02-01,25
2005-02-02,37
2005-02-03,34
2005-02-04,40
2005-02-05,34
2005-02-06,21
2005-02-07,36
2005-02-08,19
2005-02-09,34
2005-02-10,24
2005-02-11,25
2005-02-12,20
2005-02-13,22
2005-02-14,25
2005-02-15,24
2005-02-16,23
2005-02-17,40
2005-02-18,22
2005-02-19,19
2005-02-20,14
2005-02-21,21
2005-02-22,28
2005-02-23,28
2005-02-24,30
2005-02-25,36
2005-02-26,31
2005-02-27,19
2005-02-28,30
2005-03-01,39
2005-03-02,31
2005-03-03,33
2005-03-04,23
2005-03-05,41
2005-03-06,32
2005-03-07,36
2005-03-08,47
2005-03-09,33
2005-03-10,47
2005-03-11,35
2005-03-12,24
2005-03-13,21
2005-03-14,39
2005-03-15,46
2005-03-16,27
2005-03-17,25
2005-03-18,25
2005-03-19,16
2005-03-20,16
2005-03-21,30
2005-03-22,12
2005-03-23,18
2005-03-24,30
2005-03-25,39
2005-03-26,29
2005-03-27,13
2005-03-28,29
2005-03-29,32
2005-03-30,34
2005-03-31,40
2005-04-01,39
2005-04-02,30
2005-04-03,16
2005-04-04,40
2005-04-05,45
2005-04-06,45
2005-04-07,37
2005-04-08,30
2005-04-09,33
2005-04-10,26
2005-04-11,35
2005-04-12,40
2005-04-13,44
2005-04-14,47
2005-04-15,39
2005-04-16,39
2005-04-17,26
2005-04-18,29
2005-04-19,36
2005-04-20,53
2005-04-21,43
2005-04-22,33
2005-04-23,28
2005-04-24,19
2005-04-25,37
2005-04-26,30
2005-04-27,27
2005-04-28,40
2005-04-29,40
2005-04-30,29
2005-05-01,23
2005-05-02,38
2005-05-03,40
2005-05-04,45
2005-05-05,31
2005-05-06,42
2005-05-07,32
2005-05-08,16
2005-05-09,18
2005-05-10,34
2005-05-11,43
2005-05-12,45
2005-05-13,49
2005-05-14,35
2005-05-15,34
2005-05-16,32
2005-05-17,35
2005-05-18,43
2005-05-19,26
2005-05-20,41
2005-05-21,48
2005-05-22,30
2005-05-23,46
2005-05-24,39
2005-05-25,43
2005-05-26,50
2005-05-27,35
2005-05-28,27
2005-05-29,25
2005-05-30,26
2005-05-31,47
2005-06-01,46
2005-06-02,42
2005-06-03,45
2005-06-04,39
2005-06-05,21
2005-06-06,32
2005-06-07,46
2005-06-08,42
2005-06-09,35
2005-06-10,48
2005-06-11,32
2005-06-12,33
2005-06-13,34
2005-06-14,42
2005-06-15,37
2005-06-16,33
2005-06-17,39
2005-06-18,25
2005-06-19,28
2005-06-20,39
2005-06-21,40
2005-06-22,41
2005-06-23,36
2005-06-24,29
2005-06-25,40
2005-06-26,23
2005-06-27,33
2005-06-28,43
2005-06-29,27
2005-06-30,36
2005-07-01,27
2005-07-02,24
2005-07-03,23
2005-07-04,43
2005-07-05,39
2005-07-06,37
2005-07-07,26
2005-07-08,42
2005-07-09,29
2005-07-10,36
2005-07-11,25
2005-07-12,41
2005-07-13,26
2005-07-14,43
2005-07-15,39
2005-07-16,32
2005-07-17,20
2005-07-18,32
2005-07-19,39
2005-07-20,41
2005-07-21,51
2005-07-22,44
2005-07-23,38
2005-07-24,35
2005-07-25,35
2005-07-26,41
2005-07-27,45
2005-07-28,47
2005-07-29,35
2005-07-30,35
2005-07-31,24
2005-08-01,41
2005-08-02,31
2005-08-03,40
2005-08-04,28
2005-08-05,33
2005-08-06,26
2005-08-07,20
2005-08-08,31
2005-08-09,26
2005-08-10,37
2005-08-11,44
2005-08-12,45
2005-08-13,43
2005-08-14,22
2005-08-15,40
2005-08-16,40
2005-08-17,45
2005-08-18,46
2005-08-19,32
2005-08-20,37
2005-08-21,31
2005-08-22,36
2005-08-23,41
2005-08-24,38
2005-08-25,41
2005-08-26,40
2005-08-27,36
2005-08-28,20
2005-08-29,34
2005-08-30,41
2005-08-31,37
2005-09-01,50
2005-09-02,43
2005-09-03,26
2005-09-04,31
2005-09-05,24
2005-09-06,50
2005-09-07,35
2005-09-08,42
2005-09-09,38
2005-09-10,32
2005-09-11,29
2005-09-12,49
2005-09-13,51
2005-09-14,41
2005-09-15,50
2005-09-16,39
2005-09-17,30
2005-09-18,20
2005-09-19,33
2005-09-20,40
2005-09-21,46
2005-09-22,43
2005-09-23,40
2005-09-24,28
2005-09-25,28
2005-09-26,44
2005-09-27,53
2005-09-28,46
2005-09-29,55
2005-09-30,47
2005-10-01,35
2005-10-02,29
2005-10-03,50
2005-10-04,50
2005-10-05,51
2005-10-06,38
2005-10-07,53
2005-10-08,27
2005-10-09,27
2005-10-10,32
2005-10-11,37
2005-10-12,37
2005-10-13,43
2005-10-14,43
2005-10-15,36
2005-10-16,29
2005-10-17,42
2005-10-18,33
2005-10-19,27
2005-10-20,41
2005-10-21,36
2005-10-22,21
2005-10-23,17
2005-10-24,33
2005-10-25,56
2005-10-26,33
2005-10-27,44
2005-10-28,33
2005-10-29,29
2005-10-30,25
2005-10-31,42
2005-11-01,30
2005-11-02,40
2005-11-03,35
2005-11-04,41
2005-11-05,28
2005-11-06,23
2005-11-07,38
2005-11-08,29
2005-11-09,28
2005-11-10,35
2005-11-11,33
2005-11-12,32
2005-11-13,21
2005-11-14,31
2005-11-15,38
2005-11-16,41
2005-11-17,37
2005-11-18,39
2005-11-19,24
2005-11-20,28
2005-11-21,41
2005-11-22,35
2005-11-23,36
2005-11-24,17
2005-11-25,17
2005-11-26,19
2005-11-27,18
2005-11-28,30
2005-11-29,29
2005-11-30,31
2005-12-01,21
2005-12-02,28
2005-12-03,27
2005-12-04,12
2005-12-05,33
2005-12-06,39
2005-12-07,20
2005-12-08,27
2005-12-09,24
2005-12-10,15
2005-12-11,21
2005-12-12,25
2005-12-13,26
2005-12-14,24
2005-12-15,33
2005-12-16,17
2005-12-17,19
2005-12-18,15
2005-12-19,24
2005-12-20,23
2005-12-21,28
2005-12-22,20
2005-12-23,22
2005-12-24,20
2005-12-25,8
2005-12-26,10
2005-12-27,16
2005-12-28,17
2005-12-29,19
2005-12-30,16
2005-12-31,7
2006-01-01,11
2006-01-02,8
2006-01-03,26
2006-01-04,31
2006-01-05,30
2006-01-06,35
2006-01-07,16
2006-01-08,19
2006-01-09,35
2006-01-10,33
2006-01-11,30
2006-01-12,21
2006-01-13,28
2006-01-14,11
2006-01-15,26
2006-01-16,20
2006-01-17,21
2006-01-18,22
2006-01-19,36
2006-01-20,34
2006-01-21,27
2006-01-22,20
2006-01-23,30
2006-01-24,29
2006-01-25,29
2006-01-26,36
2006-01-27,29
2006-01-28,15
2006-01-29,22
2006-01-30,35
2006-01-31,22
2006-02-01,25
2006-02-02,27
2006-02-03,35
2006-02-04,26
2006-02-05,27
2006-02-06,46
2006-02-07,34
2006-02-08,38
2006-02-09,40
2006-02-10,43
2006-02-11,40
2006-02-12,29
2006-02-13,44
2006-02-14,38
2006-02-15,30
2006-02-16,21
2006-02-17,19
2006-02-18,19
2006-02-19,13
2006-02-20,27
2006-02-21,47
2006-02-22,35
2006-02-23,40
2006-02-24,32
2006-02-25,30
2006-02-26,20
2006-02-27,14
2006-02-28,20
2006-03-01,41
2006-03-02,31
2006-03-03,14
2006-03-04,22
2006-03-05,15
2006-03-06,23
2006-03-07,26
2006-03-08,29
2006-03-09,22
2006-03-10,21
2006-03-11,11
2006-03-12,10
2006-03-13,20
2006-03-14,19
2006-03-15,32
2006-03-16,20
2006-03-17,23
2006-03-18,26
2006-03-19,12
2006-03-20,23
2006-03-21,27
2006-03-22,24
2006-03-23,32
2006-03-24,26
2006-03-25,16
2006-03-26,17
2006-03-27,34
2006-03-28,21
2006-03-29,24
2006-03-30,19
2006-03-31,20
2006-04-01,20
2006-04-02,18
2006-04-03,21
2006-04-04,22
2006-04-05,21
2006-04-06,36
2006-04-07,28
2006-04-08,28
2006-04-09,21
2006-04-10,37
2006-04-11,25
2006-04-12,22
2006-04-13,38
2006-04-14,22
2006-04-15,20
2006-04-16,22
2006-04-17,29
2006-04-18,30
2006-04-19,35
2006-04-20,23
2006-04-21,36
2006-04-22,15
2006-04-23,23
2006-04-24,28
2006-04-25,34
2006-04-26,34
2006-04-27,34
2006-04-28,31
2006-04-29,33
2006-04-30,28
2006-05-01,24
2006-05-02,52
2006-05-03,39
2006-05-04,37
2006-05-05,36
2006-05-06,37
2006-05-07,25
2006-05-08,38
2006-05-09,51
2006-05-10,45
2006-05-11,53
2006-05-12,44
2006-05-13,28
2006-05-14,23
2006-05-15,35
2006-05-16,43
2006-05-17,34
2006-05-18,33
2006-05-19,38
2006-05-20,25
2006-05-21,25
2006-05-22,21
2006-05-23,34
2006-05-24,47
2006-05-25,36
2006-05-26,37
2006-05-27,24
2006-05-28,22
2006-05-29,23
2006-05-30,41
2006-05-31,52
2006-06-01,51
2006-06-02,43
2006-06-03,37
2006-06-04,23
2006-06-05,50
2006-06-06,35
2006-06-07,43
2006-06-08,48
2006-06-09,38
2006-06-10,25
2006-06-11,24
2006-06-12,31
2006-06-13,47
2006-06-14,51
2006-06-15,39
2006-06-16,42
2006-06-17,34
2006-06-18,32
2006-06-19,35
2006-06-20,35
2006-06-21,39
2006-06-22,40
2006-06-23,28
2006-06-24,24
2006-06-25,27
2006-06-26,39
2006-06-27,35
2006-06-28,38
2006-06-29,41
2006-06-30,50
2006-07-01,25
2006-07-02,17
2006-07-03,44
2006-07-04,28
2006-07-05,45
2006-07-06,42
2006-07-07,39
2006-07-08,25
2006-07-09,25
2006-07-10,34
2006-07-11,43
2006-07-12,44
2006-07-13,34
2006-07-14,40
2006-07-15,28
2006-07-16,28
2006-07-17,37
2006-07-18,28
2006-07-19,46
2006-07-20,29
2006-07-21,52
2006-07-22,26
2006-07-23,17
2006-07-24,33
2006-07-25,33
2006-07-26,39
2006-07-27,34
2006-07-28,41
2006-07-29,25
2006-07-30,24
2006-07-31,24
2006-08-01,34
2006-08-02,25
2006-08-03,43
2006-08-04,40
2006-08-05,24
2006-08-06,17
2006-08-07,36
2006-08-08,28
2006-08-09,28
2006-08-10,26
2006-08-11,34
2006-08-12,27
2006-08-13,21
2006-08-14,26
2006-08-15,31
2006-08-16,27
2006-08-17,26
2006-08-18,22
2006-08-19,20
2006-08-20,17
2006-08-21,22
2006-08-22,17
2006-08-23,24
2006-08-24,20
2006-08-25,17
2006-08-26,10
2006-08-27,9
2006-08-28,21
2006-08-29,12
2006-08-30,14
2006-08-31,22
2006-09-01,35
2006-09-02,19
2006-09-03,15
2006-09-04,14
2006-09-05,23
2006-09-06,34
2006-09-07,34
2006-09-08,35
2006-09-09,31
2006-09-10,19
2006-09-11,30
2006-09-12,45
2006-09-13,35
2006-09-14,45
2006-09-15,56
2006-09-16,37
2006-09-17,22
2006-09-18,40
2006-09-19,50
2006-09-20,46
2006-09-21,40
2006-09-22,52
2006-09-23,33
2006-09-24,27
2006-09-25,60
2006-09-26,53
2006-09-27,50
2006-09-28,54
2006-09-29,46
2006-09-30,25
2006-10-01,23
2006-10-02,36
2006-10-03,37
2006-10-04,45
2006-10-05,40
2006-10-06,21
2006-10-07,33
2006-10-08,21
2006-10-09,36
2006-10-10,46
2006-10-11,49
2006-10-12,32
2006-10-13,41
2006-10-14,25
2006-10-15,16
2006-10-16,36
2006-10-17,37
2006-10-18,37
2006-10-19,43
2006-10-20,47
2006-10-21,41
2006-10-22,24
2006-10-23,28
2006-10-24,51
2006-10-25,33
2006-10-26,35
2006-10-27,50
2006-10-28,21
2006-10-29,30
2006-10-30,29
2006-10-31,42
2006-11-01,29
2006-11-02,34
2006-11-03,33
2006-11-04,34
2006-11-05,18
2006-11-06,44
2006-11-07,46
2006-11-08,31
2006-11-09,50
2006-11-10,40
2006-11-11,21
2006-11-12,25
2006-11-13,31
2006-11-14,41
2006-11-15,36
2006-11-16,41
2006-11-17,44
2006-11-18,23
2006-11-19,24
2006-11-20,39
2006-11-21,33
2006-11-22,31
2006-11-23,11
2006-11-24,18
2006-11-25,26
2006-11-26,18
2006-11-27,24
2006-11-28,37
2006-11-29,22
2006-11-30,26
2006-12-01,30
2006-12-02,26
2006-12-03,27
2006-12-04,33
2006-12-05,32
2006-12-06,32
2006-12-07,28
2006-12-08,30
2006-12-09,21
2006-12-10,12
2006-12-11,33
2006-12-12,20
2006-12-13,34
2006-12-14,29
2006-12-15,23
2006-12-16,18
2006-12-17,11
2006-12-18,23
2006-12-19,21
2006-12-20,23
2006-12-21,19
2006-12-22,23
2006-12-23,19
2006-12-24,12
2006-12-25,7
2006-12-26,22
2006-12-27,19
2006-12-28,22
2006-12-29,23
2006-12-30,14
2006-12-31,14
2007-01-01,13
2007-01-02,14
2007-01-03,25
2007-01-04,19
2007-01-05,21
2007-01-06,16
2007-01-07,11
2007-01-08,23
2007-01-09,29
2007-01-10,20
2007-01-11,18
2007-01-12,23
2007-01-13,18
2007-01-14,12
2007-01-15,19
2007-01-16,28
2007-01-17,30
2007-01-18,23
2007-01-19,21
2007-01-20,26
2007-01-21,21
2007-01-22,49
2007-01-23,36
2007-01-24,32
2007-01-25,31
2007-01-26,38
2007-01-27,15
2007-01-28,13
2007-01-29,21
2007-01-30,23
2007-01-31,24
2007-02-01,25
2007-02-02,31
2007-02-03,23
2007-02-04,17
2007-02-05,23
2007-02-06,19
2007-02-07,22
2007-02-08,30
2007-02-09,21
2007-02-10,13
2007-02-11,20
2007-02-12,24
2007-02-13,26
2007-02-14,31
2007-02-15,34
2007-02-16,28
2007-02-17,18
2007-02-18,20
2007-02-19,19
2007-02-20,33
2007-02-21,30
2007-02-22,27
2007-02-23,28
2007-02-24,22
2007-02-25,10
2007-02-26,26
2007-02-27,26
2007-02-28,28
2007-03-01,33
2007-03-02,24
2007-03-03,26
2007-03-04,21
2007-03-05,30
2007-03-06,29
2007-03-07,36
2007-03-08,42
2007-03-09,32
2007-03-10,39
2007-03-11,33
2007-03-12,39
2007-03-13,40
2007-03-14,35
2007-03-15,39
2007-03-16,35
2007-03-17,39
2007-03-18,19
2007-03-19,38
2007-03-20,20
2007-03-21,31
2007-03-22,39
2007-03-23,33
2007-03-24,31
2007-03-25,23
2007-03-26,16
2007-03-27,29
2007-03-28,37
2007-03-29,41
2007-03-30,28
2007-03-31,33
2007-04-01,23
2007-04-02,34
2007-04-03,37
2007-04-04,27
2007-04-05,24
2007-04-06,30
2007-04-07,22
2007-04-08,20
2007-04-09,36
2007-04-10,15
2007-04-11,43
2007-04-12,32
2007-04-13,38
2007-04-14,22
2007-04-15,27
2007-04-16,35
2007-04-17,46
2007-04-18,29
2007-04-19,29
2007-04-20,32
2007-04-21,16
2007-04-22,18
2007-04-23,37
2007-04-24,49
2007-04-25,43
2007-04-26,44
2007-04-27,47
2007-04-28,34
2007-04-29,25
2007-04-30,39
2007-05-01,33
2007-05-02,32
2007-05-03,36
2007-05-04,34
2007-05-05,36
2007-05-06,34
2007-05-07,37
2007-05-08,30
2007-05-09,35
2007-05-10,60
2007-05-11,45
2007-05-12,32
2007-05-13,26
2007-05-14,41
2007-05-15,27
2007-05-16,38
2007-05-17,25
2007-05-18,44
2007-05-19,43
2007-05-20,25
2007-05-21,45
2007-05-22,44
2007-05-23,46
2007-05-24,49
2007-05-25,44
2007-05-26,29
2007-05-27,17
2007-05-28,30
2007-05-29,38
2007-05-30,53
2007-05-31,34
2007-06-01,32
2007-06-02,29
2007-06-03,30
2007-06-04,35
2007-06-05,57
2007-06-06,38
2007-06-07,40
2007-06-08,43
2007-06-09,30
2007-06-10,33
2007-06-11,40
2007-06-12,46
2007-06-13,37
2007-06-14,38
2007-06-15,38
2007-06-16,37
2007-06-17,31
2007-06-18,39
2007-06-19,43
2007-06-20,38
2007-06-21,58
2007-06-22,41
2007-06-23,26
2007-06-24,39
2007-06-25,38
2007-06-26,32
2007-06-27,40
2007-06-28,44
2007-06-29,43
2007-06-30,38
2007-07-01,26
2007-07-02,51
2007-07-03,57
2007-07-04,32
2007-07-05,38
2007-07-06,39
2007-07-07,27
2007-07-08,30
2007-07-09,30
2007-07-10,38
2007-07-11,49
2007-07-12,39
2007-07-13,50
2007-07-14,36
2007-07-15,29
2007-07-16,36
2007-07-17,52
2007-07-18,49
2007-07-19,34
2007-07-20,43
2007-07-21,34
2007-07-22,34
2007-07-23,38
2007-07-24,45
2007-07-25,30
2007-07-26,42
2007-07-27,37
2007-07-28,25
2007-07-29,27
2007-07-30,34
2007-07-31,45
2007-08-01,27
2007-08-02,35
2007-08-03,43
2007-08-04,35
2007-08-05,29
2007-08-06,31
2007-08-07,32
2007-08-08,43
2007-08-09,38
2007-08-10,42
2007-08-11,36
2007-08-12,30
2007-08-13,37
2007-08-14,29
2007-08-15,49
2007-08-16,36
2007-08-17,41
2007-08-18,26
2007-08-19,24
2007-08-20,44
2007-08-21,46
2007-08-22,39
2007-08-23,48
2007-08-24,40
2007-08-25,36
2007-08-26,22
2007-08-27,33
2007-08-28,40
2007-08-29,44
2007-08-30,40
2007-08-31,44
2007-09-01,25
2007-09-02,26
2007-09-03,18
2007-09-04,48
2007-09-05,43
2007-09-06,31
2007-09-07,44
2007-09-08,33
2007-09-09,31
2007-09-10,42
2007-09-11,45
2007-09-12,37
2007-09-13,48
2007-09-14,47
2007-09-15,29
2007-09-16,23
2007-09-17,42
2007-09-18,47
2007-09-19,37
2007-09-20,42
2007-09-21,29
2007-09-22,12
2007-09-23,22
2007-09-24,51
2007-09-25,36
2007-09-26,55
2007-09-27,43
2007-09-28,31
2007-09-29,29
2007-09-30,29
2007-10-01,43
2007-10-02,49
2007-10-03,47
2007-10-04,48
2007-10-05,50
2007-10-06,37
2007-10-07,24
2007-10-08,30
2007-10-09,43
2007-10-10,38
2007-10-11,53
2007-10-12,26
2007-10-13,25
2007-10-14,19
2007-10-15,22
2007-10-16,32
2007-10-17,37
2007-10-18,41
2007-10-19,38
2007-10-20,35
2007-10-21,28
2007-10-22,42
2007-10-23,32
2007-10-24,38
2007-10-25,27
2007-10-26,33
2007-10-27,28
2007-10-28,26
2007-10-29,32
2007-10-30,37
2007-10-31,45
2007-11-01,26
2007-11-02,32
2007-11-03,31
2007-11-04,16
2007-11-05,37
2007-11-06,38
2007-11-07,32
2007-11-08,35
2007-11-09,40
2007-11-10,27
2007-11-11,30
2007-11-12,31
2007-11-13,31
2007-11-14,34
2007-11-15,39
2007-11-16,40
2007-11-17,21
2007-11-18,30
2007-11-19,40
2007-11-20,43
2007-11-21,22
2007-11-22,19
2007-11-23,24
2007-11-24,22
2007-11-25,19
2007-11-26,27
2007-11-27,47
2007-11-28,37
2007-11-29,38
2007-11-30,21
2007-12-01,26
2007-12-02,28
2007-12-03,37
2007-12-04,32
2007-12-05,44
2007-12-06,26
2007-12-07,25
2007-12-08,16
2007-12-09,17
2007-12-10,25
2007-12-11,27
2007-12-12,26
2007-12-13,31
2007-12-14,27
2007-12-15,29
2007-12-16,21
2007-12-17,23
2007-12-18,22
2007-12-19,19
2007-12-20,22
2007-12-21,36
2007-12-22,17
2007-12-23,14
2007-12-24,24
2007-12-25,12
2007-12-26,22
2007-12-27,14
2007-12-28,20
2007-12-29,16
2007-12-30,19
2007-12-31,16
2008-01-01,10
2008-01-02,13
2008-01-03,17
2008-01-04,14
2008-01-05,12
2008-01-06,9
2008-01-07,23
2008-01-08,24
2008-01-09,32
2008-01-10,33
2008-01-11,26
2008-01-12,24
2008-01-13,23
2008-01-14,25
2008-01-15,31
2008-01-16,30
2008-01-17,27
2008-01-18,37
2008-01-19,25
2008-01-20,23
2008-01-21,10
2008-01-22,19
2008-01-23,21
2008-01-24,15
2008-01-25,20
2008-01-26,16
2008-01-27,15
2008-01-28,27
2008-01-29,26
2008-01-30,34
2008-01-31,26
2008-02-01,26
2008-02-02,21
2008-02-03,10
2008-02-04,24
2008-02-05,31
2008-02-06,28
2008-02-07,34
2008-02-08,31
2008-02-09,33
2008-02-10,25
2008-02-11,40
2008-02-12,29
2008-02-13,29
2008-02-14,31
2008-02-15,33
2008-02-16,24
2008-02-17,27
2008-02-18,17
2008-02-19,21
2008-02-20,13
2008-02-21,19
2008-02-22,17
2008-02-23,20
2008-02-24,8
2008-02-25,28
2008-02-26,41
2008-02-27,26
2008-02-28,30
2008-02-29,29
2008-03-01,33
2008-03-02,22
2008-03-03,36
2008-03-04,45
2008-03-05,41
2008-03-06,28
2008-03-07,30
2008-03-08,23
2008-03-09,36
2008-03-10,30
2008-03-11,34
2008-03-12,35
2008-03-13,39
2008-03-14,38
2008-03-15,17
2008-03-16,24
2008-03-17,41
2008-03-18,40
2008-03-19,37
2008-03-20,30
2008-03-21,38
2008-03-22,34
2008-03-23,27
2008-03-24,36
2008-03-25,32
2008-03-26,44
2008-03-27,35
2008-03-28,49
2008-03-29,25
2008-03-30,12
2008-03-31,30
2008-04-01,30
2008-04-02,42
2008-04-03,32
2008-04-04,46
2008-04-05,28
2008-04-06,18
2008-04-07,35
2008-04-08,39
2008-04-09,37
2008-04-10,43
2008-04-11,36
2008-04-12,37
2008-04-13,37
2008-04-14,38
2008-04-15,42
2008-04-16,41
2008-04-17,52
2008-04-18,52
2008-04-19,32
2008-04-20,27
2008-04-21,36
2008-04-22,26
2008-04-23,35
2008-04-24,35
2008-04-25,51
2008-04-26,55
2008-04-27,17
2008-04-28,40
2008-04-29,32
2008-04-30,44
2008-05-01,46
2008-05-02,47
2008-05-03,30
2008-05-04,20
2008-05-05,41
2008-05-06,36
2008-05-07,32
2008-05-08,37
2008-05-09,51
2008-05-10,32
2008-05-11,24
2008-05-12,30
2008-05-13,41
2008-05-14,49
2008-05-15,49
2008-05-16,48
2008-05-17,45
2008-05-18,31
2008-05-19,36
2008-05-20,41
2008-05-21,39
2008-05-22,35
2008-05-23,38
2008-05-24,17
2008-05-25,23
2008-05-26,32
2008-05-27,35
2008-05-28,41
2008-05-29,43
2008-05-30,47
2008-05-31,40
2008-06-01,31
2008-06-02,47
2008-06-03,43
2008-06-04,36
2008-06-05,39
2008-06-06,58
2008-06-07,47
2008-06-08,36
2008-06-09,41
2008-06-10,48
2008-06-11,45
2008-06-12,43
2008-06-13,32
2008-06-14,32
2008-06-15,22
2008-06-16,37
2008-06-17,64
2008-06-18,39
2008-06-19,42
2008-06-20,37
2008-06-21,40
2008-06-22,32
2008-06-23,37
2008-06-24,48
2008-06-25,40
2008-06-26,50
2008-06-27,31
2008-06-28,40
2008-06-29,28
2008-06-30,39
2008-07-01,50
2008-07-02,43
2008-07-03,54
2008-07-04,32
2008-07-05,34
2008-07-06,26
2008-07-07,34
2008-07-08,32
2008-07-09,40
2008-07-10,50
2008-07-11,40
2008-07-12,27
2008-07-13,27
2008-07-14,28
2008-07-15,44
2008-07-16,50
2008-07-17,52
2008-07-18,35
2008-07-19,36
2008-07-20,40
2008-07-21,45
2008-07-22,47
2008-07-23,50
2008-07-24,39
2008-07-25,54
2008-07-26,33
2008-07-27,30
2008-07-28,42
2008-07-29,42
2008-07-30,44
2008-07-31,44
2008-08-01,46
2008-08-02,40
2008-08-03,34
2008-08-04,49
2008-08-05,37
2008-08-06,36
2008-08-07,45
2008-08-08,47
2008-08-09,46
2008-08-10,26
2008-08-11,41
2008-08-12,37
2008-08-13,56
2008-08-14,28
2008-08-15,54
2008-08-16,39
2008-08-17,30
2008-08-18,41
2008-08-19,47
2008-08-20,45
2008-08-21,47
2008-08-22,45
2008-08-23,44
2008-08-24,23
2008-08-25,50
2008-08-26,48
2008-08-27,49
2008-08-28,47
2008-08-29,56
2008-08-30,40
2008-08-31,25
2008-09-01,33
2008-09-02,47
2008-09-03,65
2008-09-04,51
2008-09-05,56
2008-09-06,34
2008-09-07,35
2008-09-08,43
2008-09-09,58
2008-09-10,63
2008-09-11,46
2008-09-12,49
2008-09-13,33
2008-09-14,30
2008-09-15,53
2008-09-16,49
2008-09-17,60
2008-09-18,63
2008-09-19,54
2008-09-20,47
2008-09-21,28
2008-09-22,45
2008-09-23,52
2008-09-24,62
2008-09-25,67
2008-09-26,67
2008-09-27,48
2008-09-28,42
2008-09-29,47
2008-09-30,64
2008-10-01,52
2008-10-02,44
2008-10-03,48
2008-10-04,29
2008-10-05,31
2008-10-06,49
2008-10-07,51
2008-10-08,51
2008-10-09,39
2008-10-10,51
2008-10-11,34
2008-10-12,36
2008-10-13,38
2008-10-14,45
2008-10-15,55
2008-10-16,57
2008-10-17,51
2008-10-18,38
2008-10-19,28
2008-10-20,45
2008-10-21,57
2008-10-22,51
2008-10-23,50
2008-10-24,54
2008-10-25,31
2008-10-26,28
2008-10-27,34
2008-10-28,49
2008-10-29,44
2008-10-30,48
2008-10-31,34
2008-11-01,13
2008-11-02,22
2008-11-03,34
2008-11-04,33
2008-11-05,35
2008-11-06,36
2008-11-07,35
2008-11-08,34
2008-11-09,15
2008-11-10,32
2008-11-11,27
2008-11-12,40
2008-11-13,46
2008-11-14,49
2008-11-15,33
2008-11-16,24
2008-11-17,44
2008-11-18,55
2008-11-19,37
2008-11-20,59
2008-11-21,42
2008-11-22,21
2008-11-23,24
2008-11-24,32
2008-11-25,29
2008-11-26,24
2008-11-27,12
2008-11-28,21
2008-11-29,23
2008-11-30,24
2008-12-01,36
2008-12-02,45
2008-12-03,30
2008-12-04,38
2008-12-05,53
2008-12-06,16
2008-12-07,15
2008-12-08,33
2008-12-09,50
2008-12-10,30
2008-12-11,42
2008-12-12,34
2008-12-13,20
2008-12-14,19
2008-12-15,20
2008-12-16,33
2008-12-17,24
2008-12-18,26
2008-12-19,28
2008-12-20,21
2008-12-21,10
2008-12-22,14
2008-12-23,23
2008-12-24,15
2008-12-25,8
2008-12-26,17
2008-12-27,17
2008-12-28,16
2008-12-29,24
2008-12-30,32
2008-12-31,22
2009-01-01,13
2009-01-02,19
2009-01-03,23
2009-01-04,17
2009-01-05,27
2009-01-06,27
2009-01-07,26
2009-01-08,37
2009-01-09,38
2009-01-10,21
2009-01-11,19
2009-01-12,40
2009-01-13,40
2009-01-14,43
2009-01-15,35
2009-01-16,45
2009-01-17,28
2009-01-18,21
2009-01-19,32
2009-01-20,32
2009-01-21,27
2009-01-22,28
2009-01-23,30
2009-01-24,18
2009-01-25,30
2009-01-26,29
2009-01-27,27
2009-01-28,31
2009-01-29,34
2009-01-30,40
2009-01-31,33
2009-02-01,25
2009-02-02,35
2009-02-03,49
2009-02-04,46
2009-02-05,28
2009-02-06,26
2009-02-07,17
2009-02-08,16
2009-02-09,22
2009-02-10,34
2009-02-11,27
2009-02-12,32
2009-02-13,21
2009-02-14,23
2009-02-15,14
2009-02-16,15
2009-02-17,26
2009-02-18,25
2009-02-19,39
2009-02-20,30
2009-02-21,25
2009-02-22,20
2009-02-23,30
2009-02-24,23
2009-02-25,36
2009-02-26,35
2009-02-27,37
2009-02-28,38
2009-03-01,26
2009-03-02,31
2009-03-03,38
2009-03-04,25
2009-03-05,32
2009-03-06,36
2009-03-07,23
2009-03-08,27
2009-03-09,28
2009-03-10,29
2009-03-11,33
2009-03-12,45
2009-03-13,39
2009-03-14,22
2009-03-15,23
2009-03-16,29
2009-03-17,44
2009-03-18,33
2009-03-19,32
2009-03-20,29
2009-03-21,31
2009-03-22,14
2009-03-23,35
2009-03-24,45
2009-03-25,35
2009-03-26,56
2009-03-27,36
2009-03-28,44
2009-03-29,21
2009-03-30,35
2009-03-31,45
2009-04-01,42
2009-04-02,47
2009-04-03,41
2009-04-04,44
2009-04-05,30
2009-04-06,48
2009-04-07,35
2009-04-08,40
2009-04-09,29
2009-04-10,38
2009-04-11,32
2009-04-12,27
2009-04-13,24
2009-04-14,36
2009-04-15,34
2009-04-16,43
2009-04-17,33
2009-04-18,42
2009-04-19,25
2009-04-20,51
2009-04-21,48
2009-04-22,53
2009-04-23,43
2009-04-24,59
2009-04-25,54
2009-04-26,30
2009-04-27,40
2009-04-28,30
2009-04-29,40
2009-04-30,44
2009-05-01,38
2009-05-02,22
2009-05-03,25
2009-05-04,37
2009-05-05,42
2009-05-06,48
2009-05-07,43
2009-05-08,43
2009-05-09,39
2009-05-10,30
2009-05-11,36
2009-05-12,45
2009-05-13,47
2009-05-14,49
2009-05-15,52
2009-05-16,45
2009-05-17,33
2009-05-18,38
2009-05-19,45
2009-05-20,47
2009-05-21,36
2009-05-22,41
2009-05-23,45
2009-05-24,18
2009-05-25,27
2009-05-26,37
2009-05-27,50
2009-05-28,44
2009-05-29,43
2009-05-30,34
2009-05-31,28
2009-06-01,44
2009-06-02,30
2009-06-03,43
2009-06-04,43
2009-06-05,43
2009-06-06,32
2009-06-07,25
2009-06-08,48
2009-06-09,48
2009-06-10,43
2009-06-11,40
2009-06-12,49
2009-06-13,28
2009-06-14,27
2009-06-15,36
2009-06-16,34
2009-06-17,45
2009-06-18,28
2009-06-19,42
2009-06-20,26
2009-06-21,25
2009-06-22,32
2009-06-23,46
2009-06-24,48
2009-06-25,44
2009-06-26,37
2009-06-27,32
2009-06-28,29
2009-06-29,38
2009-06-30,47
2009-07-01,42
2009-07-02,48
2009-07-03,47
2009-07-04,41
2009-07-05,24
2009-07-06,45
2009-07-07,47
2009-07-08,43
2009-07-09,38
2009-07-10,28
2009-07-11,42
2009-07-12,35
2009-07-13,52
2009-07-14,61
2009-07-15,49
2009-07-16,38
2009-07-17,46
2009-07-18,43
2009-07-19,41
2009-07-20,43
2009-07-21,36
2009-07-22,42
2009-07-23,58
2009-07-24,40
2009-07-25,27
2009-07-26,33
2009-07-27,36
2009-07-28,38
2009-07-29,45
2009-07-30,37
2009-07-31,42
2009-08-01,33
2009-08-02,34
2009-08-03,33
2009-08-04,46
2009-08-05,43
2009-08-06,47
2009-08-07,43
2009-08-08,41
2009-08-09,37
2009-08-10,41
2009-08-11,38
2009-08-12,46
2009-08-13,32
2009-08-14,43
2009-08-15,40
2009-08-16,29
2009-08-17,38
2009-08-18,42
2009-08-19,38
2009-08-20,45
2009-08-21,47
2009-08-22,40
2009-08-23,37
2009-08-24,46
2009-08-25,52
2009-08-26,50
2009-08-27,55
2009-08-28,43
2009-08-29,28
2009-08-30,32
2009-08-31,59
2009-09-01,63
2009-09-02,43
2009-09-03,40
2009-09-04,42
2009-09-05,38
2009-09-06,27
2009-09-07,40
2009-09-08,54
2009-09-09,61
2009-09-10,60
2009-09-11,46
2009-09-12,35
2009-09-13,26
2009-09-14,50
2009-09-15,46
2009-09-16,62
2009-09-17,57
2009-09-18,37
2009-09-19,37
2009-09-20,24
2009-09-21,54
2009-09-22,61
2009-09-23,55
2009-09-24,50
2009-09-25,59
2009-09-26,26
2009-09-27,27
2009-09-28,48
2009-09-29,42
2009-09-30,50
2009-10-01,49
2009-10-02,67
2009-10-03,54
2009-10-04,24
2009-10-05,53
2009-10-06,56
2009-10-07,51
2009-10-08,53
2009-10-09,43
2009-10-10,30
2009-10-11,24
2009-10-12,40
2009-10-13,29
2009-10-14,47
2009-10-15,56
2009-10-16,55
2009-10-17,30
2009-10-18,29
2009-10-19,36
2009-10-20,38
2009-10-21,49
2009-10-22,49
2009-10-23,60
2009-10-24,40
2009-10-25,26
2009-10-26,48
2009-10-27,45
2009-10-28,48
2009-10-29,44
2009-10-30,47
2009-10-31,40
2009-11-01,34
2009-11-02,53
2009-11-03,46
2009-11-04,37
2009-11-05,32
2009-11-06,51
2009-11-07,34
2009-11-08,21
2009-11-09,40
2009-11-10,37
2009-11-11,34
2009-11-12,42
2009-11-13,32
2009-11-14,23
2009-11-15,25
2009-11-16,52
2009-11-17,66
2009-11-18,44
2009-11-19,34
2009-11-20,26
2009-11-21,27
2009-11-22,29
2009-11-23,29
2009-11-24,50
2009-11-25,48
2009-11-26,17
2009-11-27,23
2009-11-28,19
2009-11-29,26
2009-11-30,42
2009-12-01,46
2009-12-02,44
2009-12-03,52
2009-12-04,38
2009-12-05,17
2009-12-06,19
2009-12-07,19
2009-12-08,26
2009-12-09,38
2009-12-10,30
2009-12-11,23
2009-12-12,10
2009-12-13,16
2009-12-14,44
2009-12-15,36
2009-12-16,32
2009-12-17,37
2009-12-18,30
2009-12-19,25
2009-12-20,17
2009-12-21,14
2009-12-22,26
2009-12-23,37
2009-12-24,25
2009-12-25,5
2009-12-26,21
2009-12-27,15
2009-12-28,26
2009-12-29,25
2009-12-30,25
2009-12-31,23
2010-01-01,15
2010-01-02,21
2010-01-03,23
2010-01-04,26
2010-01-05,45
2010-01-06,36
2010-01-07,27
2010-01-08,23
2010-01-09,28
2010-01-10,25
2010-01-11,34
2010-01-12,36
2010-01-13,23
2010-01-14,52
2010-01-15,35
2010-01-16,28
2010-01-17,20
2010-01-18,9
2010-01-19,11
2010-01-20,15
2010-01-21,19
2010-01-22,18
2010-01-23,23
2010-01-24,16
2010-01-25,21
2010-01-26,36
2010-01-27,30
2010-01-28,44
2010-01-29,30
2010-01-30,29
2010-01-31,25
2010-02-01,33
2010-02-02,23
2010-02-03,37
2010-02-04,32
2010-02-05,34
2010-02-06,19
2010-02-07,20
2010-02-08,39
2010-02-09,22
2010-02-10,24
2010-02-11,35
2010-02-12,36
2010-02-13,45
2010-02-14,38
2010-02-15,37
2010-02-16,46
2010-02-17,41
2010-02-18,33
2010-02-19,29
2010-02-20,20
2010-02-21,13
2010-02-22,31
2010-02-23,27
2010-02-24,28
2010-02-25,36
2010-02-26,32
2010-02-27,19
2010-02-28,39
2010-03-01,31
2010-03-02,28
2010-03-03,34
2010-03-04,50
2010-03-05,30
2010-03-06,23
2010-03-07,19
2010-03-08,40
2010-03-09,25
2010-03-10,36
2010-03-11,33
2010-03-12,34
2010-03-13,27
2010-03-14,32
2010-03-15,33
2010-03-16,46
2010-03-17,46
2010-03-18,47
2010-03-19,44
2010-03-20,45
2010-03-21,28
2010-03-22,41
2010-03-23,45
2010-03-24,47
2010-03-25,38
2010-03-26,40
2010-03-27,38
2010-03-28,32
2010-03-29,47
2010-03-30,25
2010-03-31,44
2010-04-01,38
2010-04-02,43
2010-04-03,34
2010-04-04,17
2010-04-05,26
2010-04-06,54
2010-04-07,39
2010-04-08,44
2010-04-09,31
2010-04-10,35
2010-04-11,13
2010-04-12,32
2010-04-13,48
2010-04-14,38
2010-04-15,37
2010-04-16,50
2010-04-17,27
2010-04-18,36
2010-04-19,51
2010-04-20,32
2010-04-21,27
2010-04-22,26
2010-04-23,54
2010-04-24,34
2010-04-25,34
2010-04-26,41
2010-04-27,34
2010-04-28,26
2010-04-29,50
2010-04-30,54
2010-05-01,29
2010-05-02,32
2010-05-03,47
2010-05-04,57
2010-05-05,55
2010-05-06,37
2010-05-07,45
2010-05-08,48
2010-05-09,18
2010-05-10,32
2010-05-11,47
2010-05-12,63
2010-05-13,54
2010-05-14,40
2010-05-15,39
2010-05-16,21
2010-05-17,33
2010-05-18,39
2010-05-19,49
2010-05-20,56
2010-05-21,28
2010-05-22,34
2010-05-23,30
2010-05-24,40
2010-05-25,46
2010-05-26,44
2010-05-27,35
2010-05-28,35
2010-05-29,33
2010-05-30,24
2010-05-31,32
2010-06-01,63
2010-06-02,53
2010-06-03,52
2010-06-04,44
2010-06-05,36
2010-06-06,34
2010-06-07,44
2010-06-08,46
2010-06-09,47
2010-06-10,37
2010-06-11,38
2010-06-12,36
2010-06-13,30
2010-06-14,41
2010-06-15,54
2010-06-16,43
2010-06-17,51
2010-06-18,43
2010-06-19,35
2010-06-20,19
2010-06-21,48
2010-06-22,60
2010-06-23,47
2010-06-24,51
2010-06-25,51
2010-06-26,43
2010-06-27,33
2010-06-28,39
2010-06-29,50
2010-06-30,54
2010-07-01,54
2010-07-02,65
2010-07-03,30
2010-07-04,51
2010-07-05,25
2010-07-06,50
2010-07-07,53
2010-07-08,59
2010-07-09,46
2010-07-10,44
2010-07-11,34
2010-07-12,49
2010-07-13,50
2010-07-14,52
2010-07-15,59
2010-07-16,39
2010-07-17,56
2010-07-18,35
2010-07-19,48
2010-07-20,33
2010-07-21,48
2010-07-22,53
2010-07-23,36
2010-07-24,40
2010-07-25,35
2010-07-26,39
2010-07-27,42
2010-07-28,59
2010-07-29,52
2010-07-30,47
2010-07-31,44
2010-08-01,28
2010-08-02,50
2010-08-03,52
2010-08-04,44
2010-08-05,55
2010-08-06,53
2010-08-07,42
2010-08-08,35
2010-08-09,47
2010-08-10,63
2010-08-11,49
2010-08-12,40
2010-08-13,38
2010-08-14,39
2010-08-15,30
2010-08-16,40
2010-08-17,59
2010-08-18,41
2010-08-19,66
2010-08-20,50
2010-08-21,44
2010-08-22,40
2010-08-23,57
2010-08-24,46
2010-08-25,49
2010-08-26,57
2010-08-27,45
2010-08-28,42
2010-08-29,27
2010-08-30,38
2010-08-31,45
2010-09-01,48
2010-09-02,53
2010-09-03,59
2010-09-04,35
2010-09-05,24
2010-09-06,32
2010-09-07,46
2010-09-08,58
2010-09-09,51
2010-09-10,63
2010-09-11,35
2010-09-12,37
2010-09-13,55
2010-09-14,60
2010-09-15,46
2010-09-16,57
2010-09-17,60
2010-09-18,39
2010-09-19,39
2010-09-20,57
2010-09-21,36
2010-09-22,52
2010-09-23,60
2010-09-24,60
2010-09-25,37
2010-09-26,39
2010-09-27,58
2010-09-28,60
2010-09-29,63
2010-09-30,64
2010-10-01,58
2010-10-02,42
2010-10-03,31
2010-10-04,41
2010-10-05,53
2010-10-06,40
2010-10-07,43
2010-10-08,62
2010-10-09,48
2010-10-10,37
2010-10-11,54
2010-10-12,61
2010-10-13,60
2010-10-14,54
2010-10-15,41
2010-10-16,34
2010-10-17,15
2010-10-18,49
2010-10-19,29
2010-10-20,43
2010-10-21,40
2010-10-22,35
2010-10-23,28
2010-10-24,22
2010-10-25,36
2010-10-26,53
2010-10-27,47
2010-10-28,40
2010-10-29,43
2010-10-30,23
2010-10-31,23
2010-11-01,52
2010-11-02,46
2010-11-03,58
2010-11-04,41
2010-11-05,41
2010-11-06,36
2010-11-07,27
2010-11-08,42
2010-11-09,40
2010-11-10,43
2010-11-11,31
2010-11-12,46
2010-11-13,38
2010-11-14,28
2010-11-15,48
2010-11-16,42
2010-11-17,42
2010-11-18,56
2010-11-19,35
2010-11-20,21
2010-11-21,9
2010-11-22,52
2010-11-23,30
2010-11-24,31
2010-11-25,11
2010-11-26,18
2010-11-27,19
2010-11-28,21
2010-11-29,36
2010-11-30,41
2010-12-01,44
2010-12-02,26
2010-12-03,30
2010-12-04,28
2010-12-05,21
2010-12-06,29
2010-12-07,58
2010-12-08,45
2010-12-09,33
2010-12-10,40
2010-12-11,19
2010-12-12,21
2010-12-13,26
2010-12-14,27
2010-12-15,32
2010-12-16,30
2010-12-17,27
2010-12-18,17
2010-12-19,10
2010-12-20,24
2010-12-21,16
2010-12-22,16
2010-12-23,25
2010-12-24,19
2010-12-25,18
2010-12-26,15
2010-12-27,25
2010-12-28,24
2010-12-29,13
2010-12-30,32
2010-12-31,21
2011-01-01,14
2011-01-02,10
2011-01-03,26
2011-01-04,39
2011-01-05,38
2011-01-06,32
2011-01-07,24
2011-01-08,14
2011-01-09,25
2011-01-10,33
2011-01-11,29
2011-01-12,36
2011-01-13,28
2011-01-14,42
2011-01-15,36
2011-01-16,20
2011-01-17,22
2011-01-18,51
2011-01-19,41
2011-01-20,41
2011-01-21,52
2011-01-22,34
2011-01-23,27
2011-01-24,39
2011-01-25,35
2011-01-26,46
2011-01-27,45
2011-01-28,48
2011-01-29,30
2011-01-30,14
2011-01-31,43
2011-02-01,35
2011-02-02,43
2011-02-03,34
2011-02-04,51
2011-02-05,34
2011-02-06,27
2011-02-07,53
2011-02-08,38
2011-02-09,59
2011-02-10,48
2011-02-11,49
2011-02-12,35
2011-02-13,35
2011-02-14,37
2011-02-15,26
2011-02-16,21
2011-02-17,34
2011-02-18,26
2011-02-19,15
2011-02-20,23
2011-02-21,30
2011-02-22,32
2011-02-23,29
2011-02-24,32
2011-02-25,19
2011-02-26,22
2011-02-27,22
2011-02-28,35
2011-03-01,53
2011-03-02,33
2011-03-03,35
2011-03-04,48
2011-03-05,35
2011-03-06,21
2011-03-07,31
2011-03-08,52
2011-03-09,44
2011-03-10,44
2011-03-11,46
2011-03-12,29
2011-03-13,29
2011-03-14,45
2011-03-15,39
2011-03-16,40
2011-03-17,41
2011-03-18,30
2011-03-19,19
2011-03-20,10
2011-03-21,31
2011-03-22,34
2011-03-23,15
2011-03-24,26
2011-03-25,30
2011-03-26,22
2011-03-27,23
2011-03-28,33
2011-03-29,40
2011-03-30,48
2011-03-31,47
2011-04-01,40
2011-04-02,28
2011-04-03,36
2011-04-04,44
2011-04-05,47
2011-04-06,42
2011-04-07,47
2011-04-08,38
2011-04-09,32
2011-04-10,32
2011-04-11,48
2011-04-12,35
2011-04-13,32
2011-04-14,51
2011-04-15,46
2011-04-16,33
2011-04-17,33
2011-04-18,47
2011-04-19,51
2011-04-20,48
2011-04-21,49
2011-04-22,38
2011-04-23,37
2011-04-24,21
2011-04-25,40
2011-04-26,40
2011-04-27,42
2011-04-28,55
2011-04-29,58
2011-04-30,42
2011-05-01,36
2011-05-02,53
2011-05-03,64
2011-05-04,61
2011-05-05,51
2011-05-06,54
2011-05-07,37
2011-05-08,17
2011-05-09,37
2011-05-10,57
2011-05-11,41
2011-05-12,59
2011-05-13,48
2011-05-14,28
2011-05-15,27
2011-05-16,45
2011-05-17,30
2011-05-18,35
2011-05-19,38
2011-05-20,42
2011-05-21,44
2011-05-22,29
2011-05-23,38
2011-05-24,51
2011-05-25,33
2011-05-26,52
2011-05-27,52
2011-05-28,29
2011-05-29,29
2011-05-30,40
2011-05-31,48
2011-06-01,31
2011-06-02,44
2011-06-03,40
2011-06-04,32
2011-06-05,36
2011-06-06,45
2011-06-07,56
2011-06-08,49
2011-06-09,30
2011-06-10,31
2011-06-11,46
2011-06-12,36
2011-06-13,42
2011-06-14,63
2011-06-15,58
2011-06-16,54
2011-06-17,53
2011-06-18,42
2011-06-19,20
2011-06-20,46
2011-06-21,55
2011-06-22,48
2011-06-23,49
2011-06-24,50
2011-06-25,40
2011-06-26,37
2011-06-27,43
2011-06-28,42
2011-06-29,44
2011-06-30,56
2011-07-01,57
2011-07-02,56
2011-07-03,40
2011-07-04,60
2011-07-05,43
2011-07-06,54
2011-07-07,56
2011-07-08,53
2011-07-09,42
2011-07-10,36
2011-07-11,56
2011-07-12,37
2011-07-13,44
2011-07-14,58
2011-07-15,49
2011-07-16,48
2011-07-17,39
2011-07-18,64
2011-07-19,60
2011-07-20,60
2011-07-21,47
2011-07-22,52
2011-07-23,41
2011-07-24,46
2011-07-25,45
2011-07-26,55
2011-07-27,66
2011-07-28,52
2011-07-29,39
2011-07-30,53
2011-07-31,34
2011-08-01,51
2011-08-02,57
2011-08-03,55
2011-08-04,47
2011-08-05,53
2011-08-06,50
2011-08-07,38
2011-08-08,46
2011-08-09,50
2011-08-10,47
2011-08-11,44
2011-08-12,60
2011-08-13,50
2011-08-14,33
2011-08-15,52
2011-08-16,51
2011-08-17,60
2011-08-18,47
2011-08-19,37
2011-08-20,41
2011-08-21,37
2011-08-22,41
2011-08-23,65
2011-08-24,40
2011-08-25,53
2011-08-26,41
2011-08-27,40
2011-08-28,33
2011-08-29,62
2011-08-30,48
2011-08-31,66
2011-09-01,53
2011-09-02,59
2011-09-03,42
2011-09-04,27
2011-09-05,26
2011-09-06,55
2011-09-07,74
2011-09-08,51
2011-09-09,44
2011-09-10,45
2011-09-11,34
2011-09-12,55
2011-09-13,52
2011-09-14,61
2011-09-15,67
2011-09-16,60
2011-09-17,37
2011-09-18,35
2011-09-19,45
2011-09-20,61
2011-09-21,72
2011-09-22,69
2011-09-23,48
2011-09-24,44
2011-09-25,27
2011-09-26,53
2011-09-27,64
2011-09-28,75
2011-09-29,64
2011-09-30,61
2011-10-01,40
2011-10-02,35
2011-10-03,52
2011-10-04,41
2011-10-05,35
2011-10-06,46
2011-10-07,54
2011-10-08,45
2011-10-09,35
2011-10-10,33
2011-10-11,54
2011-10-12,67
2011-10-13,51
2011-10-14,55
2011-10-15,42
2011-10-16,20
2011-10-17,37
2011-10-18,55
2011-10-19,56
2011-10-20,42
2011-10-21,52
2011-10-22,39
2011-10-23,31
2011-10-24,49
2011-10-25,49
2011-10-26,55
2011-10-27,66
2011-10-28,54
2011-10-29,39
2011-10-30,36
2011-10-31,46
2011-11-01,51
2011-11-02,56
2011-11-03,43
2011-11-04,33
2011-11-05,33
2011-11-06,19
2011-11-07,47
2011-11-08,51
2011-11-09,46
2011-11-10,33
2011-11-11,38
2011-11-12,23
2011-11-13,26
2011-11-14,46
2011-11-15,53
2011-11-16,41
2011-11-17,44
2011-11-18,45
2011-11-19,35
2011-11-20,9
2011-11-21,39
2011-11-22,53
2011-11-23,36
2011-11-24,13
2011-11-25,26
2011-11-26,33
2011-11-27,22
2011-11-28,33
2011-11-29,44
2011-11-30,48
2011-12-01,53
2011-12-02,50
2011-12-03,37
2011-12-04,28
2011-12-05,34
2011-12-06,44
2011-12-07,51
2011-12-08,47
2011-12-09,54
2011-12-10,45
2011-12-11,15
2011-12-12,23
2011-12-13,45
2011-12-14,36
2011-12-15,29
2011-12-16,33
2011-12-17,14
2011-12-18,23
2011-12-19,31
2011-12-20,37
2011-12-21,43
2011-12-22,31
2011-12-23,30
2011-12-24,25
2011-12-25,16
2011-12-26,19
2011-12-27,25
2011-12-28,30
2011-12-29,29
2011-12-30,29
2011-12-31,22
2012-01-01,21
2012-01-02,29
2012-01-03,31
2012-01-04,38
2012-01-05,47
2012-01-06,47
2012-01-07,38
2012-01-08,31
2012-01-09,40
2012-01-10,38
2012-01-11,47
2012-01-12,54
2012-01-13,54
2012-01-14,20
2012-01-15,20
2012-01-16,32
2012-01-17,35
2012-01-18,62
2012-01-19,41
2012-01-20,35
2012-01-21,32
2012-01-22,18
2012-01-23,25
2012-01-24,35
2012-01-25,45
2012-01-26,42
2012-01-27,44
2012-01-28,34
2012-01-29,23
2012-01-30,45
2012-01-31,38
2012-02-01,42
2012-02-02,50
2012-02-03,41
2012-02-04,51
2012-02-05,28
2012-02-06,44
2012-02-07,28
2012-02-08,49
2012-02-09,57
2012-02-10,51
2012-02-11,28
2012-02-12,32
2012-02-13,28
2012-02-14,45
2012-02-15,39
2012-02-16,29
2012-02-17,38
2012-02-18,42
2012-02-19,27
2012-02-20,31
2012-02-21,38
2012-02-22,40
2012-02-23,53
2012-02-24,44
2012-02-25,33
2012-02-26,24
2012-02-27,36
2012-02-28,34
2012-02-29,29
2012-03-01,41
2012-03-02,50
2012-03-03,46
2012-03-04,38
2012-03-05,35
2012-03-06,35
2012-03-07,52
2012-03-08,47
2012-03-09,51
2012-03-10,41
2012-03-11,28
2012-03-12,46
2012-03-13,47
2012-03-14,48
2012-03-15,32
2012-03-16,31
2012-03-17,14
2012-03-18,23
2012-03-19,40
2012-03-20,39
2012-03-21,45
2012-03-22,36
2012-03-23,39
2012-03-24,24
2012-03-25,14
2012-03-26,36
2012-03-27,36
2012-03-28,26
2012-03-29,43
2012-03-30,55
2012-03-31,17
2012-04-01,33
2012-04-02,38
2012-04-03,45
2012-04-04,43
2012-04-05,38
2012-04-06,41
2012-04-07,28
2012-04-08,23
2012-04-09,41
2012-04-10,41
2012-04-11,27
2012-04-12,28
2012-04-13,26
2012-04-14,36
2012-04-15,45
2012-04-16,47
2012-04-17,57
2012-04-18,47
2012-04-19,45
2012-04-20,48
2012-04-21,40
2012-04-22,38
2012-04-23,44
2012-04-24,53
2012-04-25,40
2012-04-26,29
2012-04-27,57
2012-04-28,49
2012-04-29,34
2012-04-30,44
2012-05-01,41
2012-05-02,39
2012-05-03,44
2012-05-04,45
2012-05-05,50
2012-05-06,26
2012-05-07,49
2012-05-08,71
2012-05-09,56
2012-05-10,49
2012-05-11,58
2012-05-12,42
2012-05-13,30
2012-05-14,50
2012-05-15,60
2012-05-16,49
2012-05-17,41
2012-05-18,54
2012-05-19,51
2012-05-20,29
2012-05-21,44
2012-05-22,47
2012-05-23,57
2012-05-24,44
2012-05-25,36
2012-05-26,41
2012-05-27,36
2012-05-28,25
2012-05-29,38
2012-05-30,46
2012-05-31,52
2012-06-01,55
2012-06-02,44
2012-06-03,35
2012-06-04,44
2012-06-05,43
2012-06-06,46
2012-06-07,50
2012-06-08,58
2012-06-09,44
2012-06-10,32
2012-06-11,48
2012-06-12,44
2012-06-13,52
2012-06-14,55
2012-06-15,38
2012-06-16,37
2012-06-17,35
2012-06-18,40
2012-06-19,42
2012-06-20,51
2012-06-21,53
2012-06-22,53
2012-06-23,43
2012-06-24,39
2012-06-25,35
2012-06-26,56
2012-06-27,73
2012-06-28,38
2012-06-29,47
2012-06-30,44
2012-07-01,34
2012-07-02,49
2012-07-03,50
2012-07-04,53
2012-07-05,37
2012-07-06,44
2012-07-07,36
2012-07-08,31
2012-07-09,56
2012-07-10,51
2012-07-11,35
2012-07-12,42
2012-07-13,40
2012-07-14,40
2012-07-15,32
2012-07-16,48
2012-07-17,47
2012-07-18,44
2012-07-19,42
2012-07-20,61
2012-07-21,45
2012-07-22,45
2012-07-23,48
2012-07-24,48
2012-07-25,52
2012-07-26,50
2012-07-27,34
2012-07-28,35
2012-07-29,43
2012-07-30,34
2012-07-31,59
2012-08-01,51
2012-08-02,47
2012-08-03,52
2012-08-04,33
2012-08-05,25
2012-08-06,43
2012-08-07,54
2012-08-08,33
2012-08-09,52
2012-08-10,44
2012-08-11,29
2012-08-12,32
2012-08-13,36
2012-08-14,57
2012-08-15,45
2012-08-16,45
2012-08-17,49
2012-08-18,44
2012-08-19,20
2012-08-20,56
2012-08-21,46
2012-08-22,45
2012-08-23,55
2012-08-24,50
2012-08-25,44
2012-08-26,40
2012-08-27,57
2012-08-28,57
2012-08-29,58
2012-08-30,56
2012-08-31,57
2012-09-01,38
2012-09-02,35
2012-09-03,26
2012-09-04,56
2012-09-05,43
2012-09-06,61
2012-09-07,57
2012-09-08,41
2012-09-09,35
2012-09-10,44
2012-09-11,65
2012-09-12,65
2012-09-13,61
2012-09-14,62
2012-09-15,40
2012-09-16,27
2012-09-17,58
2012-09-18,72
2012-09-19,61
2012-09-20,60
2012-09-21,64
2012-09-22,48
2012-09-23,48
2012-09-24,53
2012-09-25,58
2012-09-26,55
2012-09-27,54
2012-09-28,55
2012-09-29,45
2012-09-30,46
2012-10-01,63
2012-10-02,74
2012-10-03,48
2012-10-04,72
2012-10-05,54
2012-10-06,40
2012-10-07,35
2012-10-08,58
2012-10-09,74
2012-10-10,48
2012-10-11,42
2012-10-12,44
2012-10-13,46
2012-10-14,25
2012-10-15,63
2012-10-16,61
2012-10-17,63
2012-10-18,67
2012-10-19,60
2012-10-20,38
2012-10-21,36
2012-10-22,45
2012-10-23,47
2012-10-24,49
2012-10-25,51
2012-10-26,62
2012-10-27,44
2012-10-28,32
2012-10-29,52
2012-10-30,64
2012-10-31,52
2012-11-01,40
2012-11-02,50
2012-11-03,36
2012-11-04,43
2012-11-05,62
2012-11-06,65
2012-11-07,55
2012-11-08,42
2012-11-09,35
2012-11-10,30
2012-11-11,27
2012-11-12,26
2012-11-13,60
2012-11-14,51
2012-11-15,47
2012-11-16,41
2012-11-17,26
2012-11-18,20
2012-11-19,41
2012-11-20,44
2012-11-21,31
2012-11-22,9
2012-11-23,22
2012-11-24,35
2012-11-25,21
2012-11-26,41
2012-11-27,26
2012-11-28,31
2012-11-29,37
2012-11-30,30
2012-12-01,27
2012-12-02,16
2012-12-03,32
2012-12-04,30
2012-12-05,34
2012-12-06,30
2012-12-07,43
2012-12-08,31
2012-12-09,14
2012-12-10,41
2012-12-11,47
2012-12-12,32
2012-12-13,28
2012-12-14,33
2012-12-15,30
2012-12-16,22
2012-12-17,25
2012-12-18,34
2012-12-19,36
2012-12-20,41
2012-12-21,28
2012-12-22,22
2012-12-23,12
2012-12-24,18
2012-12-25,10
2012-12-26,29
2012-12-27,25
2012-12-28,26
2012-12-29,13
2012-12-30,15
2012-12-31,23
2013-01-01,9
2013-01-02,27
2013-01-03,39
2013-01-04,32
2013-01-05,22
2013-01-06,10
2013-01-07,31
2013-01-08,44
2013-01-09,30
2013-01-10,42
2013-01-11,31
2013-01-12,17
2013-01-13,15
2013-01-14,45
2013-01-15,30
2013-01-16,40
2013-01-17,42
2013-01-18,36
2013-01-19,26
2013-01-20,27
2013-01-21,28
2013-01-22,37
2013-01-23,26
2013-01-24,24
2013-01-25,31
2013-01-26,16
2013-01-27,18
2013-01-28,40
2013-01-29,37
2013-01-30,42
2013-01-31,55
2013-02-01,45
2013-02-02,35
2013-02-03,31
2013-02-04,45
2013-02-05,26
2013-02-06,45
2013-02-07,33
2013-02-08,26
2013-02-09,29
2013-02-10,11
2013-02-11,26
2013-02-12,51
2013-02-13,47
2013-02-14,46
2013-02-15,63
2013-02-16,33
2013-02-17,20
2013-02-18,26
2013-02-19,36
2013-02-20,34
2013-02-21,43
2013-02-22,39
2013-02-23,24
2013-02-24,24
2013-02-25,45
2013-02-26,44
2013-02-27,40
2013-02-28,39
2013-03-01,48
2013-03-02,45
2013-03-03,36
2013-03-04,38
2013-03-05,37
2013-03-06,33
2013-03-07,30
2013-03-08,30
2013-03-09,49
2013-03-10,37
2013-03-11,46
2013-03-12,44
2013-03-13,52
2013-03-14,46
2013-03-15,46
2013-03-16,21
2013-03-17,47
2013-03-18,47
2013-03-19,37
2013-03-20,34
2013-03-21,44
2013-03-22,63
2013-03-23,34
2013-03-24,18
2013-03-25,43
2013-03-26,47
2013-03-27,39
2013-03-28,39
2013-03-29,41
2013-03-30,36
2013-03-31,25
2013-04-01,42
2013-04-02,45
2013-04-03,44
2013-04-04,38
2013-04-05,51
2013-04-06,33
2013-04-07,25
2013-04-08,45
2013-04-09,50
2013-04-10,34
2013-04-11,61
2013-04-12,43
2013-04-13,44
2013-04-14,25
2013-04-15,41
2013-04-16,41
2013-04-17,45
2013-04-18,44
2013-04-19,50
2013-04-20,49
2013-04-21,33
2013-04-22,36
2013-04-23,54
2013-04-24,51
2013-04-25,42
2013-04-26,36
2013-04-27,47
2013-04-28,39
2013-04-29,50
2013-04-30,49
2013-05-01,52
2013-05-02,54
2013-05-03,41
2013-05-04,38
2013-05-05,31
2013-05-06,32
2013-05-07,58
2013-05-08,57
2013-05-09,55
2013-05-10,53
2013-05-11,34
2013-05-12,34
2013-05-13,57
2013-05-14,47
2013-05-15,57
2013-05-16,47
2013-05-17,51
2013-05-18,60
2013-05-19,37
2013-05-20,59
2013-05-21,36
2013-05-22,54
2013-05-23,57
2013-05-24,47
2013-05-25,39
2013-05-26,39
2013-05-27,23
2013-05-28,48
2013-05-29,59
2013-05-30,46
2013-05-31,43
2013-06-01,38
2013-06-02,31
2013-06-03,40
2013-06-04,42
2013-06-05,64
2013-06-06,37
2013-06-07,40
2013-06-08,34
2013-06-09,49
2013-06-10,36
2013-06-11,37
2013-06-12,52
2013-06-13,64
2013-06-14,47
2013-06-15,38
2013-06-16,25
2013-06-17,49
2013-06-18,42
2013-06-19,47
2013-06-20,43
2013-06-21,43
2013-06-22,51
2013-06-23,22
2013-06-24,40
2013-06-25,35
2013-06-26,57
2013-06-27,42
2013-06-28,48
2013-06-29,42
2013-06-30,26
2013-07-01,50
2013-07-02,63
2013-07-03,48
2013-07-04,47
2013-07-05,38
2013-07-06,34
2013-07-07,27
2013-07-08,51
2013-07-09,52
2013-07-10,46
2013-07-11,48
2013-07-12,56
2013-07-13,36
2013-07-14,31
2013-07-15,45
2013-07-16,33
2013-07-17,46
2013-07-18,48
2013-07-19,42
2013-07-20,34
2013-07-21,28
2013-07-22,42
2013-07-23,41
2013-07-24,49
2013-07-25,47
2013-07-26,55
2013-07-27,34
2013-07-28,31
2013-07-29,44
2013-07-30,43
2013-07-31,51
2013-08-01,50
2013-08-02,43
2013-08-03,43
2013-08-04,37
2013-08-05,38
2013-08-06,38
2013-08-07,32
2013-08-08,43
2013-08-09,51
2013-08-10,39
2013-08-11,38
2013-08-12,48
2013-08-13,42
2013-08-14,48
2013-08-15,37
2013-08-16,42
2013-08-17,48
2013-08-18,28
2013-08-19,41
2013-08-20,55
2013-08-21,53
2013-08-22,49
2013-08-23,50
2013-08-24,34
2013-08-25,34
2013-08-26,36
2013-08-27,51
2013-08-28,51
2013-08-29,45
2013-08-30,50
2013-08-31,33
2013-09-01,40
2013-09-02,39
2013-09-03,48
2013-09-04,46
2013-09-05,49
2013-09-06,43
2013-09-07,34
2013-09-08,32
2013-09-09,49
2013-09-10,60
2013-09-11,50
2013-09-12,61
2013-09-13,59
2013-09-14,45
2013-09-15,23
2013-09-16,58
2013-09-17,53
2013-09-18,71
2013-09-19,60
2013-09-20,62
2013-09-21,29
2013-09-22,34
2013-09-23,55
2013-09-24,48
2013-09-25,50
2013-09-26,48
2013-09-27,57
2013-09-28,34
2013-09-29,26
2013-09-30,42
2013-10-01,52
2013-10-02,55
2013-10-03,46
2013-10-04,47
2013-10-05,36
2013-10-06,36
2013-10-07,48
2013-10-08,62
2013-10-09,32
2013-10-10,59
2013-10-11,38
2013-10-12,32
2013-10-13,32
2013-10-14,34
2013-10-15,49
2013-10-16,51
2013-10-17,47
2013-10-18,44
2013-10-19,41
2013-10-20,31
2013-10-21,52
2013-10-22,44
2013-10-23,47
2013-10-24,47
2013-10-25,54
2013-10-26,33
2013-10-27,26
2013-10-28,36
2013-10-29,37
2013-10-30,45
2013-10-31,43
2013-11-01,50
2013-11-02,37
2013-11-03,38
2013-11-04,44
2013-11-05,47
2013-11-06,41
2013-11-07,53
2013-11-08,51
2013-11-09,34
2013-11-10,18
2013-11-11,32
2013-11-12,36
2013-11-13,48
2013-11-14,59
2013-11-15,44
2013-11-16,30
2013-11-17,32
2013-11-18,31
2013-11-19,41
2013-11-20,42
2013-11-21,44
2013-11-22,43
2013-11-23,19
2013-11-24,24
2013-11-25,40
2013-11-26,33
2013-11-27,31
2013-11-28,17
2013-11-29,16
2013-11-30,30
2013-12-01,24
2013-12-02,33
2013-12-03,35
2013-12-04,33
2013-12-05,41
2013-12-06,38
2013-12-07,21
2013-12-08,10
2013-12-09,23
2013-12-10,26
2013-12-11,28
2013-12-12,34
2013-12-13,37
2013-12-14,28
2013-12-15,16
2013-12-16,32
2013-12-17,22
2013-12-18,31
2013-12-19,25
2013-12-20,36
2013-12-21,27
2013-12-22,24
2013-12-23,28
2013-12-24,23
2013-12-25,15
2013-12-26,36
2013-12-27,25
2013-12-28,26
2013-12-29,23
2013-12-30,26
2013-12-31,23
2014-01-01,21
2014-01-02,34
2014-01-03,28
2014-01-04,22
2014-01-05,24
2014-01-06,34
2014-01-07,35
2014-01-08,16
2014-01-09,30
2014-01-10,42
2014-01-11,35
2014-01-12,19
2014-01-13,43
2014-01-14,36
2014-01-15,42
2014-01-16,44
2014-01-17,43
2014-01-18,51
2014-01-19,22
2014-01-20,41
2014-01-21,40
2014-01-22,43
2014-01-23,44
2014-01-24,34
2014-01-25,29
2014-01-26,31
2014-01-27,38
2014-01-28,49
2014-01-29,35
2014-01-30,32
2014-01-31,36
2014-02-01,43
2014-02-02,21
2014-02-03,46
2014-02-04,41
2014-02-05,40
2014-02-06,33
2014-02-07,31
2014-02-08,27
2014-02-09,21
2014-02-10,39
2014-02-11,47
2014-02-12,42
2014-02-13,39
2014-02-14,59
2014-02-15,23
2014-02-16,30
2014-02-17,27
2014-02-18,40
2014-02-19,53
2014-02-20,41
2014-02-21,58
2014-02-22,31
2014-02-23,26
2014-02-24,51
2014-02-25,39
2014-02-26,37
2014-02-27,31
2014-02-28,25
2014-03-01,14
2014-03-02,19
2014-03-03,47
2014-03-04,42
2014-03-05,38
2014-03-06,30
2014-03-07,43
2014-03-08,30
2014-03-09,28
2014-03-10,34
2014-03-11,50
2014-03-12,50
2014-03-13,55
2014-03-14,42
2014-03-15,43
2014-03-16,28
2014-03-17,44
2014-03-18,52
2014-03-19,53
2014-03-20,46
2014-03-21,54
2014-03-22,37
2014-03-23,25
2014-03-24,40
2014-03-25,35
2014-03-26,33
2014-03-27,29
2014-03-28,50
2014-03-29,27
2014-03-30,29
2014-03-31,40
2014-04-01,33
2014-04-02,44
2014-04-03,55
2014-04-04,36
2014-04-05,45
2014-04-06,37
2014-04-07,45
2014-04-08,50
2014-04-09,45
2014-04-10,48
2014-04-11,41
2014-04-12,30
2014-04-13,25
2014-04-14,25
2014-04-15,44
2014-04-16,45
2014-04-17,47
2014-04-18,38
2014-04-19,40
2014-04-20,18
2014-04-21,55
2014-04-22,46
2014-04-23,52
2014-04-24,53
2014-04-25,30
2014-04-26,22
2014-04-27,30
2014-04-28,31
2014-04-29,40
2014-04-30,53
2014-05-01,59
2014-05-02,56
2014-05-03,25
2014-05-04,19
2014-05-05,50
2014-05-06,51
2014-05-07,42
2014-05-08,50
2014-05-09,54
2014-05-10,39
2014-05-11,27
2014-05-12,58
2014-05-13,46
2014-05-14,50
2014-05-15,54
2014-05-16,44
2014-05-17,39
2014-05-18,32
2014-05-19,36
2014-05-20,41
2014-05-21,35
2014-05-22,34
2014-05-23,33
2014-05-24,37
2014-05-25,24
2014-05-26,36
2014-05-27,41
2014-05-28,55
2014-05-29,59
2014-05-30,54
2014-05-31,35
2014-06-01,34
2014-06-02,42
2014-06-03,50
2014-06-04,44
2014-06-05,51
2014-06-06,49
2014-06-07,37
2014-06-08,28
2014-06-09,46
2014-06-10,44
2014-06-11,42
2014-06-12,42
2014-06-13,44
2014-06-14,48
2014-06-15,34
2014-06-16,37
2014-06-17,51
2014-06-18,59
2014-06-19,30
2014-06-20,39
2014-06-21,42
2014-06-22,22
2014-06-23,46
2014-06-24,36
2014-06-25,37
2014-06-26,39
2014-06-27,39
2014-06-28,39
2014-06-29,33
2014-06-30,44
2014-07-01,47
2014-07-02,48
2014-07-03,42
2014-07-04,38
2014-07-05,28
2014-07-06,21
2014-07-07,41
2014-07-08,52
2014-07-09,49
2014-07-10,35
2014-07-11,37
2014-07-12,25
2014-07-13,21
2014-07-14,32
2014-07-15,45
2014-07-16,41
2014-07-17,45
2014-07-18,35
2014-07-19,34
2014-07-20,30
2014-07-21,42
2014-07-22,26
2014-07-23,41
2014-07-24,41
2014-07-25,45
2014-07-26,36
2014-07-27,31
2014-07-28,41
2014-07-29,42
2014-07-30,38
2014-07-31,40
2014-08-01,49
2014-08-02,39
2014-08-03,28
2014-08-04,44
2014-08-05,46
2014-08-06,37
2014-08-07,41
2014-08-08,38
2014-08-09,39
2014-08-10,34
2014-08-11,39
2014-08-12,41
2014-08-13,42
2014-08-14,50
2014-08-15,41
2014-08-16,35
2014-08-17,28
2014-08-18,41
2014-08-19,34
2014-08-20,48
2014-08-21,36
2014-08-22,44
2014-08-23,37
2014-08-24,20
2014-08-25,40
2014-08-26,41
2014-08-27,45
2014-08-28,43
2014-08-29,49
2014-08-30,24
2014-08-31,27
2014-09-01,43
2014-09-02,51
2014-09-03,60
2014-09-04,52
2014-09-05,51
2014-09-06,30
2014-09-07,27
2014-09-08,56
2014-09-09,66
2014-09-10,55
2014-09-11,52
2014-09-12,60
2014-09-13,37
2014-09-14,34
2014-09-15,32
2014-09-16,74
2014-09-17,64
2014-09-18,56
2014-09-19,46
2014-09-20,35
2014-09-21,35
2014-09-22,42
2014-09-23,51
2014-09-24,57
2014-09-25,52
2014-09-26,48
2014-09-27,41
2014-09-28,22
2014-09-29,49
2014-09-30,52
2014-10-01,51
2014-10-02,45
2014-10-03,71
2014-10-04,40
2014-10-05,51
2014-10-06,52
2014-10-07,52
2014-10-08,51
2014-10-09,42
2014-10-10,64
2014-10-11,35
2014-10-12,36
2014-10-13,62
2014-10-14,45
2014-10-15,33
2014-10-16,59
2014-10-17,59
2014-10-18,37
2014-10-19,33
2014-10-20,42
2014-10-21,46
2014-10-22,49
2014-10-23,61
2014-10-24,67
2014-10-25,31
2014-10-26,25
2014-10-27,62
2014-10-28,49
2014-10-29,56
2014-10-30,42
2014-10-31,36
2014-11-01,38
2014-11-02,23
2014-11-03,51
2014-11-04,41
2014-11-05,54
2014-11-06,49
2014-11-07,56
2014-11-08,31
2014-11-09,32
2014-11-10,49
2014-11-11,29
2014-11-12,26
2014-11-13,36
2014-11-14,55
2014-11-15,31
2014-11-16,11
2014-11-17,41
2014-11-18,40
2014-11-19,38
2014-11-20,55
2014-11-21,28
2014-11-22,32
2014-11-23,28
2014-11-24,43
2014-11-25,36
2014-11-26,46
2014-11-27,9
2014-11-28,33
2014-11-29,20
2014-11-30,10
2014-12-01,21
2014-12-02,20
2014-12-03,28
2014-12-04,36
2014-12-05,26
2014-12-06,22
2014-12-07,22
2014-12-08,37
2014-12-09,43
2014-12-10,43
2014-12-11,20
2014-12-12,27
2014-12-13,32
2014-12-14,24
2014-12-15,27
2014-12-16,31
2014-12-17,28
2014-12-18,33
2014-12-19,34
2014-12-20,37
2014-12-21,19
2014-12-22,29
2014-12-23,34
2014-12-24,32
2014-12-25,18
2014-12-26,35
2014-12-27,32
2014-12-28,18
2014-12-29,39
2014-12-30,19
2014-12-31,18
2015-01-01,12
2015-01-02,21
2015-01-03,25
2015-01-04,21
2015-01-05,26
2015-01-06,35
2015-01-07,41
2015-01-08,39
2015-01-09,43
2015-01-10,33
2015-01-11,14
2015-01-12,35
2015-01-13,50
2015-01-14,57
2015-01-15,45
2015-01-16,42
2015-01-17,33
2015-01-18,30
2015-01-19,29
2015-01-20,37
2015-01-21,50
2015-01-22,42
2015-01-23,43
2015-01-24,41
2015-01-25,31
2015-01-26,36
2015-01-27,39
2015-01-28,36
2015-01-29,39
2015-01-30,32
2015-01-31,25
2015-02-01,37
2015-02-02,41
2015-02-03,53
2015-02-04,40
2015-02-05,34
2015-02-06,32
2015-02-07,32
2015-02-08,21
2015-02-09,43
2015-02-10,38
2015-02-11,48
2015-02-12,41
2015-02-13,50
2015-02-14,33
2015-02-15,23
2015-02-16,39
2015-02-17,46
2015-02-18,49
2015-02-19,44
2015-02-20,42
2015-02-21,32
2015-02-22,12
2015-02-23,27
2015-02-24,37
2015-02-25,38
2015-02-26,44
2015-02-27,42
2015-02-28,23
2015-03-01,24
2015-03-02,28
2015-03-03,34
2015-03-04,54
2015-03-05,38
2015-03-06,37
2015-03-07,46
2015-03-08,25
2015-03-09,41
2015-03-10,41
2015-03-11,37
2015-03-12,52
2015-03-13,48
2015-03-14,43
2015-03-15,22
2015-03-16,44
2015-03-17,48
2015-03-18,43
2015-03-19,50
2015-03-20,53
2015-03-21,21
2015-03-22,37
2015-03-23,41
2015-03-24,45
2015-03-25,58
2015-03-26,54
2015-03-27,44
2015-03-28,37
2015-03-29,27
2015-03-30,41
2015-03-31,51
2015-04-01,50
2015-04-02,38
2015-04-03,49
2015-04-04,28
2015-04-05,18
2015-04-06,39
2015-04-07,36
2015-04-08,29
2015-04-09,38
2015-04-10,52
2015-04-11,35
2015-04-12,30
2015-04-13,38
2015-04-14,45
2015-04-15,42
2015-04-16,39
2015-04-17,38
2015-04-18,43
2015-04-19,31
2015-04-20,46
2015-04-21,36
2015-04-22,35
2015-04-23,38
2015-04-24,45
2015-04-25,25
2015-04-26,31
2015-04-27,48
2015-04-28,45
2015-04-29,46
2015-04-30,52
2015-05-01,57
2015-05-02,35
2015-05-03,29
2015-05-04,34
2015-05-05,39
2015-05-06,48
2015-05-07,42
2015-05-08,32
2015-05-09,34
2015-05-10,28
2015-05-11,41
2015-05-12,53
2015-05-13,43
2015-05-14,39
2015-05-15,45
2015-05-16,33
2015-05-17,22
2015-05-18,39
2015-05-19,47
2015-05-20,49
2015-05-21,32
2015-05-22,31
2015-05-23,35
2015-05-24,25
2015-05-25,26
2015-05-26,35
2015-05-27,47
2015-05-28,37
2015-05-29,47
2015-05-30,36
2015-05-31,25
2015-06-01,55
2015-06-02,39
2015-06-03,50
2015-06-04,41
2015-06-05,41
2015-06-06,27
2015-06-07,35
2015-06-08,47
2015-06-09,30
2015-06-10,43
2015-06-11,40
2015-06-12,46
2015-06-13,35
2015-06-14,31
2015-06-15,33
2015-06-16,33
2015-06-17,37
2015-06-18,48
2015-06-19,32
2015-06-20,29
2015-06-21,32
2015-06-22,39
2015-06-23,46
2015-06-24,45
2015-06-25,44
2015-06-26,34
2015-06-27,38
2015-06-28,34
2015-06-29,44
2015-06-30,47
2015-07-01,45
2015-07-02,52
2015-07-03,41
2015-07-04,31
2015-07-05,22
2015-07-06,31
2015-07-07,35
2015-07-08,38
2015-07-09,52
2015-07-10,50
2015-07-11,38
2015-07-12,23
2015-07-13,43
2015-07-14,38
2015-07-15,35
2015-07-16,47
2015-07-17,29
2015-07-18,34
2015-07-19,19
2015-07-20,47
2015-07-21,36
2015-07-22,34
2015-07-23,43
2015-07-24,37
2015-07-25,33
2015-07-26,35
2015-07-27,44
2015-07-28,43
2015-07-29,41
2015-07-30,42
2015-07-31,35
2015-08-01,37
2015-08-02,32
2015-08-03,42
2015-08-04,29
2015-08-05,42
2015-08-06,48
2015-08-07,42
2015-08-08,33
2015-08-09,31
2015-08-10,42
2015-08-11,43
2015-08-12,38
2015-08-13,42
2015-08-14,45
2015-08-15,46
2015-08-16,29
2015-08-17,37
2015-08-18,46
2015-08-19,49
2015-08-20,50
2015-08-21,41
2015-08-22,42
2015-08-23,30
2015-08-24,40
2015-08-25,52
2015-08-26,48
2015-08-27,65
2015-08-28,47
2015-08-29,43
2015-08-30,28
2015-08-31,53
2015-09-01,54
2015-09-02,53
2015-09-03,43
2015-09-04,54
2015-09-05,48
2015-09-06,32
2015-09-07,39
2015-09-08,54
2015-09-09,59
2015-09-10,58
2015-09-11,48
2015-09-12,36
2015-09-13,30
2015-09-14,37
2015-09-15,46
2015-09-16,48
2015-09-17,45
2015-09-18,48
2015-09-19,36
2015-09-20,33
2015-09-21,45
2015-09-22,53
2015-09-23,43
2015-09-24,55
2015-09-25,45
2015-09-26,38
2015-09-27,20
2015-09-28,32
2015-09-29,47
2015-09-30,55
2015-10-01,51
2015-10-02,45
2015-10-03,43
2015-10-04,34
2015-10-05,37
2015-10-06,55
2015-10-07,50
2015-10-08,53
2015-10-09,45
2015-10-10,41
2015-10-11,32
2015-10-12,54
2015-10-13,57
2015-10-14,54
2015-10-15,63
2015-10-16,38
2015-10-17,36
2015-10-18,27
2015-10-19,36
2015-10-20,45
2015-10-21,62
2015-10-22,46
2015-10-23,41
2015-10-24,27
2015-10-25,27
2015-10-26,56
2015-10-27,48
2015-10-28,47
2015-10-29,59
2015-10-30,54
2015-10-31,34
2015-11-01,29
2015-11-02,33
2015-11-03,49
2015-11-04,41
2015-11-05,36
2015-11-06,49
2015-11-07,24
2015-11-08,25
2015-11-09,30
2015-11-10,46
2015-11-11,38
2015-11-12,60
2015-11-13,50
2015-11-14,32
2015-11-15,25
2015-11-16,29
2015-11-17,42
2015-11-18,44
2015-11-19,58
2015-11-20,34
2015-11-21,30
2015-11-22,24
2015-11-23,34
2015-11-24,24
2015-11-25,33
2015-11-26,12
2015-11-27,17
2015-11-28,21
2015-11-29,20
2015-11-30,40
2015-12-01,37
2015-12-02,44
2015-12-03,34
2015-12-04,42
2015-12-05,23
2015-12-06,17
2015-12-07,37
2015-12-08,34
2015-12-09,39
2015-12-10,32
2015-12-11,26
2015-12-12,29
2015-12-13,14
2015-12-14,24
2015-12-15,42
2015-12-16,28
2015-12-17,42
2015-12-18,27
2015-12-19,20
2015-12-20,14
2015-12-21,17
2015-12-22,17
2015-12-23,25
2015-12-24,20
2015-12-25,15
2015-12-26,18
2015-12-27,14
2015-12-28,22
2015-12-29,28
2015-12-30,35
2015-12-31,25
2016-01-01,12
2016-01-02,20
2016-01-03,15
2016-01-04,24
2016-01-05,19
2016-01-06,15
2016-01-07,28
2016-01-08,34
2016-01-09,20
2016-01-10,11
2016-01-11,30
2016-01-12,36
2016-01-13,31
2016-01-14,33
2016-01-15,29
2016-01-16,16
2016-01-17,22
2016-01-18,21
2016-01-19,22
2016-01-20,40
2016-01-21,36
2016-01-22,24
2016-01-23,17
2016-01-24,36
2016-01-25,44
2016-01-26,51
2016-01-27,36
2016-01-28,45
2016-01-29,41
2016-01-30,22
2016-01-31,17
2016-02-01,44
2016-02-02,30
2016-02-03,36
2016-02-04,33
2016-02-05,47
2016-02-06,35
2016-02-07,23
2016-02-08,31
2016-02-09,53
2016-02-10,44
2016-02-11,51
2016-02-12,36
2016-02-13,35
2016-02-14,21
2016-02-15,26
2016-02-16,42
2016-02-17,38
2016-02-18,20
2016-02-19,35
2016-02-20,32
2016-02-21,25
2016-02-22,38
2016-02-23,39
2016-02-24,37
2016-02-25,45
2016-02-26,47
2016-02-27,35
2016-02-28,31
2016-02-29,53
2016-03-01,50
2016-03-02,47
2016-03-03,45
2016-03-04,45
2016-03-05,26
2016-03-06,20
2016-03-07,25
2016-03-08,44
2016-03-09,32
2016-03-10,28
2016-03-11,23
2016-03-12,17
2016-03-13,17
2016-03-14,27
2016-03-15,39
2016-03-16,49
2016-03-17,45
2016-03-18,31
2016-03-19,32
2016-03-20,18
2016-03-21,46
2016-03-22,32
2016-03-23,30
2016-03-24,38
2016-03-25,31
2016-03-26,42
2016-03-27,23
2016-03-28,22
2016-03-29,22
2016-03-30,40
2016-03-31,40
2016-04-01,41
2016-04-02,34
2016-04-03,23
2016-04-04,45
2016-04-05,26
2016-04-06,57
2016-04-07,32
2016-04-08,31
2016-04-09,16
2016-04-10,23
2016-04-11,43
2016-04-12,46
2016-04-13,37
2016-04-14,38
2016-04-15,41
2016-04-16,41
2016-04-17,21
2016-04-18,40
2016-04-19,32
2016-04-20,49
2016-04-21,44
2016-04-22,26
2016-04-23,38
2016-04-24,30
2016-04-25,34
2016-04-26,49
2016-04-27,33
2016-04-28,56
2016-04-29,29
2016-04-30,33
2016-05-01,22
2016-05-02,40
2016-05-03,50
2016-05-04,40
2016-05-05,34
2016-05-06,24
2016-05-07,31
2016-05-08,26
2016-05-09,42
2016-05-10,50
2016-05-11,39
2016-05-12,55
2016-05-13,45
2016-05-14,37
2016-05-15,33
2016-05-16,43
2016-05-17,45
2016-05-18,45
2016-05-19,32
2016-05-20,39
2016-05-21,45
2016-05-22,33
2016-05-23,31
2016-05-24,41
2016-05-25,49
2016-05-26,61
2016-05-27,47
2016-05-28,33
2016-05-29,31
2016-05-30,24
2016-05-31,32
2016-06-01,50
2016-06-02,45
2016-06-03,32
2016-06-04,41
2016-06-05,32
2016-06-06,45
2016-06-07,32
2016-06-08,36
2016-06-09,31
2016-06-10,32
2016-06-11,36
2016-06-12,34
2016-06-13,38
2016-06-14,34
2016-06-15,39
2016-06-16,30
2016-06-17,33
2016-06-18,36
2016-06-19,30
2016-06-20,38
2016-06-21,45
2016-06-22,42
2016-06-23,39
2016-06-24,42
2016-06-25,38
2016-06-26,37
2016-06-27,27
2016-06-28,34
2016-06-29,40
2016-06-30,41
2016-07-01,42
2016-07-02,17
2016-07-03,28
2016-07-04,26
2016-07-05,29
2016-07-06,32
2016-07-07,29
2016-07-08,48
2016-07-09,40
2016-07-10,26
2016-07-11,42
2016-07-12,39
2016-07-13,51
2016-07-14,49
2016-07-15,43
2016-07-16,23
2016-07-17,34
2016-07-18,33
2016-07-19,46
2016-07-20,46
2016-07-21,25
2016-07-22,32
2016-07-23,29
2016-07-24,24
2016-07-25,30
2016-07-26,42
2016-07-27,39
2016-07-28,34
2016-07-29,43
2016-07-30,25
2016-07-31,40
2016-08-01,39
2016-08-02,47
2016-08-03,44
2016-08-04,45
2016-08-05,27
2016-08-06,21
2016-08-07,24
2016-08-08,38
2016-08-09,47
2016-08-10,46
2016-08-11,31
2016-08-12,35
2016-08-13,25
2016-08-14,23
2016-08-15,34
2016-08-16,47
2016-08-17,49
2016-08-18,44
2016-08-19,40
2016-08-20,30
2016-08-21,35
2016-08-22,39
2016-08-23,36
2016-08-24,57
2016-08-25,40
2016-08-26,46
2016-08-27,33
2016-08-28,29
2016-08-29,43
2016-08-30,55
2016-08-31,43
2016-09-01,45
2016-09-02,52
2016-09-03,22
2016-09-04,28
2016-09-05,33
2016-09-06,57
2016-09-07,56
2016-09-08,49
2016-09-09,43
2016-09-10,31
2016-09-11,25
2016-09-12,52
2016-09-13,33
2016-09-14,42
2016-09-15,47
2016-09-16,51
2016-09-17,48
2016-09-18,24
2016-09-19,37
2016-09-20,52
2016-09-21,58
2016-09-22,41
2016-09-23,47
2016-09-24,50
2016-09-25,32
2016-09-26,48
2016-09-27,62
2016-09-28,45
2016-09-29,55
2016-09-30,53
2016-10-01,36
2016-10-02,28
2016-10-03,39
2016-10-04,38
2016-10-05,50
2016-10-06,56
2016-10-07,50
2016-10-08,30
2016-10-09,20
2016-10-10,46
2016-10-11,47
2016-10-12,47
2016-10-13,42
2016-10-14,37
2016-10-15,25
2016-10-16,22
2016-10-17,30
2016-10-18,52
2016-10-19,47
2016-10-20,40
2016-10-21,41
2016-10-22,39
2016-10-23,24
2016-10-24,43
2016-10-25,37
2016-10-26,53
2016-10-27,30
2016-10-28,22
2016-10-29,26
2016-10-30,17
2016-10-31,45
2016-11-01,43
2016-11-02,58
2016-11-03,42
2016-11-04,54
2016-11-05,36
2016-11-06,27
2016-11-07,42
2016-11-08,46
2016-11-09,48
2016-11-10,56
2016-11-11,36
2016-11-12,39
2016-11-13,36
2016-11-14,44
2016-11-15,43
2016-11-16,44
2016-11-17,45
2016-11-18,47
2016-11-19,16
2016-11-20,22
2016-11-21,26
2016-11-22,40
2016-11-23,37
2016-11-24,16
2016-11-25,21
2016-11-26,15
2016-11-27,11
2016-11-28,37
2016-11-29,42
2016-11-30,40
2016-12-01,45
2016-12-02,44
2016-12-03,25
2016-12-04,26
2016-12-05,40
2016-12-06,38
2016-12-07,31
2016-12-08,28
2016-12-09,29
2016-12-10,20
2016-12-11,18
2016-12-12,26
2016-12-13,34
2016-12-14,41
2016-12-15,24
2016-12-16,28
2016-12-17,24
2016-12-18,18
2016-12-19,30
2016-12-20,38
2016-12-21,30
2016-12-22,27
2016-12-23,14
2016-12-24,21
2016-12-25,10
2016-12-26,13
2016-12-27,31
2016-12-28,33
2016-12-29,26
2016-12-30,20
2016-12-31,12
2017-01-01,14
2017-01-02,15
2017-01-03,17
2017-01-04,28
2017-01-05,36
2017-01-06,32
2017-01-07,12
2017-01-08,15
2017-01-09,16
2017-01-10,28
2017-01-11,34
2017-01-12,10
2017-01-13,40
2017-01-14,15
2017-01-15,22
2017-01-16,21
2017-01-17,36
2017-01-18,18
2017-01-19,25
2017-01-20,15
2017-01-21,28
2017-01-22,16
2017-01-23,20
2017-01-24,29
2017-01-25,34
2017-01-26,26
2017-01-27,29
2017-01-28,32
2017-01-29,22
2017-01-30,31
2017-01-31,39
2017-02-01,33
2017-02-02,35
2017-02-03,21
2017-02-04,31
2017-02-05,16
2017-02-06,7
2017-02-07,20
2017-02-08,31
2017-02-09,27
2017-02-10,29
2017-02-11,28
2017-02-12,31
2017-02-13,35
2017-02-14,50
2017-02-15,42
2017-02-16,32
2017-02-17,15
2017-02-18,14
2017-02-19,15
2017-02-20,15
2017-02-21,19
2017-02-22,31
2017-02-23,22
2017-02-24,29
2017-02-25,26
2017-02-26,8
2017-02-27,20
2017-02-28,40
2017-03-01,44
2017-03-02,35
2017-03-03,28
2017-03-04,28
2017-03-05,21
2017-03-06,35
2017-03-07,39
2017-03-08,47
2017-03-09,31
2017-03-10,42
2017-03-11,42
2017-03-12,29
2017-03-13,38
2017-03-14,51
2017-03-15,47
2017-03-16,50
2017-03-17,50
2017-03-18,27
2017-03-19,19
2017-03-20,32
2017-03-21,28
2017-03-22,29
2017-03-23,47
2017-03-24,25
2017-03-25,32
2017-03-26,19
2017-03-27,36
2017-03-28,40
2017-03-29,36
2017-03-30,41
2017-03-31,36
2017-04-01,33
2017-04-02,31
2017-04-03,34
2017-04-04,42
2017-04-05,56
2017-04-06,38
2017-04-07,32
2017-04-08,22
2017-04-09,27
2017-04-10,36
2017-04-11,33
2017-04-12,50
2017-04-13,39
2017-04-14,36
2017-04-15,33
2017-04-16,17
2017-04-17,38
2017-04-18,34
2017-04-19,50
2017-04-20,43
2017-04-21,35
2017-04-22,31
2017-04-23,23
2017-04-24,31
2017-04-25,34
2017-04-26,32
2017-04-27,48
2017-04-28,38
2017-04-29,32
2017-04-30,37
2017-05-01,39
2017-05-02,46
2017-05-03,48
2017-05-04,39
2017-05-05,38
2017-05-06,28
2017-05-07,13
2017-05-08,46
2017-05-09,29
2017-05-10,40
2017-05-11,47
2017-05-12,50
2017-05-13,42
2017-05-14,24
2017-05-15,41
2017-05-16,39
2017-05-17,40
2017-05-18,54
2017-05-19,41
2017-05-20,41
2017-05-21,19
2017-05-22,32
2017-05-23,44
2017-05-24,49
2017-05-25,41
2017-05-26,38
2017-05-27,36
2017-05-28,27
2017-05-29,25
2017-05-30,44
2017-05-31,43
2017-06-01,44
2017-06-02,31
2017-06-03,36
2017-06-04,34
2017-06-05,36
2017-06-06,33
2017-06-07,42
2017-06-08,31
2017-06-09,38
2017-06-10,25
2017-06-11,26
2017-06-12,38
2017-06-13,43
2017-06-14,37
2017-06-15,45
2017-06-16,29
2017-06-17,40
2017-06-18,16
2017-06-19,44
2017-06-20,35
2017-06-21,31
2017-06-22,52
2017-06-23,27
2017-06-24,37
2017-06-25,33
2017-06-26,33
2017-06-27,38
2017-06-28,32
2017-06-29,27
2017-06-30,35
2017-07-01,38
2017-07-02,30
2017-07-03,31
2017-07-04,35
2017-07-05,32
2017-07-06,33
2017-07-07,41
2017-07-08,35
2017-07-09,24
2017-07-10,32
2017-07-11,51
2017-07-12,42
2017-07-13,39
2017-07-14,33
2017-07-15,35
2017-07-16,21
2017-07-17,42
2017-07-18,48
2017-07-19,41
2017-07-20,53
2017-07-21,43
2017-07-22,31
2017-07-23,21
2017-07-24,31
2017-07-25,27
2017-07-26,40
2017-07-27,41
2017-07-28,36
2017-07-29,38
2017-07-30,29
2017-07-31,37
2017-08-01,38
2017-08-02,42
2017-08-03,47
2017-08-04,33
2017-08-05,33
2017-08-06,23
2017-08-07,37
2017-08-08,40
2017-08-09,38
2017-08-10,29
2017-08-11,35
2017-08-12,26
2017-08-13,30
2017-08-14,25
2017-08-15,48
2017-08-16,43
2017-08-17,39
2017-08-18,36
2017-08-19,32
2017-08-20,33
2017-08-21,43
2017-08-22,45
2017-08-23,40
2017-08-24,42
2017-08-25,46
2017-08-26,37
2017-08-27,30
2017-08-28,39
2017-08-29,42
2017-08-30,40
2017-08-31,51
2017-09-01,40
2017-09-02,30
2017-09-03,24
2017-09-04,28
2017-09-05,43
2017-09-06,35
2017-09-07,41
2017-09-08,35
2017-09-09,27
2017-09-10,31
2017-09-11,34
2017-09-12,45
2017-09-13,46
2017-09-14,38
2017-09-15,45
2017-09-16,27
2017-09-17,32
2017-09-18,36
2017-09-19,40
2017-09-20,40
2017-09-21,40
2017-09-22,43
2017-09-23,28
2017-09-24,25
2017-09-25,44
2017-09-26,42
2017-09-27,55
2017-09-28,51
2017-09-29,37
2017-09-30,41
2017-10-01,32
2017-10-02,44
2017-10-03,60
2017-10-04,49
2017-10-05,44
2017-10-06,38
2017-10-07,36
2017-10-08,25
2017-10-09,47
2017-10-10,45
2017-10-11,41
2017-10-12,36
2017-10-13,38
2017-10-14,32
2017-10-15,30
2017-10-16,44
2017-10-17,40
2017-10-18,42
2017-10-19,43
2017-10-20,26
2017-10-21,34
2017-10-22,34
2017-10-23,43
2017-10-24,44
2017-10-25,57
2017-10-26,59
2017-10-27,44
2017-10-28,26
2017-10-29,11
2017-10-30,38
2017-10-31,37
2017-11-01,41
2017-11-02,32
2017-11-03,27
2017-11-04,27
2017-11-05,18
2017-11-06,61
2017-11-07,40
2017-11-08,44
2017-11-09,45
2017-11-10,34
2017-11-11,30
2017-11-12,24
2017-11-13,39
2017-11-14,38
2017-11-15,40
2017-11-16,30
2017-11-17,42
2017-11-18,30
2017-11-19,26
2017-11-20,34
2017-11-21,40
2017-11-22,31
2017-11-23,23
2017-11-24,26
2017-11-25,27
2017-11-26,19
2017-11-27,27
2017-11-28,44
2017-11-29,39
2017-11-30,35
2017-12-01,38
2017-12-02,27
2017-12-03,23
2017-12-04,46
2017-12-05,39
2017-12-06,40
2017-12-07,47
2017-12-08,24
2017-12-09,32
2017-12-10,23
2017-12-11,44
2017-12-12,43
2017-12-13,37
2017-12-14,45
2017-12-15,26
2017-12-16,32
2017-12-17,20
2017-12-18,25
2017-12-19,33
2017-12-20,29
2017-12-21,30
2017-12-22,19
2017-12-23,21
2017-12-24,14
2017-12-25,6
2017-12-26,12
2017-12-27,24
2017-12-28,21
2017-12-29,33
2017-12-30,24
2017-12-31,17
