,T2M,collisions
0,10.1,21
1,12.37,23
2,13.17,27
3,13.19,33
4,11.83,35
5,11.69,28
6,11.49,23
7,8.0,19
8,6.98,29
9,7.18,19
10,6.21,20
11,6.43,22
12,6.23,26
13,5.81,14
14,4.28,28
15,2.7,19
16,3.55,26
17,5.76,35
18,7.38,30
19,10.07,24
20,10.95,21
21,10.85,35
22,9.84,30
23,5.29,15
24,5.16,34
25,3.92,26
26,4.28,28
27,5.55,15
28,5.4,24
29,5.63,40
30,6.45,29
31,8.19,36
32,9.34,37
33,12.48,41
34,14.79,33
35,13.98,46
36,8.74,32
37,4.49,28
38,4.78,23
39,5.49,20
40,4.62,18
41,4.11,16
42,4.03,15
43,5.7,28
44,5.62,32
45,6.52,30
46,8.59,43
47,10.24,14
48,9.23,15
49,7.97,27
50,7.89,26
51,9.04,29
52,7.6,14
53,5.88,14
54,4.57,17
55,8.41,17
56,8.05,25
57,9.92,28
58,8.05,26
59,9.04,34
60,7.58,29
61,8.11,25
62,9.72,4
63,11.03,21
64,11.71,24
65,12.17,34
66,11.38,29
67,8.45,28
68,8.46,21
69,9.02,20
70,10.13,28
71,11.87,47
72,12.74,42
73,11.06,37
74,10.86,28
75,13.02,37
76,15.91,32
77,19.06,50
78,19.6,46
79,17.88,39
80,15.71,39
81,15.97,28
82,16.15,29
83,14.83,16
84,13.6,38
85,15.08,39
86,16.44,41
87,16.22,50
88,17.36,42
89,18.54,35
90,15.55,29
91,9.79,39
92,7.68,33
93,9.18,40
94,9.81,37
95,9.33,30
96,5.9,21
97,6.31,18
98,6.91,31
99,9.4,56
100,9.73,34
101,10.5,28
102,10.45,43
103,11.4,26
104,14.16,29
105,15.5,35
106,16.35,45
107,16.43,22
108,10.7,32
109,8.14,22
110,8.95,26
111,12.86,34
112,16.0,50
113,20.14,53
114,23.09,31
115,21.24,50
116,18.02,37
117,14.56,36
118,15.58,31
119,19.38,44
120,19.65,45
121,17.35,40
122,17.49,33
123,19.27,48
124,20.52,46
125,21.91,32
126,24.96,49
127,27.17,52
128,26.23,35
129,25.08,37
130,26.09,37
131,21.83,36
132,20.14,28
133,20.22,30
134,22.86,54
135,22.27,48
136,22.61,57
137,23.1,45
138,25.51,30
139,26.02,26
140,27.88,36
141,28.86,40
142,28.54,48
143,28.07,48
144,27.09,31
145,25.58,25
146,22.95,32
147,20.44,47
148,23.31,58
149,29.16,30
150,32.77,40
151,28.62,45
152,22.19,36
153,19.97,30
154,21.65,43
155,23.02,42
156,25.71,39
157,28.22,53
158,28.63,61
159,25.06,29
160,23.97,33
161,22.58,39
162,22.25,55
163,23.4,58
164,26.72,71
165,28.77,54
166,29.52,36
167,28.45,25
168,28.99,44
169,30.41,43
170,30.96,41
171,31.92,41
172,32.17,37
173,29.18,38
174,25.47,36
175,23.29,53
176,24.34,55
177,25.19,40
178,25.54,49
179,27.23,56
180,29.74,35
181,30.96,29
182,33.7,52
183,36.61,39
184,33.15,48
185,33.17,36
186,26.93,57
187,29.24,31
188,29.46,23
189,28.42,50
190,27.37,53
191,25.64,47
192,24.95,47
193,26.47,46
194,25.81,37
195,23.54,37
196,22.02,42
197,23.41,41
198,25.08,49
199,25.22,45
200,24.09,38
201,23.53,38
202,25.21,26
203,26.05,40
204,28.03,40
205,28.45,49
206,29.17,35
207,30.82,51
208,30.12,33
209,27.94,30
210,24.01,37
211,25.03,46
212,27.38,54
213,28.7,42
214,27.28,51
215,25.55,38
216,27.01,26
217,29.17,52
218,32.25,41
219,33.11,33
220,30.54,41
221,28.11,39
222,27.79,35
223,27.38,34
224,25.98,43
225,27.7,52
226,28.79,49
227,30.19,50
228,30.83,26
229,30.12,34
230,29.36,28
231,26.15,49
232,23.34,34
233,22.72,36
234,23.58,36
235,25.5,47
236,27.68,33
237,29.49,33
238,29.73,35
239,30.12,35
240,26.18,47
241,23.94,38
242,25.12,38
243,26.4,40
244,28.17,27
245,28.76,27
246,28.82,45
247,26.64,49
248,23.47,38
249,25.27,51
250,24.64,25
251,24.58,18
252,24.05,47
253,24.31,48
254,23.3,46
255,23.39,41
256,25.45,41
257,25.33,39
258,23.25,32
259,22.54,46
260,24.73,43
261,25.09,39
262,25.39,36
263,24.43,43
264,25.04,29
265,25.78,16
266,24.75,41
267,22.82,50
268,23.03,53
269,23.36,51
270,21.35,54
271,23.21,42
272,28.98,35
273,29.21,40
274,27.85,48
275,27.33,48
276,23.27,41
277,19.92,42
278,18.34,39
279,19.1,17
280,18.74,28
281,18.62,53
282,19.88,44
283,20.24,44
284,20.67,48
285,22.01,40
286,23.51,33
287,24.32,49
288,23.6,51
289,20.7,54
290,20.32,59
291,21.3,58
292,20.58,36
293,19.04,25
294,16.0,45
295,17.57,45
296,17.57,43
297,20.25,42
298,21.43,32
299,18.9,29
300,16.82,31
301,17.06,31
302,15.2,26
303,15.18,40
304,15.32,30
305,15.56,41
306,17.22,37
307,18.44,22
308,17.89,46
309,16.67,32
310,14.41,41
311,17.87,41
312,18.45,32
313,17.04,30
314,16.24,12
315,13.34,22
316,11.65,41
317,13.19,53
318,14.13,45
319,15.26,21
320,14.93,32
321,13.96,20
322,15.06,22
323,14.84,33
324,14.54,24
325,11.96,14
326,10.45,19
327,9.47,12
328,6.74,14
329,5.96,23
330,5.34,32
331,6.95,25
332,7.14,24
333,7.66,43
334,7.12,20
335,8.59,14
336,6.41,25
337,5.12,36
338,6.52,28
339,9.32,36
340,10.18,39
341,11.83,23
342,6.0,24
343,4.59,27
344,4.84,33
345,6.49,36
346,6.85,31
347,5.27,26
348,3.14,29
349,6.49,16
350,7.63,21
351,7.69,28
352,7.94,24
353,7.63,26
354,7.32,33
355,6.58,14
356,7.31,13
357,7.56,13
358,9.56,15
359,10.14,27
360,11.45,20
361,10.16,22
362,8.85,12
363,9.66,16
364,11.28,14
365,10.44,9
366,9.92,12
367,8.99,27
368,7.81,22
369,11.23,29
370,13.12,20
371,12.91,25
372,10.77,32
373,9.1,35
374,9.82,32
375,11.85,41
376,10.25,26
377,8.38,31
378,6.41,40
379,4.35,29
380,5.05,25
381,4.57,25
382,4.65,28
383,5.82,27
384,4.95,17
385,6.8,23
386,3.67,28
387,2.94,22
388,6.11,38
389,8.74,34
390,7.09,22
391,5.77,10
392,2.93,33
393,1.3,21
394,0.7,23
395,3.68,28
396,4.62,13
397,5.72,23
398,6.74,11
399,8.0,35
400,9.08,43
401,8.96,34
402,10.73,25
403,9.41,36
404,9.97,30
405,12.08,30
406,11.95,28
407,12.11,44
408,11.45,28
409,12.54,34
410,11.82,37
411,11.12,20
412,7.18,7
413,6.38,22
414,9.01,26
415,12.66,41
416,15.6,32
417,17.13,31
418,11.51,36
419,10.8,15
420,13.71,39
421,16.38,39
422,16.12,40
423,14.73,52
424,10.23,45
425,11.43,25
426,11.38,38
427,13.01,46
428,13.08,36
429,10.99,28
430,8.59,23
431,5.88,39
432,10.29,34
433,10.44,19
434,12.83,45
435,13.58,37
436,7.73,40
437,6.47,29
438,6.24,31
439,5.73,22
440,4.61,17
441,6.24,27
442,10.89,36
443,15.05,31
444,15.87,33
445,12.98,33
446,10.39,25
447,9.01,24
448,10.01,26
449,12.83,42
450,15.06,49
451,15.77,35
452,15.94,29
453,17.44,33
454,18.47,19
455,19.42,38
456,19.39,40
457,17.48,38
458,16.81,22
459,13.94,27
460,14.61,23
461,15.16,21
462,17.46,35
463,16.89,38
464,17.1,31
465,17.81,41
466,18.98,62
467,21.69,48
468,20.89,32
469,10.1,40
470,11.76,39
471,9.36,29
472,9.07,27
473,11.84,39
474,13.61,31
475,15.88,31
476,18.81,46
477,20.67,48
478,17.44,48
479,17.05,39
480,11.93,24
481,13.0,25
482,14.09,34
483,13.36,29
484,11.81,49
485,12.85,38
486,15.24,37
487,16.57,41
488,17.7,44
489,19.27,27
490,18.52,51
491,16.73,41
492,17.66,44
493,17.83,52
494,14.96,49
495,17.53,32
496,21.73,28
497,21.48,44
498,19.98,41
499,20.59,50
500,21.64,47
501,22.2,53
502,20.57,41
503,17.34,12
504,12.67,19
505,13.1,36
506,15.31,46
507,18.09,43
508,22.06,45
509,23.4,28
510,22.4,19
511,22.07,28
512,23.0,40
513,26.24,45
514,29.37,33
515,28.9,39
516,23.32,38
517,19.68,28
518,21.89,44
519,26.59,50
520,30.23,45
521,30.3,40
522,26.31,40
523,22.6,23
524,20.19,31
525,23.61,43
526,27.11,30
527,26.29,45
528,25.64,52
529,24.0,43
530,24.44,33
531,25.11,28
532,25.38,52
533,26.45,37
534,26.52,46
535,25.18,43
536,21.36,30
537,22.47,28
538,24.86,25
539,26.13,32
540,27.94,46
541,27.72,45
542,25.4,43
543,25.37,31
544,26.56,22
545,29.2,34
546,31.72,44
547,30.75,46
548,27.83,45
549,26.54,34
550,27.05,37
551,27.46,31
552,27.19,33
553,28.6,41
554,33.57,31
555,35.35,37
556,34.34,41
557,34.32,38
558,33.62,48
559,31.44,19
560,30.13,45
561,28.39,38
562,28.82,46
563,28.02,34
564,28.79,29
565,29.19,26
566,27.93,30
567,27.11,38
568,28.44,43
569,29.03,43
570,28.61,42
571,27.4,49
572,28.53,25
573,28.2,36
574,27.74,38
575,28.97,41
576,28.86,51
577,28.68,42
578,27.62,43
579,25.89,32
580,24.77,35
581,24.68,24
582,23.96,36
583,24.66,34
584,27.95,58
585,30.56,42
586,30.86,35
587,30.2,29
588,29.97,26
589,30.72,50
590,30.35,29
591,29.95,43
592,29.34,35
593,27.89,29
594,27.09,21
595,24.98,38
596,23.4,32
597,22.98,36
598,23.08,51
599,23.18,36
600,23.19,23
601,23.82,34
602,25.17,43
603,27.68,45
604,27.73,40
605,26.16,39
606,26.69,46
607,27.97,36
608,29.79,33
609,30.87,32
610,30.74,57
611,27.85,41
612,24.01,45
613,20.53,51
614,19.44,37
615,20.49,32
616,24.55,47
617,26.94,40
618,27.29,54
619,26.0,52
620,26.32,48
621,27.07,26
622,25.39,21
623,21.07,42
624,22.33,58
625,23.51,38
626,27.08,39
627,27.88,40
628,27.52,43
629,27.82,21
630,28.32,50
631,28.43,45
632,27.97,36
633,25.15,43
634,20.61,58
635,18.84,37
636,18.43,26
637,17.56,40
638,15.93,41
639,15.82,52
640,17.47,49
641,19.76,40
642,21.6,43
643,23.56,33
644,24.83,40
645,25.12,48
646,23.85,31
647,21.24,44
648,18.85,43
649,21.23,33
650,21.62,24
651,21.13,45
652,19.03,39
653,16.62,25
654,16.9,33
655,15.93,41
656,17.28,23
657,17.41,14
658,17.25,35
659,15.76,44
660,14.09,35
661,12.4,35
662,13.83,39
663,13.74,27
664,14.84,28
665,15.45,36
666,14.4,28
667,14.38,38
668,13.87,33
669,13.57,38
670,13.13,29
671,15.48,31
672,14.3,24
673,15.36,60
674,15.28,43
675,13.28,30
676,14.15,21
677,12.45,23
678,11.92,17
679,12.84,32
680,15.22,30
681,13.86,40
682,13.3,44
683,15.98,45
684,15.7,26
685,12.09,25
686,12.44,35
687,13.85,28
688,18.03,41
689,19.05,25
690,15.49,31
691,11.17,19
692,11.22,26
693,11.29,36
694,11.34,31
695,11.33,35
696,13.01,16
697,13.59,21
698,10.06,23
699,10.99,25
700,10.98,36
701,11.34,32
702,11.04,31
703,12.39,20
704,12.14,37
705,11.5,18
706,11.28,19
707,12.19,26
708,10.73,38
709,9.28,35
710,10.07,26
711,10.54,27
712,11.67,13
713,9.55,10
714,9.21,16
715,6.1,17
716,5.1,29
717,6.41,17
718,6.34,29
719,6.36,23
720,5.3,19
721,3.93,18
722,4.63,10
723,4.89,13
724,7.5,25
725,10.65,17
726,9.27,20
727,5.46,16
728,6.74,27
729,7.29,14
730,7.29,27
731,11.15,27
732,12.87,35
733,13.44,19
734,11.46,28
735,11.99,18
736,13.5,29
737,13.59,22
738,10.59,25
739,10.32,31
740,10.97,23
741,11.99,23
742,11.93,37
743,10.85,34
744,10.35,37
745,11.59,32
746,12.96,43
747,12.78,21
748,12.85,22
749,11.68,23
750,11.38,29
751,12.88,25
752,14.1,31
753,11.95,31
754,13.01,39
755,15.05,19
756,14.37,25
757,11.63,28
758,11.55,33
759,12.48,27
760,15.63,39
761,12.29,22
762,7.71,21
763,9.51,36
764,8.84,40
765,8.22,42
766,7.68,39
767,7.76,33
768,7.46,30
769,8.04,27
770,10.32,28
771,12.09,23
772,11.01,15
773,11.98,27
774,11.72,31
775,12.25,30
776,10.63,23
777,9.17,37
778,8.68,29
779,7.75,28
780,8.13,43
781,9.88,28
782,10.74,23
783,11.09,26
784,10.17,32
785,10.24,18
786,8.8,19
787,7.88,32
788,7.63,30
789,8.15,34
790,9.1,31
791,8.64,33
792,8.08,28
793,9.73,28
794,10.79,35
795,10.42,35
796,11.27,41
797,12.6,31
798,13.04,35
799,14.23,33
800,15.91,39
801,15.37,14
802,14.25,38
803,11.89,24
804,9.26,19
805,8.61,33
806,9.67,38
807,10.7,31
808,11.28,34
809,12.51,38
810,14.79,23
811,12.46,22
812,12.91,29
813,14.49,41
814,15.01,28
815,12.18,44
816,13.65,43
817,15.85,36
818,18.23,42
819,19.14,48
820,12.77,25
821,7.87,33
822,8.59,29
823,7.66,35
824,8.1,30
825,9.92,26
826,13.93,40
827,18.06,38
828,18.28,39
829,17.13,39
830,15.41,30
831,12.74,24
832,11.7,13
833,9.93,17
834,10.54,28
835,11.82,33
836,11.66,23
837,11.11,44
838,13.34,37
839,13.57,20
840,9.99,23
841,9.46,28
842,12.25,35
843,12.74,30
844,12.39,30
845,12.79,32
846,13.45,23
847,12.26,28
848,11.88,34
849,12.83,26
850,15.27,46
851,12.72,32
852,13.62,27
853,12.96,19
854,13.75,34
855,14.28,23
856,13.22,33
857,10.43,29
858,10.62,38
859,13.65,33
860,16.91,30
861,19.75,21
862,21.55,33
863,18.3,38
864,16.75,43
865,17.34,42
866,18.83,38
867,18.24,28
868,20.38,34
869,23.34,31
870,25.12,51
871,25.79,40
872,26.42,43
873,21.36,24
874,18.8,31
875,20.92,37
876,26.54,36
877,29.99,37
878,27.39,30
879,22.27,39
880,23.54,36
881,25.86,41
882,28.03,35
883,28.62,43
884,26.63,43
885,26.39,28
886,25.53,35
887,24.89,27
888,25.09,19
889,24.6,51
890,22.09,50
891,20.97,35
892,20.13,35
893,21.36,44
894,23.36,28
895,25.08,29
896,27.07,33
897,28.47,38
898,24.1,36
899,21.89,32
900,20.78,44
901,20.71,36
902,21.67,18
903,20.53,37
904,22.58,40
905,28.01,57
906,30.78,43
907,32.18,39
908,31.32,37
909,28.2,33
910,26.66,49
911,26.58,47
912,28.27,49
913,28.81,41
914,28.84,46
915,28.37,31
916,25.8,28
917,25.14,36
918,26.79,38
919,28.89,41
920,30.21,33
921,29.82,59
922,30.35,33
923,29.38,34
924,30.33,30
925,31.39,38
926,31.62,48
927,34.36,38
928,33.32,46
929,31.05,37
930,33.61,26
931,33.41,41
932,34.39,56
933,33.73,45
934,32.96,41
935,31.75,43
936,32.02,32
937,32.76,22
938,33.33,33
939,33.37,29
940,29.09,40
941,28.92,35
942,25.84,40
943,27.25,35
944,27.19,26
945,26.11,44
946,24.91,38
947,25.09,43
948,25.19,36
949,25.87,31
950,27.77,33
951,28.09,21
952,27.43,46
953,27.41,40
954,27.67,38
955,28.56,44
956,27.36,43
957,28.94,35
958,29.07,25
959,29.34,33
960,29.12,33
961,29.5,29
962,27.6,31
963,25.09,39
964,26.37,43
965,29.06,38
966,30.72,45
967,31.12,48
968,29.5,36
969,27.32,39
970,25.17,42
971,27.05,24
972,28.44,31
973,30.36,37
974,32.26,43
975,31.64,53
976,30.09,43
977,28.56,43
978,26.31,26
979,24.53,31
980,22.47,42
981,21.95,39
982,22.5,41
983,26.85,46
984,28.28,48
985,29.04,41
986,28.97,35
987,27.03,33
988,23.95,45
989,21.79,54
990,24.53,53
991,26.27,40
992,26.76,29
993,29.17,26
994,30.4,43
995,29.09,49
996,25.22,45
997,23.76,40
998,24.69,38
999,25.12,31
1000,24.09,29
1001,23.12,37
1002,24.83,38
1003,22.37,43
1004,19.96,43
1005,20.59,47
1006,21.82,26
1007,22.45,23
1008,24.22,44
1009,23.54,38
1010,22.72,61
1011,21.26,41
1012,18.03,53
1013,20.13,36
1014,20.36,32
1015,20.79,40
1016,21.96,51
1017,20.58,46
1018,20.43,44
1019,22.59,34
1020,25.0,37
1021,23.66,23
1022,24.84,60
1023,25.99,54
1024,23.53,59
1025,21.25,41
1026,23.14,43
1027,24.09,32
1028,24.7,28
1029,24.06,38
1030,24.1,54
1031,20.15,35
1032,12.08,46
1033,8.78,37
1034,10.11,31
1035,9.69,24
1036,7.79,28
1037,8.61,48
1038,10.58,34
1039,13.41,34
1040,14.23,30
1041,13.07,19
1042,12.83,13
1043,12.27,31
1044,11.97,45
1045,11.64,41
1046,12.28,31
1047,11.68,50
1048,10.0,21
1049,9.62,21
1050,10.17,40
1051,12.9,44
1052,16.52,34
1053,13.7,36
1054,8.7,28
1055,5.58,20
1056,7.85,26
1057,7.86,26
1058,6.04,37
1059,6.79,32
1060,10.33,12
1061,13.19,22
1062,12.3,16
1063,10.94,12
1064,12.0,29
1065,13.06,31
1066,10.96,28
1067,12.82,28
1068,12.38,29
1069,12.83,20
1070,10.71,15
1071,7.15,30
1072,9.67,32
1073,9.34,32
1074,6.4,32
1075,6.24,27
1076,8.14,18
1077,6.67,15
1078,5.57,18
1079,8.32,35
1080,9.85,29
1081,12.4,38
1082,12.13,26
1083,10.2,20
1084,10.21,11
1085,10.26,20
1086,9.52,15
1087,8.88,24
1088,6.15,4
1089,3.63,22
1090,2.5,23
1091,3.16,14
1092,4.22,20
1093,7.65,16
1094,7.97,20
1095,5.85,8
1096,5.61,19
1097,2.04,15
1098,1.99,12
1099,4.97,29
1100,6.82,18
1101,9.16,30
1102,11.84,28
1103,11.69,25
1104,12.3,33
1105,12.29,18
1106,12.31,30
1107,12.02,44
1108,11.27,34
1109,9.43,26
1110,8.14,26
1111,8.35,21
1112,8.64,19
1113,7.62,22
1114,7.16,36
1115,7.28,27
1116,7.59,24
1117,8.18,36
1118,7.49,27
1119,6.57,20
1120,6.89,26
1121,7.6,26
1122,7.22,26
1123,7.91,34
1124,8.68,32
1125,6.24,36
1126,6.97,19
1127,7.59,22
1128,5.85,23
1129,6.5,25
1130,6.56,27
1131,9.37,30
1132,7.53,21
1133,6.89,27
1134,7.79,33
1135,8.62,40
1136,9.5,49
1137,11.34,35
1138,9.8,24
1139,10.86,23
1140,11.32,13
1141,11.58,19
1142,12.55,45
1143,9.41,28
1144,8.76,26
1145,8.86,35
1146,8.46,19
1147,8.19,12
1148,8.96,32
1149,8.59,23
1150,9.63,31
1151,7.73,17
1152,5.84,36
1153,7.52,26
1154,8.46,21
1155,8.26,33
1156,8.4,39
1157,9.29,31
1158,9.68,29
1159,10.5,31
1160,12.4,36
1161,15.74,30
1162,18.91,41
1163,18.67,47
1164,18.0,46
1165,17.99,53
1166,16.45,40
1167,17.37,50
1168,17.41,34
1169,18.14,47
1170,18.99,37
1171,19.87,44
1172,20.83,40
1173,19.19,41
1174,20.49,24
1175,19.3,28
1176,18.45,24
1177,15.52,47
1178,14.39,30
1179,13.99,29
1180,11.01,37
1181,12.52,34
1182,17.75,22
1183,20.43,38
1184,16.14,42
1185,14.5,44
1186,13.1,34
1187,14.81,43
1188,17.04,36
1189,16.47,29
1190,14.59,44
1191,13.46,30
1192,15.4,39
1193,17.47,32
1194,18.92,21
1195,19.69,43
1196,19.33,26
1197,19.26,26
1198,14.87,39
1199,14.31,39
1200,14.37,37
1201,12.92,41
1202,10.47,24
1203,10.54,19
1204,13.13,34
1205,16.26,36
1206,15.07,44
1207,15.92,33
1208,18.02,41
1209,20.4,36
1210,22.6,27
1211,24.75,30
1212,25.59,48
1213,21.5,38
1214,18.61,46
1215,20.27,41
1216,22.51,34
1217,25.16,36
1218,26.73,40
1219,26.19,41
1220,22.77,53
1221,21.56,40
1222,21.4,35
1223,18.66,39
1224,19.82,21
1225,16.36,30
1226,16.18,43
1227,18.09,38
1228,21.22,53
1229,22.8,47
1230,21.54,38
1231,20.78,34
1232,18.81,33
1233,16.99,49
1234,19.02,49
1235,18.84,33
1236,18.06,51
1237,18.35,36
1238,18.7,31
1239,18.17,47
1240,19.37,47
1241,22.3,36
1242,23.85,34
1243,19.99,38
1244,19.45,41
1245,23.55,20
1246,26.25,32
1247,26.6,52
1248,27.25,47
1249,26.42,52
1250,26.17,51
1251,25.66,38
1252,25.93,31
1253,21.78,36
1254,18.49,33
1255,18.17,46
1256,20.53,52
1257,22.68,47
1258,22.92,35
1259,25.09,41
1260,26.61,41
1261,29.44,45
1262,29.45,38
1263,26.62,40
1264,25.96,36
1265,25.15,32
1266,24.48,25
1267,25.16,35
1268,26.05,38
1269,26.39,28
1270,24.76,38
1271,25.8,40
1272,25.72,42
1273,25.7,24
1274,26.67,43
1275,25.29,38
1276,24.46,44
1277,24.26,43
1278,26.31,41
1279,27.17,28
1280,28.05,49
1281,29.74,27
1282,30.59,42
1283,28.97,31
1284,27.03,38
1285,25.84,40
1286,26.3,38
1287,28.51,25
1288,29.68,39
1289,28.02,50
1290,28.21,46
1291,29.07,55
1292,29.46,37
1293,29.41,34
1294,29.85,30
1295,29.32,42
1296,29.26,46
1297,30.55,44
1298,30.11,42
1299,29.24,37
1300,29.05,31
1301,30.06,40
1302,30.57,33
1303,28.96,54
1304,28.73,37
1305,27.91,45
1306,27.6,42
1307,26.28,38
1308,25.49,24
1309,23.83,45
1310,24.7,34
1311,26.46,46
1312,26.16,29
1313,25.68,36
1314,26.99,44
1315,29.83,23
1316,29.86,44
1317,30.56,35
1318,32.51,49
1319,31.66,40
1320,31.22,40
1321,28.19,27
1322,25.67,23
1323,26.64,33
1324,28.36,39
1325,29.47,35
1326,28.95,39
1327,28.98,46
1328,27.56,34
1329,24.85,20
1330,24.03,37
1331,24.0,35
1332,24.6,61
1333,24.03,44
1334,26.4,38
1335,29.06,25
1336,28.63,14
1337,28.48,43
1338,29.43,29
1339,29.22,51
1340,26.92,49
1341,22.54,50
1342,24.67,29
1343,27.62,35
1344,28.65,34
1345,29.56,48
1346,30.8,49
1347,30.14,49
1348,28.54,53
1349,28.17,38
1350,26.3,39
1351,22.76,48
1352,23.23,48
1353,25.37,48
1354,26.27,51
1355,25.51,42
1356,18.33,42
1357,14.76,26
1358,15.59,56
1359,18.71,40
1360,22.41,36
1361,23.71,54
1362,25.27,55
1363,24.76,35
1364,24.96,21
1365,23.42,40
1366,19.73,43
1367,19.2,38
1368,19.27,44
1369,19.82,36
1370,21.99,28
1371,22.64,26
1372,21.27,42
1373,21.78,33
1374,22.65,52
1375,22.02,39
1376,22.89,59
1377,19.18,33
1378,19.09,30
1379,20.36,39
1380,23.09,47
1381,24.76,37
1382,24.69,47
1383,23.02,24
1384,18.78,25
1385,16.46,19
1386,14.55,35
1387,12.15,30
1388,11.89,26
1389,11.66,42
1390,12.79,36
1391,13.73,36
1392,13.71,26
1393,13.11,23
1394,9.99,23
1395,8.68,20
1396,9.98,41
1397,10.7,30
1398,11.99,27
1399,11.49,28
1400,11.8,32
1401,14.24,40
1402,11.02,41
1403,9.25,26
1404,12.5,37
1405,13.3,33
1406,12.53,17
1407,10.69,30
1408,11.93,33
1409,12.2,36
1410,12.13,25
1411,12.15,32
1412,12.53,20
1413,12.83,26
1414,13.84,28
1415,14.81,30
1416,13.81,31
1417,12.07,37
1418,10.47,33
1419,9.06,34
1420,8.21,20
1421,9.33,23
1422,8.89,32
1423,10.26,40
1424,10.71,11
1425,10.06,19
1426,7.35,17
1427,3.66,14
1428,3.62,21
1429,5.17,27
1430,5.01,34
1431,5.8,32
1432,6.76,31
1433,6.84,30
1434,6.94,9
1435,6.2,27
1436,6.94,21
1437,7.89,21
1438,11.42,35
1439,13.54,41
1440,16.1,26
1441,13.31,21
1442,11.72,27
1443,11.23,35
1444,9.6,34
1445,11.13,33
1446,10.97,40
1447,10.92,23
1448,12.69,15
1449,9.43,28
1450,7.9,26
1451,8.17,25
1452,7.66,27
1453,8.83,17
1454,8.68,14
1455,7.79,14
1456,10.29,15
1457,9.37,8
1458,7.32,22
1459,7.57,15
1460,6.66,17
1461,5.06,14
1462,6.3,10
1463,4.88,13
1464,3.93,13
1465,5.1,24
1466,5.67,28
1467,6.27,12
1468,7.8,9
1469,8.38,11
1470,9.96,15
1471,4.8,18
1472,3.9,26
1473,4.79,23
1474,6.79,35
1475,8.82,25
1476,8.91,17
1477,8.9,21
1478,11.31,25
1479,13.31,39
1480,13.95,23
1481,12.18,31
1482,11.96,27
1483,13.49,21
1484,14.05,28
1485,13.64,21
1486,11.12,23
1487,8.24,23
1488,7.41,32
1489,5.96,24
1490,5.82,24
1491,8.33,26
1492,9.46,25
1493,9.61,37
1494,10.8,34
1495,11.64,40
1496,10.63,34
1497,9.87,21
1498,8.68,36
1499,9.26,19
1500,10.54,34
1501,11.69,24
1502,11.57,25
1503,11.83,20
1504,11.09,22
1505,11.31,25
1506,10.38,24
1507,12.03,23
1508,13.24,40
1509,10.68,22
1510,9.8,19
1511,10.06,14
1512,11.11,21
1513,10.67,28
1514,10.7,28
1515,10.33,30
1516,10.39,36
1517,10.44,31
1518,10.88,19
1519,10.4,30
1520,10.42,39
1521,9.43,31
1522,10.95,33
1523,10.6,23
1524,11.59,41
1525,12.55,32
1526,13.54,36
1527,14.86,47
1528,16.04,33
1529,16.99,47
1530,18.75,35
1531,17.2,24
1532,14.4,21
1533,12.73,39
1534,12.67,46
1535,13.57,27
1536,12.36,25
1537,10.95,25
1538,9.78,16
1539,9.79,16
1540,10.07,30
1541,9.51,12
1542,7.87,18
1543,7.94,30
1544,9.06,39
1545,11.29,29
1546,13.89,13
1547,9.37,29
1548,8.79,32
1549,9.58,34
1550,13.06,40
1551,16.2,39
1552,13.95,30
1553,11.79,16
1554,9.21,40
1555,13.91,45
1556,17.63,45
1557,10.37,37
1558,8.05,30
1559,9.43,33
1560,11.67,26
1561,13.21,35
1562,12.61,40
1563,9.61,44
1564,10.75,47
1565,14.31,39
1566,17.16,39
1567,15.31,26
1568,12.3,29
1569,11.3,36
1570,13.41,53
1571,15.74,43
1572,16.34,33
1573,13.79,28
1574,13.63,19
1575,14.2,37
1576,16.37,30
1577,14.84,27
1578,12.33,40
1579,14.23,40
1580,14.82,29
1581,15.96,23
1582,16.82,38
1583,17.46,40
1584,17.23,45
1585,14.37,31
1586,14.06,42
1587,14.8,32
1588,16.09,16
1589,12.84,18
1590,12.18,34
1591,14.93,43
1592,17.93,45
1593,20.12,49
1594,20.21,35
1595,21.39,34
1596,16.21,32
1597,15.57,35
1598,20.55,43
1599,21.47,26
1600,19.22,41
1601,20.37,48
1602,22.45,30
1603,21.61,46
1604,22.81,39
1605,25.41,43
1606,24.81,50
1607,24.03,35
1608,19.65,27
1609,17.58,25
1610,20.15,26
1611,23.92,47
1612,23.28,46
1613,21.5,42
1614,21.09,45
1615,20.83,39
1616,18.02,21
1617,15.8,32
1618,16.64,46
1619,18.19,42
1620,19.91,35
1621,21.21,48
1622,21.05,32
1623,22.81,33
1624,26.12,34
1625,26.8,42
1626,24.34,37
1627,21.45,33
1628,18.06,39
1629,19.1,25
1630,20.95,28
1631,22.76,39
1632,22.76,40
1633,23.84,41
1634,24.51,36
1635,23.7,29
1636,22.81,40
1637,23.26,23
1638,23.53,33
1639,23.42,43
1640,27.42,27
1641,29.87,36
1642,30.86,27
1643,28.82,24
1644,27.66,23
1645,27.05,43
1646,27.08,39
1647,27.38,37
1648,27.5,26
1649,25.8,42
1650,24.38,29
1651,25.29,36
1652,28.51,25
1653,31.55,41
1654,32.58,26
1655,33.43,43
1656,33.78,39
1657,34.13,32
1658,33.93,20
1659,32.9,32
1660,32.84,39
1661,34.09,41
1662,33.96,51
1663,31.29,44
1664,32.76,38
1665,32.37,35
1666,30.59,35
1667,31.54,41
1668,32.06,45
1669,31.97,47
1670,31.54,35
1671,31.25,35
1672,32.14,24
1673,31.37,41
1674,30.64,31
1675,29.66,40
1676,30.21,28
1677,31.96,33
1678,33.05,26
1679,33.21,20
1680,30.76,31
1681,31.21,26
1682,30.04,37
1683,29.54,44
1684,29.2,45
1685,25.89,43
1686,26.47,22
1687,23.55,40
1688,27.91,40
1689,28.17,45
1690,26.95,46
1691,24.83,32
1692,26.71,37
1693,27.22,31
1694,27.25,36
1695,28.92,41
1696,27.58,38
1697,27.47,41
1698,29.38,40
1699,29.82,36
1700,30.27,20
1701,27.94,34
1702,25.86,41
1703,28.1,37
1704,27.52,50
1705,27.13,43
1706,26.48,26
1707,24.54,31
1708,24.23,24
1709,25.33,50
1710,25.06,35
1711,23.06,42
1712,20.62,38
1713,19.41,32
1714,18.29,29
1715,18.69,49
1716,18.65,51
1717,19.38,41
1718,20.74,50
1719,20.31,39
1720,19.46,30
1721,19.93,20
1722,23.84,33
1723,25.52,40
1724,24.01,46
1725,24.83,43
1726,22.69,40
1727,18.1,28
1728,21.07,28
1729,21.26,44
1730,20.57,53
1731,23.49,46
1732,25.54,55
1733,26.4,47
1734,23.68,35
1735,19.0,29
1736,15.84,50
1737,15.78,50
1738,18.92,51
1739,21.69,38
1740,22.04,53
1741,16.3,27
1742,17.01,27
1743,19.49,32
1744,20.36,37
1745,20.4,37
1746,22.81,43
1747,24.18,43
1748,15.34,36
1749,19.04,29
1750,20.84,42
1751,18.51,33
1752,17.69,27
1753,16.96,41
1754,19.37,36
1755,19.11,21
1756,18.68,17
1757,18.89,33
1758,16.67,56
1759,16.38,33
1760,13.71,44
1761,14.78,33
1762,15.15,29
1763,14.39,25
1764,17.39,42
1765,20.66,30
1766,15.88,40
1767,12.82,35
1768,13.13,41
1769,13.01,28
1770,14.74,23
1771,16.39,38
1772,15.42,29
1773,16.44,28
1774,14.61,35
1775,12.71,33
1776,13.16,32
1777,14.58,21
1778,15.64,31
1779,16.92,38
1780,17.47,41
1781,17.29,37
1782,17.55,39
1783,16.33,24
1784,17.41,28
1785,16.71,41
1786,17.12,35
1787,16.64,36
1788,14.72,17
1789,13.29,17
1790,7.68,19
1791,6.49,18
1792,8.43,30
1793,10.14,29
1794,12.81,31
1795,12.55,21
1796,8.21,28
1797,5.04,27
1798,6.25,12
1799,7.65,33
1800,6.94,39
1801,7.67,20
1802,10.84,27
1803,11.17,24
1804,11.64,15
1805,11.35,21
1806,9.79,25
1807,8.3,26
1808,8.0,24
1809,8.5,33
1810,6.22,17
1811,6.93,19
1812,8.65,15
1813,12.49,24
1814,14.95,23
1815,15.79,28
1816,15.17,20
1817,15.3,22
1818,16.23,20
1819,12.62,8
1820,10.13,10
1821,10.92,16
1822,9.43,17
1823,8.7,19
1824,9.72,16
1825,10.27,7
1826,7.19,11
1827,7.03,8
1828,6.69,26
1829,9.22,31
1830,12.87,30
1831,14.44,35
1832,9.82,16
1833,8.35,19
1834,9.28,35
1835,9.8,33
1836,10.23,30
1837,9.67,21
1838,11.82,28
1839,8.14,11
1840,4.25,26
1841,4.12,20
1842,7.6,21
1843,6.19,22
1844,5.17,36
1845,4.84,34
1846,5.87,27
1847,7.44,20
1848,8.61,30
1849,10.47,29
1850,9.58,29
1851,8.01,36
1852,6.23,29
1853,8.18,15
1854,9.92,22
1855,9.79,35
1856,6.65,22
1857,10.11,25
1858,12.17,27
1859,12.45,35
1860,10.56,26
1861,10.14,27
1862,13.4,46
1863,13.61,34
1864,13.62,38
1865,14.45,40
1866,13.97,43
1867,13.42,40
1868,13.48,29
1869,15.59,44
1870,12.76,38
1871,5.34,30
1872,4.79,21
1873,4.41,19
1874,4.03,19
1875,3.22,13
1876,4.13,27
1877,5.16,47
1878,7.18,35
1879,10.68,40
1880,12.11,32
1881,11.96,30
1882,11.78,20
1883,11.74,14
1884,9.61,20
1885,9.62,41
1886,7.62,31
1887,5.86,14
1888,5.78,22
1889,9.02,15
1890,8.62,23
1891,7.8,26
1892,7.19,29
1893,6.79,22
1894,3.63,21
1895,2.94,11
1896,2.93,10
1897,5.45,20
1898,5.77,19
1899,7.7,32
1900,8.74,20
1901,7.4,23
1902,6.84,26
1903,7.12,12
1904,6.59,23
1905,6.65,27
1906,10.23,24
1907,14.38,32
1908,13.73,26
1909,10.23,16
1910,9.3,17
1911,11.76,34
1912,8.7,21
1913,7.59,24
1914,10.02,19
1915,9.88,20
1916,9.63,20
1917,10.72,18
1918,12.7,21
1919,10.69,22
1920,7.23,21
1921,10.3,36
1922,11.97,28
1923,11.89,28
1924,10.98,21
1925,10.67,37
1926,11.23,25
1927,14.13,22
1928,16.28,38
1929,14.02,22
1930,12.3,20
1931,11.05,22
1932,8.92,29
1933,11.62,30
1934,14.59,35
1935,16.89,23
1936,16.37,36
1937,12.86,15
1938,11.61,23
1939,13.66,28
1940,12.79,34
1941,14.11,34
1942,17.06,34
1943,18.69,31
1944,18.35,33
1945,19.68,28
1946,20.33,24
1947,19.37,52
1948,17.51,39
1949,15.51,37
1950,17.16,36
1951,15.68,37
1952,17.73,25
1953,19.4,38
1954,19.47,51
1955,22.86,45
1956,23.22,53
1957,22.89,44
1958,20.66,28
1959,22.66,23
1960,25.52,35
1961,24.87,43
1962,25.77,34
1963,25.87,33
1964,21.43,38
1965,20.66,25
1966,16.87,25
1967,16.37,21
1968,18.98,34
1969,19.79,47
1970,18.31,36
1971,16.46,37
1972,12.9,24
1973,15.73,22
1974,17.5,23
1975,19.96,41
1976,23.02,52
1977,24.25,51
1978,24.28,43
1979,24.87,37
1980,25.2,23
1981,23.23,50
1982,23.83,35
1983,24.34,43
1984,23.05,48
1985,22.15,38
1986,21.43,25
1987,21.43,24
1988,20.33,31
1989,18.46,47
1990,20.69,51
1991,22.19,39
1992,25.91,42
1993,28.49,34
1994,26.73,32
1995,24.71,35
1996,26.6,35
1997,28.98,39
1998,31.65,40
1999,31.89,28
2000,31.52,24
2001,32.55,27
2002,32.99,39
2003,28.75,35
2004,31.12,38
2005,30.51,41
2006,29.45,50
2007,27.63,25
2008,28.6,17
2009,29.26,44
2010,27.96,28
2011,26.16,45
2012,25.03,42
2013,27.61,39
2014,31.38,25
2015,31.99,25
2016,30.64,34
2017,29.62,43
2018,26.27,44
2019,29.45,34
2020,30.66,40
2021,31.86,28
2022,33.76,28
2023,34.69,37
2024,33.45,28
2025,34.35,46
2026,34.89,29
2027,35.01,52
2028,37.5,26
2029,38.0,17
2030,37.31,33
2031,37.02,33
2032,35.49,39
2033,33.32,34
2034,30.66,41
2035,29.31,25
2036,28.81,24
2037,26.84,24
2038,24.08,34
2039,26.97,25
2040,28.22,43
2041,27.45,40
2042,26.14,24
2043,26.05,17
2044,24.15,36
2045,25.11,28
2046,28.58,28
2047,30.59,26
2048,29.02,34
2049,26.02,27
2050,26.86,21
2051,26.52,26
2052,25.61,31
2053,25.99,27
2054,25.55,26
2055,26.9,22
2056,26.84,20
2057,25.61,17
2058,26.38,22
2059,28.89,17
2060,29.15,24
2061,27.76,20
2062,25.5,17
2063,25.23,10
2064,27.28,9
2065,28.69,21
2066,27.9,12
2067,26.58,14
2068,27.8,22
2069,28.58,35
2070,27.84,19
2071,27.23,15
2072,27.05,14
2073,29.8,23
2074,30.15,34
2075,28.32,34
2076,24.59,35
2077,21.81,31
2078,22.99,19
2079,26.63,30
2080,28.91,45
2081,28.98,35
2082,24.33,45
2083,16.59,56
2084,18.07,37
2085,21.8,22
2086,24.78,40
2087,23.42,50
2088,19.96,46
2089,22.23,40
2090,21.27,52
2091,23.0,33
2092,23.31,27
2093,24.42,60
2094,25.09,53
2095,24.07,50
2096,24.35,54
2097,23.6,46
2098,21.37,25
2099,16.94,23
2100,18.35,36
2101,18.33,37
2102,17.59,45
2103,14.93,40
2104,15.49,21
2105,16.51,33
2106,18.94,21
2107,20.19,36
2108,16.47,46
2109,19.05,49
2110,20.28,32
2111,17.34,41
2112,16.14,25
2113,15.16,16
2114,14.59,36
2115,13.91,37
2116,14.97,37
2117,17.32,43
2118,19.72,47
2119,21.26,41
2120,21.22,24
2121,20.48,28
2122,19.93,51
2123,16.34,33
2124,17.14,35
2125,18.74,50
2126,19.14,21
2127,16.19,30
2128,14.82,29
2129,13.23,42
2130,14.52,29
2131,17.1,34
2132,16.24,33
2133,16.05,34
2134,16.41,18
2135,18.23,44
2136,19.44,46
2137,16.61,31
2138,11.72,50
2139,13.14,40
2140,10.67,21
2141,10.97,25
2142,12.59,31
2143,13.69,41
2144,14.15,36
2145,15.09,41
2146,16.22,44
2147,16.13,23
2148,17.34,24
2149,15.23,39
2150,13.84,33
2151,12.2,31
2152,10.66,11
2153,8.21,18
2154,8.4,26
2155,8.08,18
2156,7.29,24
2157,4.93,37
2158,4.86,22
2159,7.07,26
2160,7.94,30
2161,10.55,26
2162,11.34,27
2163,10.98,33
2164,12.01,32
2165,12.66,32
2166,13.91,28
2167,13.7,30
2168,11.34,21
2169,7.31,12
2170,7.84,33
2171,9.72,20
2172,12.27,34
2173,12.37,29
2174,9.78,23
2175,6.73,18
2176,3.64,11
2177,3.21,23
2178,4.58,21
2179,5.22,23
2180,5.12,19
2181,5.49,23
2182,7.1,19
2183,8.46,12
2184,12.56,7
2185,11.13,22
2186,6.5,19
2187,4.07,22
2188,5.52,23
2189,7.03,14
2190,6.17,14
2191,6.74,13
2192,9.78,14
2193,10.74,25
2194,7.54,19
2195,4.13,21
2196,4.92,16
2197,7.46,11
2198,9.29,23
2199,12.46,29
2200,10.22,20
2201,3.32,18
2202,0.52,23
2203,-0.12,18
2204,1.31,12
2205,2.57,19
2206,4.48,28
2207,3.82,30
2208,4.88,23
2209,6.87,21
2210,6.27,26
2211,6.18,21
2212,7.2,49
2213,8.52,36
2214,11.72,32
2215,11.87,31
2216,9.8,38
2217,7.22,15
2218,8.65,13
2219,10.21,21
2220,8.95,23
2221,7.41,24
2222,6.33,25
2223,6.85,31
2224,9.98,23
2225,13.31,17
2226,17.02,23
2227,13.85,19
2228,12.07,22
2229,12.77,30
2230,12.6,21
2231,11.12,13
2232,9.96,20
2233,9.04,24
2234,7.96,26
2235,7.97,31
2236,10.66,34
2237,13.65,28
2238,16.09,18
2239,12.96,20
2240,10.17,19
2241,9.75,33
2242,10.36,30
2243,7.34,27
2244,4.49,28
2245,6.59,22
2246,7.1,10
2247,7.55,26
2248,5.78,26
2249,3.63,28
2250,4.72,33
2251,7.27,24
2252,11.77,26
2253,14.2,21
2254,16.1,30
2255,15.85,29
2256,14.84,36
2257,13.08,42
2258,12.14,32
2259,13.64,39
2260,17.5,33
2261,19.55,39
2262,19.46,40
2263,18.11,35
2264,18.08,39
2265,20.7,35
2266,18.93,39
2267,15.72,19
2268,15.57,38
2269,12.01,20
2270,11.13,31
2271,14.37,39
2272,16.01,33
2273,17.12,31
2274,14.27,23
2275,13.13,16
2276,7.55,29
2277,9.33,37
2278,12.44,41
2279,16.03,28
2280,16.54,33
2281,17.03,23
2282,15.93,34
2283,18.19,37
2284,17.3,27
2285,17.18,24
2286,19.11,30
2287,17.57,22
2288,15.73,20
2289,14.9,36
2290,14.48,15
2291,11.33,43
2292,10.62,32
2293,13.94,38
2294,11.3,22
2295,12.51,27
2296,15.91,35
2297,14.43,46
2298,8.85,29
2299,8.74,29
2300,9.17,32
2301,12.61,16
2302,10.09,18
2303,12.79,37
2304,16.43,49
2305,17.39,43
2306,18.18,44
2307,22.52,47
2308,25.63,34
2309,23.26,25
2310,20.86,39
2311,19.62,33
2312,15.1,32
2313,12.55,36
2314,11.59,34
2315,14.79,36
2316,18.62,34
2317,23.2,37
2318,25.2,30
2319,24.97,35
2320,22.75,60
2321,22.58,45
2322,18.63,32
2323,18.24,26
2324,22.72,41
2325,22.68,27
2326,20.85,38
2327,21.05,25
2328,20.98,44
2329,21.43,43
2330,20.72,25
2331,20.42,45
2332,20.69,44
2333,21.85,46
2334,23.44,49
2335,24.58,44
2336,25.18,29
2337,23.09,17
2338,22.94,30
2339,24.43,38
2340,23.65,53
2341,23.56,34
2342,22.83,32
2343,24.71,29
2344,24.8,30
2345,24.73,35
2346,19.72,57
2347,16.08,38
2348,19.03,40
2349,21.55,43
2350,24.39,30
2351,25.62,33
2352,24.65,40
2353,26.6,46
2354,30.12,37
2355,31.77,38
2356,31.62,38
2357,27.33,37
2358,25.3,31
2359,28.82,39
2360,27.78,43
2361,26.71,38
2362,26.67,58
2363,27.6,41
2364,26.82,26
2365,23.95,39
2366,24.45,38
2367,27.87,32
2368,26.4,40
2369,26.26,44
2370,26.15,43
2371,25.61,38
2372,26.04,26
2373,27.38,51
2374,28.74,57
2375,31.85,32
2376,34.74,38
2377,33.99,39
2378,28.93,27
2379,28.46,30
2380,29.54,30
2381,27.48,38
2382,27.68,49
2383,26.94,39
2384,26.85,50
2385,28.13,36
2386,28.88,29
2387,27.83,36
2388,25.57,52
2389,25.81,49
2390,25.38,34
2391,26.25,43
2392,27.47,34
2393,28.32,34
2394,28.79,38
2395,29.9,45
2396,28.79,30
2397,28.77,42
2398,29.55,37
2399,29.27,25
2400,28.12,27
2401,28.68,34
2402,30.13,45
2403,29.97,27
2404,29.77,35
2405,30.62,43
2406,31.5,35
2407,26.82,29
2408,22.81,31
2409,22.39,32
2410,23.22,43
2411,26.0,38
2412,27.19,42
2413,26.71,36
2414,26.02,30
2415,27.53,37
2416,28.63,29
2417,28.27,49
2418,26.68,36
2419,26.23,41
2420,26.21,26
2421,25.15,24
2422,27.4,44
2423,29.63,46
2424,29.72,39
2425,28.34,48
2426,29.08,40
2427,29.15,36
2428,27.64,22
2429,28.04,33
2430,30.83,40
2431,32.95,44
2432,31.88,40
2433,33.69,44
2434,32.79,25
2435,31.27,26
2436,30.7,18
2437,25.95,48
2438,25.03,43
2439,27.33,31
2440,25.9,44
2441,26.04,33
2442,25.83,31
2443,25.7,42
2444,26.21,45
2445,25.13,37
2446,21.04,48
2447,21.18,47
2448,21.47,29
2449,20.33,23
2450,20.48,42
2451,21.97,47
2452,15.98,37
2453,15.74,42
2454,19.04,29
2455,16.29,12
2456,16.71,22
2457,18.43,51
2458,21.33,36
2459,23.25,55
2460,23.92,43
2461,17.84,31
2462,16.04,29
2463,20.03,29
2464,18.32,43
2465,20.38,49
2466,21.3,47
2467,16.47,48
2468,11.18,50
2469,12.93,37
2470,16.24,24
2471,19.59,30
2472,18.72,43
2473,14.67,38
2474,17.1,53
2475,15.34,26
2476,15.39,25
2477,17.66,19
2478,15.35,22
2479,14.71,32
2480,13.91,37
2481,15.98,41
2482,18.7,38
2483,14.93,35
2484,15.02,28
2485,19.28,42
2486,22.19,32
2487,23.51,38
2488,22.92,27
2489,19.88,33
2490,19.78,28
2491,21.37,26
2492,19.18,32
2493,15.34,37
2494,15.33,45
2495,15.17,26
2496,16.53,32
2497,18.06,31
2498,17.89,16
2499,17.08,37
2500,17.3,38
2501,18.36,32
2502,16.43,35
2503,14.24,40
2504,14.0,27
2505,12.82,30
2506,13.11,31
2507,15.49,31
2508,17.29,34
2509,18.94,39
2510,16.34,40
2511,14.85,21
2512,14.64,30
2513,14.66,40
2514,12.16,43
2515,12.02,22
2516,10.94,19
2517,10.18,24
2518,11.56,22
2519,11.6,19
2520,11.18,27
2521,11.87,47
2522,11.34,37
2523,12.14,38
2524,7.85,21
2525,4.75,26
2526,7.17,28
2527,12.32,37
2528,14.84,32
2529,13.98,44
2530,10.74,26
2531,7.97,25
2532,4.83,16
2533,5.39,17
2534,5.56,25
2535,5.54,27
2536,6.74,26
2537,5.56,31
2538,6.54,27
2539,7.96,29
2540,7.98,21
2541,6.85,23
2542,8.34,22
2543,7.78,19
2544,5.7,22
2545,2.65,36
2546,5.26,17
2547,7.48,14
2548,8.53,24
2549,4.35,12
2550,3.86,22
2551,1.73,14
2552,3.01,20
2553,5.19,16
2554,7.0,19
2555,7.25,16
2556,9.08,10
2557,8.97,13
2558,9.59,17
2559,8.08,14
2560,5.36,12
2561,5.18,9
2562,4.55,23
2563,5.75,24
2564,6.17,32
2565,7.96,33
2566,8.71,26
2567,7.78,24
2568,8.13,23
2569,10.93,25
2570,7.93,31
2571,6.25,30
2572,5.28,27
2573,7.61,37
2574,9.01,25
2575,6.62,23
2576,5.21,10
2577,6.27,19
2578,4.08,21
2579,3.85,15
2580,8.13,20
2581,9.68,16
2582,9.39,15
2583,2.93,27
2584,2.94,26
2585,3.24,34
2586,5.21,26
2587,5.15,26
2588,3.95,21
2589,4.74,10
2590,3.1,24
2591,4.69,31
2592,5.81,28
2593,7.87,34
2594,9.62,31
2595,11.86,33
2596,12.14,25
2597,11.92,40
2598,13.77,29
2599,10.84,29
2600,6.6,31
2601,7.65,33
2602,9.2,24
2603,9.95,27
2604,11.25,17
2605,9.42,21
2606,8.48,13
2607,7.79,19
2608,7.42,17
2609,7.69,20
2610,7.7,8
2611,8.35,28
2612,11.85,41
2613,13.3,26
2614,13.66,30
2615,14.72,29
2616,10.4,33
2617,8.89,22
2618,11.5,36
2619,11.46,45
2620,11.02,41
2621,11.87,28
2622,13.25,30
2623,12.36,23
2624,12.65,36
2625,15.57,30
2626,14.97,34
2627,13.42,35
2628,12.87,39
2629,9.28,38
2630,6.5,17
2631,7.41,24
2632,9.53,41
2633,12.93,40
2634,12.65,37
2635,11.5,30
2636,11.54,38
2637,14.25,34
2638,15.83,27
2639,15.52,36
2640,15.34,32
2641,12.66,44
2642,10.14,35
2643,11.93,49
2644,12.59,25
2645,8.95,12
2646,9.34,30
2647,13.14,30
2648,11.46,42
2649,13.86,32
2650,14.43,46
2651,11.59,28
2652,11.51,18
2653,10.8,35
2654,9.41,39
2655,10.5,37
2656,13.51,43
2657,18.01,36
2658,21.66,37
2659,23.19,37
2660,17.14,38
2661,10.31,42
2662,13.0,41
2663,18.06,52
2664,18.13,52
2665,12.14,32
2666,8.61,27
2667,10.18,36
2668,12.65,26
2669,12.96,35
2670,12.59,35
2671,16.93,51
2672,20.48,55
2673,23.02,17
2674,22.65,40
2675,16.46,32
2676,12.25,44
2677,14.69,46
2678,17.72,47
2679,17.43,30
2680,17.77,20
2681,18.08,41
2682,20.05,36
2683,17.47,32
2684,18.42,37
2685,18.1,51
2686,19.65,32
2687,20.01,24
2688,17.19,30
2689,20.11,41
2690,24.44,49
2691,28.57,49
2692,30.01,48
2693,29.53,45
2694,29.14,31
2695,28.45,36
2696,24.88,41
2697,18.25,39
2698,18.2,35
2699,16.55,38
2700,14.16,17
2701,12.92,23
2702,16.08,32
2703,16.02,35
2704,17.32,41
2705,17.91,43
2706,19.2,47
2707,19.0,40
2708,20.53,31
2709,19.82,47
2710,21.02,43
2711,18.15,36
2712,20.51,39
2713,20.8,58
2714,20.47,47
2715,24.18,36
2716,26.84,41
2717,26.05,48
2718,23.69,45
2719,26.23,43
2720,28.9,32
2721,27.95,32
2722,27.51,22
2723,26.73,37
2724,27.05,64
2725,28.83,39
2726,30.12,42
2727,32.11,37
2728,33.9,40
2729,30.24,32
2730,26.57,37
2731,26.18,48
2732,25.17,40
2733,25.65,50
2734,29.1,31
2735,28.52,40
2736,28.51,28
2737,27.67,39
2738,26.97,50
2739,27.45,43
2740,27.93,54
2741,25.67,32
2742,26.84,34
2743,28.27,26
2744,31.94,34
2745,34.41,32
2746,35.18,40
2747,34.82,50
2748,30.03,40
2749,29.52,27
2750,29.96,27
2751,30.12,28
2752,29.3,44
2753,28.34,50
2754,29.5,52
2755,28.05,35
2756,29.1,36
2757,27.08,40
2758,25.85,45
2759,26.16,47
2760,28.07,50
2761,28.1,39
2762,29.24,54
2763,30.19,33
2764,27.67,30
2765,26.61,42
2766,26.44,42
2767,26.93,44
2768,27.68,44
2769,28.05,46
2770,29.09,40
2771,28.29,34
2772,28.73,49
2773,29.03,37
2774,29.26,36
2775,29.1,45
2776,27.95,47
2777,26.01,46
2778,27.15,26
2779,28.54,41
2780,29.04,37
2781,30.92,56
2782,32.02,28
2783,31.89,54
2784,30.96,39
2785,28.4,30
2786,26.85,41
2787,23.66,47
2788,24.84,45
2789,27.2,47
2790,27.69,45
2791,27.72,44
2792,28.72,23
2793,29.7,50
2794,28.13,48
2795,29.29,49
2796,31.73,47
2797,32.7,56
2798,30.99,40
2799,24.11,25
2800,22.29,33
2801,26.07,47
2802,27.45,65
2803,28.42,51
2804,29.4,56
2805,30.44,34
2806,30.24,35
2807,28.45,43
2808,25.48,58
2809,23.12,63
2810,25.31,46
2811,25.25,49
2812,24.02,33
2813,25.26,30
2814,26.83,53
2815,27.1,49
2816,24.06,60
2817,23.1,63
2818,21.39,54
2819,19.96,47
2820,20.24,28
2821,20.41,45
2822,24.17,52
2823,26.16,62
2824,26.96,67
2825,26.93,67
2826,26.75,48
2827,27.09,42
2828,25.21,47
2829,26.76,64
2830,28.05,52
2831,24.48,44
2832,20.23,48
2833,17.8,29
2834,17.13,31
2835,19.74,49
2836,22.01,51
2837,22.14,51
2838,17.81,39
2839,12.22,51
2840,11.03,34
2841,11.43,36
2842,15.3,38
2843,18.54,45
2844,20.58,55
2845,21.58,57
2846,23.54,51
2847,21.16,38
2848,18.46,28
2849,16.71,45
2850,18.0,57
2851,21.45,51
2852,22.56,50
2853,21.48,54
2854,21.86,31
2855,21.09,28
2856,20.33,34
2857,20.42,49
2858,20.0,44
2859,21.12,48
2860,18.75,34
2861,17.41,13
2862,14.34,22
2863,13.05,34
2864,10.69,33
2865,10.05,35
2866,12.74,36
2867,15.95,35
2868,14.84,34
2869,10.64,15
2870,10.39,32
2871,12.01,27
2872,14.32,40
2873,15.61,46
2874,17.62,49
2875,18.82,33
2876,19.01,24
2877,19.98,44
2878,19.41,55
2879,15.86,37
2880,14.04,59
2881,13.29,42
2882,13.06,21
2883,13.41,24
2884,13.68,32
2885,12.33,29
2886,12.61,24
2887,11.39,12
2888,9.75,21
2889,11.67,23
2890,14.83,24
2891,13.99,36
2892,11.31,45
2893,9.88,30
2894,9.76,38
2895,10.78,53
2896,11.19,16
2897,9.69,15
2898,6.07,33
2899,7.86,50
2900,9.4,30
2901,10.86,42
2902,10.19,34
2903,5.75,20
2904,3.11,19
2905,4.77,20
2906,3.67,33
2907,3.38,24
2908,1.91,26
2909,3.82,28
2910,4.84,21
2911,6.64,10
2912,5.75,14
2913,4.06,23
2914,6.47,15
2915,4.92,8
2916,1.73,17
2917,2.98,17
2918,6.56,16
2919,8.51,24
2920,8.65,32
2921,6.67,22
2922,6.41,13
2923,6.92,19
2924,5.26,23
2925,4.27,17
2926,4.97,27
2927,5.64,27
2928,7.54,26
2929,8.69,37
2930,7.31,38
2931,9.35,21
2932,9.48,19
2933,12.7,40
2934,13.33,40
2935,13.52,43
2936,13.96,35
2937,13.0,45
2938,13.47,28
2939,13.86,21
2940,13.71,32
2941,14.59,32
2942,15.02,27
2943,12.73,28
2944,13.15,30
2945,11.51,18
2946,7.0,30
2947,4.46,29
2948,4.76,27
2949,6.88,31
2950,9.93,34
2951,12.52,40
2952,10.98,33
2953,11.15,25
2954,13.23,35
2955,14.56,49
2956,14.27,46
2957,10.12,28
2958,9.27,26
2959,8.6,17
2960,7.59,16
2961,3.64,22
2962,3.45,34
2963,4.97,27
2964,5.74,32
2965,3.95,21
2966,4.55,23
2967,7.23,14
2968,6.74,15
2969,5.97,26
2970,7.77,25
2971,10.44,39
2972,10.98,30
2973,11.84,25
2974,11.36,20
2975,12.75,30
2976,12.4,23
2977,10.52,36
2978,11.14,35
2979,10.35,37
2980,13.41,38
2981,15.28,26
2982,12.25,31
2983,10.14,38
2984,7.88,25
2985,7.37,32
2986,6.99,36
2987,7.99,23
2988,9.54,27
2989,5.91,28
2990,6.54,29
2991,8.99,33
2992,10.15,45
2993,11.14,39
2994,9.94,22
2995,10.3,23
2996,13.14,29
2997,14.26,44
2998,15.15,33
2999,16.14,32
3000,15.35,29
3001,12.91,31
3002,6.38,14
3003,6.53,35
3004,10.0,45
3005,12.33,35
3006,13.49,56
3007,14.82,36
3008,17.19,44
3009,12.72,21
3010,11.06,35
3011,13.9,45
3012,14.38,42
3013,13.64,47
3014,10.02,41
3015,10.86,44
3016,15.25,30
3017,17.37,48
3018,12.9,35
3019,10.32,40
3020,11.36,29
3021,11.37,38
3022,11.25,32
3023,14.1,27
3024,14.74,24
3025,9.56,36
3026,8.01,34
3027,10.88,43
3028,14.7,33
3029,18.7,42
3030,22.14,25
3031,24.19,51
3032,25.14,48
3033,24.45,53
3034,18.85,43
3035,13.8,59
3036,11.93,54
3037,13.13,30
3038,13.44,40
3039,11.29,30
3040,12.81,40
3041,15.33,44
3042,17.06,38
3043,16.34,22
3044,18.12,25
3045,19.0,37
3046,19.42,42
3047,20.92,48
3048,20.16,43
3049,20.79,43
3050,21.41,39
3051,21.72,30
3052,20.59,36
3053,18.7,45
3054,19.9,47
3055,21.03,49
3056,23.04,52
3057,27.19,45
3058,30.11,33
3059,28.18,38
3060,26.58,45
3061,23.29,47
3062,23.89,36
3063,23.34,41
3064,21.74,45
3065,19.91,18
3066,20.29,27
3067,24.83,37
3068,27.44,50
3069,27.66,44
3070,26.07,43
3071,23.66,34
3072,24.64,28
3073,22.57,44
3074,22.46,30
3075,21.61,43
3076,20.31,43
3077,16.52,43
3078,18.02,32
3079,20.02,25
3080,21.11,48
3081,20.45,48
3082,20.47,43
3083,20.49,40
3084,18.97,49
3085,19.73,28
3086,20.76,27
3087,19.79,36
3088,22.78,34
3089,23.63,45
3090,25.71,28
3091,27.59,42
3092,21.16,26
3093,20.02,25
3094,23.64,32
3095,27.38,46
3096,28.53,48
3097,26.57,44
3098,26.95,37
3099,30.98,32
3100,33.0,29
3101,31.79,38
3102,30.66,47
3103,29.42,42
3104,29.42,48
3105,29.01,47
3106,28.32,41
3107,27.08,24
3108,25.39,45
3109,25.04,47
3110,25.52,43
3111,25.38,38
3112,26.84,28
3113,29.07,42
3114,28.4,35
3115,28.76,52
3116,30.89,61
3117,31.83,49
3118,32.05,38
3119,33.59,46
3120,34.13,43
3121,34.01,41
3122,32.1,43
3123,30.34,36
3124,29.63,42
3125,30.05,58
3126,28.24,40
3127,28.17,27
3128,30.79,33
3129,32.19,36
3130,30.97,38
3131,29.0,45
3132,28.63,37
3133,28.29,42
3134,28.15,33
3135,26.52,34
3136,26.13,33
3137,27.54,46
3138,26.42,43
3139,21.57,47
3140,21.88,43
3141,25.01,41
3142,28.06,37
3143,29.92,41
3144,29.48,38
3145,29.33,46
3146,27.93,32
3147,25.16,43
3148,23.5,40
3149,25.96,29
3150,26.99,38
3151,28.35,42
3152,29.0,38
3153,27.65,45
3154,29.92,47
3155,27.59,40
3156,26.92,37
3157,25.36,46
3158,25.86,52
3159,27.32,50
3160,28.39,55
3161,30.79,43
3162,31.38,28
3163,30.91,32
3164,28.97,59
3165,29.38,63
3166,31.76,43
3167,31.59,40
3168,28.51,42
3169,23.85,38
3170,23.7,27
3171,23.15,40
3172,24.36,54
3173,25.86,61
3174,28.19,60
3175,30.2,46
3176,28.0,35
3177,23.41,26
3178,19.83,50
3179,22.93,46
3180,24.72,62
3181,25.36,57
3182,29.23,37
3183,27.72,37
3184,25.78,24
3185,27.66,54
3186,29.52,61
3187,28.34,55
3188,27.75,50
3189,27.95,59
3190,29.25,26
3191,29.97,27
3192,26.15,48
3193,19.03,42
3194,16.13,50
3195,19.43,49
3196,21.67,67
3197,17.43,54
3198,12.25,24
3199,13.33,53
3200,16.08,56
3201,17.37,51
3202,17.25,53
3203,17.99,43
3204,18.07,30
3205,17.08,24
3206,14.07,40
3207,14.06,29
3208,17.69,47
3209,19.78,56
3210,20.85,55
3211,21.91,30
3212,20.53,29
3213,13.87,36
3214,14.08,38
3215,15.51,49
3216,16.16,49
3217,18.42,60
3218,18.34,40
3219,17.81,26
3220,19.12,48
3221,12.54,45
3222,9.37,48
3223,10.27,44
3224,13.6,47
3225,15.38,40
3226,16.22,34
3227,17.75,53
3228,19.36,46
3229,17.98,37
3230,14.13,32
3231,14.2,51
3232,12.72,34
3233,11.14,21
3234,12.19,40
3235,13.94,37
3236,14.11,34
3237,9.83,42
3238,8.33,32
3239,8.26,23
3240,10.4,25
3241,12.67,52
3242,13.29,66
3243,9.48,44
3244,9.81,34
3245,10.34,26
3246,8.13,27
3247,9.12,29
3248,10.22,29
3249,12.03,50
3250,13.67,48
3251,14.59,17
3252,11.21,23
3253,9.48,19
3254,10.4,26
3255,11.43,42
3256,10.44,46
3257,9.0,44
3258,8.09,52
3259,9.86,38
3260,7.64,17
3261,5.08,19
3262,3.15,19
3263,0.53,26
3264,1.86,38
3265,5.26,30
3266,7.33,23
3267,9.09,10
3268,6.77,16
3269,7.67,44
3270,9.72,36
3271,11.21,32
3272,9.63,37
3273,8.94,30
3274,10.92,25
3275,11.75,17
3276,9.61,14
3277,4.82,26
3278,3.85,37
3279,7.73,25
3280,8.55,5
3281,6.42,21
3282,7.56,15
3283,7.83,26
3284,7.27,25
3285,6.53,25
3286,8.19,23
3287,9.77,15
3288,9.86,21
3289,10.15,23
3290,11.5,26
3291,9.98,45
3292,9.77,36
3293,9.68,27
3294,12.57,23
3295,12.47,28
3296,11.41,25
3297,13.01,34
3298,11.94,36
3299,9.65,23
3300,8.27,52
3301,11.53,35
3302,11.26,28
3303,8.68,20
3304,8.22,9
3305,6.31,11
3306,6.45,15
3307,4.92,19
3308,3.77,18
3309,4.63,23
3310,6.21,16
3311,7.51,21
3312,8.74,36
3313,7.04,30
3314,8.05,44
3315,9.37,30
3316,7.41,29
3317,7.99,25
3318,8.91,33
3319,9.49,23
3320,9.56,37
3321,8.5,32
3322,9.34,34
3323,7.66,19
3324,6.6,20
3325,7.43,39
3326,6.21,22
3327,6.36,24
3328,7.3,35
3329,9.59,36
3330,10.73,45
3331,10.81,38
3332,10.82,37
3333,12.16,46
3334,13.81,41
3335,13.5,33
3336,10.77,29
3337,9.09,20
3338,7.87,13
3339,7.27,31
3340,7.75,27
3341,7.69,28
3342,9.72,36
3343,10.98,32
3344,7.89,19
3345,9.23,39
3346,11.51,31
3347,9.98,28
3348,7.67,34
3349,5.73,50
3350,7.42,30
3351,9.4,23
3352,9.56,19
3353,8.15,40
3354,5.26,25
3355,4.85,36
3356,7.54,33
3357,10.3,34
3358,7.04,27
3359,7.75,32
3360,13.08,33
3361,16.4,46
3362,16.19,46
3363,14.19,47
3364,13.58,44
3365,15.48,45
3366,14.41,28
3367,12.75,41
3368,13.0,45
3369,13.21,47
3370,10.53,38
3371,9.65,40
3372,12.96,38
3373,16.42,32
3374,14.79,47
3375,12.0,25
3376,8.28,44
3377,8.31,38
3378,9.28,43
3379,8.56,34
3380,7.9,17
3381,6.29,26
3382,8.26,54
3383,13.35,39
3384,14.73,44
3385,14.61,31
3386,12.1,35
3387,10.98,13
3388,8.78,32
3389,10.33,48
3390,12.1,38
3391,14.48,37
3392,14.06,50
3393,15.6,27
3394,17.14,36
3395,16.96,51
3396,10.36,32
3397,6.13,27
3398,8.42,26
3399,13.17,54
3400,15.39,34
3401,17.51,34
3402,18.96,41
3403,15.3,34
3404,10.48,26
3405,8.79,50
3406,11.27,54
3407,14.01,29
3408,15.71,32
3409,18.96,47
3410,17.77,57
3411,15.51,55
3412,14.52,37
3413,17.13,45
3414,15.94,48
3415,12.01,18
3416,11.15,32
3417,11.18,47
3418,15.47,63
3419,17.97,54
3420,19.7,40
3421,20.58,39
3422,20.51,21
3423,13.57,33
3424,15.9,39
3425,18.47,49
3426,16.95,56
3427,13.98,28
3428,11.17,34
3429,12.16,30
3430,13.53,40
3431,15.63,46
3432,15.55,44
3433,14.12,35
3434,13.96,35
3435,18.15,33
3436,22.04,24
3437,21.26,32
3438,19.82,63
3439,21.67,53
3440,23.58,52
3441,24.76,44
3442,26.44,36
3443,26.21,34
3444,22.83,44
3445,22.29,46
3446,21.45,47
3447,17.27,37
3448,19.99,38
3449,23.21,36
3450,25.09,30
3451,26.41,41
3452,22.84,54
3453,19.98,43
3454,23.1,51
3455,21.4,43
3456,19.02,35
3457,19.88,19
3458,22.35,48
3459,25.56,60
3460,26.84,47
3461,24.48,51
3462,24.25,51
3463,25.98,43
3464,30.49,33
3465,32.06,39
3466,28.79,50
3467,26.9,54
3468,24.0,54
3469,24.52,65
3470,25.77,30
3471,27.23,51
3472,27.95,25
3473,27.06,50
3474,26.82,53
3475,27.36,59
3476,28.3,46
3477,29.96,44
3478,29.78,34
3479,29.01,49
3480,27.77,50
3481,28.72,52
3482,32.06,59
3483,32.68,39
3484,32.2,56
3485,31.77,35
3486,30.35,48
3487,27.96,33
3488,27.35,48
3489,26.88,53
3490,28.44,36
3491,29.81,40
3492,28.62,35
3493,27.09,39
3494,25.95,42
3495,25.54,59
3496,26.69,52
3497,27.47,47
3498,27.24,44
3499,26.63,28
3500,26.77,50
3501,27.93,52
3502,27.29,44
3503,26.1,55
3504,26.15,53
3505,25.71,42
3506,24.89,35
3507,25.08,47
3508,25.78,63
3509,24.52,49
3510,24.91,40
3511,26.27,38
3512,25.25,39
3513,25.24,30
3514,26.88,40
3515,28.73,59
3516,27.95,41
3517,27.22,66
3518,27.38,50
3519,27.22,44
3520,24.59,40
3521,27.76,57
3522,32.1,46
3523,34.5,49
3524,31.12,57
3525,26.68,45
3526,19.59,42
3527,18.85,27
3528,19.91,38
3529,22.16,45
3530,26.28,48
3531,29.67,53
3532,29.02,59
3533,28.2,35
3534,26.39,24
3535,26.56,32
3536,24.9,46
3537,19.14,58
3538,18.03,51
3539,21.46,63
3540,24.59,35
3541,24.35,37
3542,23.54,55
3543,22.56,60
3544,22.53,46
3545,23.2,57
3546,23.75,60
3547,23.48,39
3548,22.43,39
3549,21.55,57
3550,20.78,36
3551,17.67,52
3552,19.99,60
3553,23.46,60
3554,27.08,37
3555,28.07,39
3556,29.39,58
3557,31.04,60
3558,30.94,63
3559,28.99,64
3560,27.72,58
3561,26.71,42
3562,24.19,31
3563,16.75,41
3564,14.24,53
3565,15.11,40
3566,15.83,43
3567,17.47,62
3568,19.67,48
3569,21.52,37
3570,22.54,54
3571,24.06,61
3572,24.93,60
3573,25.06,54
3574,24.98,41
3575,22.32,34
3576,18.43,15
3577,15.92,49
3578,18.45,29
3579,19.12,43
3580,16.95,40
3581,16.02,35
3582,15.64,28
3583,16.23,22
3584,13.79,36
3585,11.9,53
3586,13.77,47
3587,16.05,40
3588,15.75,43
3589,12.58,23
3590,13.94,23
3591,15.85,52
3592,18.11,46
3593,21.35,58
3594,22.79,41
3595,21.87,41
3596,17.3,36
3597,13.26,27
3598,9.36,42
3599,9.72,40
3600,10.05,43
3601,9.72,31
3602,11.21,46
3603,12.39,38
3604,14.08,28
3605,15.27,48
3606,14.67,42
3607,13.87,42
3608,14.93,56
3609,11.72,35
3610,8.87,21
3611,5.1,9
3612,5.2,52
3613,4.71,30
3614,2.02,31
3615,3.68,11
3616,7.32,18
3617,5.71,19
3618,3.49,21
3619,3.57,36
3620,7.75,41
3621,8.93,44
3622,9.82,26
3623,10.73,30
3624,11.86,28
3625,11.88,21
3626,10.64,29
3627,11.13,58
3628,12.28,45
3629,12.74,33
3630,13.4,40
3631,13.18,19
3632,13.55,21
3633,11.33,26
3634,10.14,27
3635,8.31,32
3636,7.15,30
3637,7.9,27
3638,8.87,17
3639,9.12,10
3640,4.49,24
3641,6.17,16
3642,8.42,16
3643,8.98,25
3644,9.94,19
3645,9.62,18
3646,6.74,15
3647,7.64,25
3648,6.95,24
3649,4.37,13
3650,0.12,32
3651,1.58,21
3652,3.43,14
3653,2.78,10
3654,4.3,26
3655,5.51,39
3656,6.26,38
3657,6.91,32
3658,7.07,24
3659,3.69,14
3660,3.02,25
3661,3.44,33
3662,7.05,29
3663,10.07,36
3664,10.24,28
3665,10.05,42
3666,11.23,36
3667,12.02,20
3668,12.25,22
3669,10.7,51
3670,8.35,41
3671,10.05,41
3672,10.92,52
3673,10.53,34
3674,11.14,27
3675,10.54,39
3676,11.39,35
3677,11.7,46
3678,12.16,45
3679,10.69,48
3680,8.7,30
3681,7.28,14
3682,6.25,43
3683,6.26,35
3684,5.6,43
3685,6.85,34
3686,8.39,51
3687,10.99,34
3688,12.74,27
3689,13.27,53
3690,7.19,38
3691,7.46,59
3692,8.42,48
3693,10.86,49
3694,13.54,35
3695,12.47,35
3696,9.35,37
3697,11.19,26
3698,7.52,21
3699,5.78,34
3700,8.16,26
3701,5.03,15
3702,4.82,23
3703,5.37,30
3704,6.53,32
3705,6.08,29
3706,6.03,32
3707,5.24,19
3708,1.35,22
3709,2.4,22
3710,6.45,35
3711,7.28,53
3712,8.68,33
3713,10.68,35
3714,11.12,48
3715,13.01,35
3716,11.27,21
3717,8.46,31
3718,9.47,52
3719,14.08,44
3720,13.96,44
3721,10.95,46
3722,9.92,29
3723,11.89,29
3724,14.69,45
3725,15.27,39
3726,10.94,40
3727,9.82,41
3728,8.57,30
3729,6.67,19
3730,6.92,10
3731,6.1,31
3732,7.55,34
3733,6.51,15
3734,5.8,26
3735,7.41,30
3736,7.85,22
3737,9.67,23
3738,10.32,33
3739,11.61,40
3740,14.87,48
3741,17.71,47
3742,20.33,40
3743,16.26,28
3744,12.5,36
3745,15.83,44
3746,16.45,47
3747,13.81,42
3748,6.29,47
3749,4.94,38
3750,7.2,32
3751,9.84,32
3752,11.02,48
3753,11.43,35
3754,8.52,32
3755,10.3,51
3756,14.32,46
3757,16.2,33
3758,16.95,33
3759,15.39,47
3760,16.3,51
3761,15.3,48
3762,13.89,49
3763,13.0,38
3764,13.66,37
3765,13.07,21
3766,12.99,40
3767,12.21,40
3768,14.46,42
3769,14.71,55
3770,11.17,58
3771,13.28,42
3772,15.7,36
3773,18.85,53
3774,18.6,64
3775,21.36,61
3776,23.89,51
3777,21.3,54
3778,16.99,37
3779,13.28,17
3780,11.03,37
3781,14.37,57
3782,16.69,41
3783,18.57,59
3784,19.91,48
3785,14.07,28
3786,10.38,27
3787,9.77,45
3788,10.84,30
3789,12.14,35
3790,15.0,38
3791,18.26,42
3792,18.04,44
3793,15.24,29
3794,13.88,38
3795,15.68,51
3796,17.42,33
3797,15.32,52
3798,16.6,52
3799,14.97,29
3800,12.03,29
3801,15.57,40
3802,16.77,48
3803,14.42,31
3804,14.64,44
3805,15.48,40
3806,14.84,32
3807,16.29,36
3808,15.8,45
3809,17.77,56
3810,19.73,49
3811,21.11,30
3812,20.92,31
3813,17.68,46
3814,19.43,36
3815,22.37,42
3816,25.8,63
3817,26.85,58
3818,23.17,54
3819,22.62,53
3820,23.49,42
3821,23.15,20
3822,27.01,46
3823,29.84,55
3824,29.83,48
3825,26.82,49
3826,24.97,50
3827,23.77,40
3828,24.65,37
3829,26.3,43
3830,24.92,42
3831,18.72,44
3832,22.47,56
3833,26.87,57
3834,30.36,56
3835,31.16,40
3836,31.33,60
3837,31.85,43
3838,32.23,54
3839,31.53,56
3840,31.25,53
3841,28.35,42
3842,26.64,36
3843,24.77,56
3844,23.78,37
3845,23.36,44
3846,21.67,58
3847,21.49,49
3848,22.43,48
3849,24.36,39
3850,25.98,64
3851,26.12,60
3852,28.25,60
3853,28.36,47
3854,27.65,52
3855,28.06,41
3856,28.65,46
3857,27.48,45
3858,27.36,55
3859,27.74,66
3860,29.05,52
3861,29.47,39
3862,29.27,53
3863,29.0,34
3864,28.97,51
3865,28.81,57
3866,28.03,55
3867,25.84,47
3868,26.45,53
3869,26.6,50
3870,26.74,38
3871,26.78,46
3872,27.19,50
3873,26.77,47
3874,26.32,44
3875,27.08,60
3876,28.97,50
3877,27.81,33
3878,27.42,52
3879,26.66,51
3880,26.62,60
3881,27.87,47
3882,25.83,37
3883,24.62,41
3884,24.7,37
3885,25.74,41
3886,28.81,65
3887,30.29,40
3888,28.82,53
3889,30.27,41
3890,31.25,40
3891,29.87,33
3892,28.46,62
3893,26.52,48
3894,25.7,66
3895,25.81,53
3896,27.67,59
3897,27.69,42
3898,27.07,27
3899,26.57,26
3900,28.12,55
3901,29.78,74
3902,28.63,51
3903,28.47,44
3904,26.4,45
3905,25.79,34
3906,26.05,55
3907,26.53,52
3908,26.42,61
3909,24.4,67
3910,22.16,60
3911,21.28,37
3912,24.92,35
3913,27.23,45
3914,27.74,61
3915,28.35,72
3916,28.8,69
3917,29.95,48
3918,26.97,44
3919,20.61,27
3920,22.12,53
3921,24.8,64
3922,27.19,75
3923,28.12,64
3924,24.22,61
3925,22.9,40
3926,22.46,35
3927,19.61,52
3928,16.84,41
3929,13.19,35
3930,10.94,46
3931,13.17,54
3932,15.76,45
3933,17.0,35
3934,18.15,33
3935,20.02,54
3936,20.6,67
3937,22.01,51
3938,23.63,55
3939,22.38,42
3940,20.87,20
3941,21.47,37
3942,22.44,55
3943,19.11,56
3944,18.89,42
3945,18.6,52
3946,19.94,39
3947,21.87,31
3948,20.97,49
3949,16.66,49
3950,14.56,55
3951,15.68,66
3952,17.02,54
3953,16.65,39
3954,18.56,36
3955,17.71,46
3956,16.5,51
3957,15.37,56
3958,14.93,43
3959,8.14,33
3960,7.78,33
3961,7.48,19
3962,7.97,47
3963,9.2,51
3964,11.91,46
3965,13.31,33
3966,13.78,38
3967,11.41,23
3968,12.4,26
3969,10.96,46
3970,11.56,53
3971,12.27,41
3972,12.23,44
3973,10.28,45
3974,8.16,35
3975,7.01,9
3976,8.55,39
3977,9.7,53
3978,11.07,36
3979,10.86,13
3980,10.15,26
3981,13.46,33
3982,15.76,22
3983,13.81,33
3984,12.13,44
3985,9.88,48
3986,10.08,53
3987,9.27,50
3988,6.61,37
3989,7.24,28
3990,6.85,34
3991,7.6,44
3992,7.82,51
3993,7.57,47
3994,10.0,54
3995,9.97,45
3996,7.79,15
3997,7.12,23
3998,7.35,45
3999,7.02,36
4000,5.73,29
4001,7.2,33
4002,9.42,14
4003,8.15,23
4004,7.04,31
4005,7.24,37
4006,7.57,43
4007,6.29,31
4008,5.71,30
4009,8.48,25
4010,9.76,16
4011,8.23,19
4012,7.18,25
4013,10.05,30
4014,10.79,29
4015,10.64,29
4016,10.55,22
4017,13.6,21
4018,13.83,29
4019,12.74,31
4020,13.98,38
4021,12.72,47
4022,10.07,47
4023,9.15,38
4024,10.54,31
4025,12.29,40
4026,12.25,38
4027,11.41,47
4028,11.58,54
4029,13.08,54
4030,12.64,20
4031,10.68,20
4032,3.75,32
4033,3.96,35
4034,6.74,62
4035,7.89,41
4036,9.95,35
4037,7.56,32
4038,6.22,18
4039,6.76,25
4040,7.21,35
4041,10.53,45
4042,12.09,42
4043,11.02,44
4044,11.43,34
4045,13.39,23
4046,10.33,45
4047,10.75,38
4048,10.04,42
4049,8.81,50
4050,10.37,41
4051,11.7,51
4052,11.4,28
4053,11.58,44
4054,11.18,28
4055,11.77,49
4056,14.35,57
4057,14.12,51
4058,10.54,28
4059,9.46,32
4060,6.34,28
4061,5.61,45
4062,5.92,39
4063,7.69,29
4064,9.98,38
4065,7.94,42
4066,6.82,27
4067,8.19,31
4068,9.92,38
4069,13.07,40
4070,13.6,53
4071,15.19,44
4072,10.32,33
4073,8.74,24
4074,6.65,36
4075,6.1,34
4076,6.64,29
4077,6.62,41
4078,8.46,50
4079,12.71,46
4080,15.97,38
4081,16.47,35
4082,7.91,35
4083,6.81,52
4084,11.83,47
4085,14.67,51
4086,12.87,41
4087,10.53,28
4088,11.56,46
4089,11.02,47
4090,12.89,48
4091,15.0,32
4092,12.91,31
4093,5.86,14
4094,3.92,23
4095,5.22,40
4096,10.65,39
4097,14.84,45
4098,14.83,36
4099,11.46,39
4100,11.08,24
4101,9.79,14
4102,8.86,36
4103,11.51,36
4104,11.61,26
4105,13.96,43
4106,15.93,55
4107,11.33,17
4108,8.98,33
4109,11.56,38
4110,14.32,45
4111,11.16,43
4112,7.75,38
4113,9.15,41
4114,14.84,28
4115,16.12,23
4116,16.12,41
4117,13.49,41
4118,10.21,27
4119,9.66,28
4120,7.7,26
4121,8.65,36
4122,12.67,45
4123,15.4,47
4124,17.23,57
4125,16.97,47
4126,17.99,45
4127,22.45,48
4128,24.45,40
4129,25.08,38
4130,20.86,44
4131,17.91,53
4132,19.32,40
4133,15.06,29
4134,14.05,57
4135,16.82,49
4136,19.93,34
4137,21.86,44
4138,18.05,41
4139,16.41,39
4140,16.29,44
4141,15.95,45
4142,16.24,50
4143,19.18,26
4144,21.23,49
4145,23.14,71
4146,24.94,56
4147,21.79,49
4148,22.45,58
4149,23.49,42
4150,23.3,30
4151,19.34,50
4152,20.29,60
4153,22.8,49
4154,21.04,41
4155,18.69,54
4156,22.08,51
4157,24.71,29
4158,23.6,44
4159,22.06,47
4160,19.58,57
4161,18.32,44
4162,12.65,36
4163,14.15,41
4164,17.13,36
4165,20.11,25
4166,20.68,38
4167,23.55,46
4168,27.19,52
4169,29.55,55
4170,25.53,44
4171,25.29,35
4172,19.93,44
4173,15.63,43
4174,19.11,46
4175,22.4,50
4176,22.13,58
4177,20.04,44
4178,23.67,32
4179,27.01,48
4180,27.45,44
4181,25.67,52
4182,26.07,55
4183,26.15,38
4184,31.12,37
4185,31.29,35
4186,28.63,40
4187,25.94,42
4188,28.38,51
4189,26.51,53
4190,22.66,53
4191,21.26,43
4192,21.2,39
4193,20.83,35
4194,21.82,56
4195,24.95,73
4196,26.44,38
4197,25.31,47
4198,25.1,44
4199,25.48,34
4200,26.03,49
4201,26.12,50
4202,27.11,53
4203,26.08,37
4204,26.64,44
4205,29.26,36
4206,29.09,31
4207,29.23,56
4208,31.0,51
4209,33.13,35
4210,31.17,42
4211,30.99,40
4212,27.58,40
4213,26.89,32
4214,25.48,48
4215,22.99,47
4216,24.32,44
4217,27.0,42
4218,28.13,61
4219,30.82,45
4220,31.93,45
4221,30.05,48
4222,27.48,48
4223,26.89,52
4224,26.15,50
4225,25.35,34
4226,25.78,35
4227,26.3,43
4228,28.37,34
4229,30.54,59
4230,29.87,51
4231,29.91,47
4232,29.63,52
4233,28.72,33
4234,28.52,25
4235,28.44,43
4236,30.0,54
4237,30.75,33
4238,33.17,52
4239,34.32,44
4240,34.81,29
4241,33.76,32
4242,34.07,36
4243,33.41,57
4244,31.37,45
4245,30.48,45
4246,30.73,49
4247,31.08,44
4248,29.62,20
4249,29.43,56
4250,28.49,46
4251,27.75,45
4252,28.18,55
4253,28.31,50
4254,27.06,44
4255,23.81,40
4256,25.07,57
4257,27.6,57
4258,28.84,58
4259,29.74,56
4260,24.56,57
4261,22.28,38
4262,25.07,35
4263,27.47,26
4264,28.17,56
4265,28.13,43
4266,27.09,61
4267,26.99,57
4268,27.84,41
4269,27.5,35
4270,26.72,44
4271,25.87,65
4272,26.25,65
4273,28.54,61
4274,28.65,62
4275,28.49,40
4276,27.88,27
4277,25.38,58
4278,24.39,72
4279,24.31,61
4280,24.7,60
4281,26.07,64
4282,26.4,48
4283,27.47,48
4284,24.74,53
4285,23.1,58
4286,24.63,55
4287,26.57,54
4288,26.25,55
4289,25.56,45
4290,27.06,46
4291,28.09,63
4292,28.45,74
4293,27.57,48
4294,23.11,72
4295,20.26,54
4296,20.4,40
4297,19.52,35
4298,18.72,58
4299,18.14,74
4300,17.39,48
4301,15.64,42
4302,14.37,44
4303,16.36,46
4304,19.67,25
4305,20.3,63
4306,21.85,61
4307,23.19,63
4308,24.51,67
4309,22.47,60
4310,19.53,38
4311,16.21,36
4312,11.76,45
4313,11.34,47
4314,11.78,49
4315,14.24,51
4316,15.6,62
4317,17.7,44
4318,19.72,32
4319,19.58,52
4320,19.28,64
4321,17.39,52
4322,15.45,40
4323,15.91,50
4324,16.62,36
4325,18.4,43
4326,20.6,62
4327,21.27,65
4328,19.14,55
4329,12.94,42
4330,7.78,35
4331,6.31,30
4332,7.26,27
4333,10.21,26
4334,12.36,60
4335,14.83,51
4336,14.62,47
4337,13.65,41
4338,13.51,26
4339,11.32,20
4340,13.31,41
4341,13.66,44
4342,12.99,31
4343,12.45,9
4344,13.91,22
4345,14.2,35
4346,11.95,21
4347,12.97,41
4348,12.63,26
4349,11.61,31
4350,13.96,37
4351,13.72,30
4352,13.81,27
4353,12.92,16
4354,11.98,32
4355,13.01,30
4356,13.32,34
4357,11.96,30
4358,10.28,43
4359,9.17,31
4360,10.05,14
4361,12.05,41
4362,11.55,47
4363,8.41,32
4364,5.3,28
4365,4.36,33
4366,4.39,30
4367,6.21,22
4368,8.59,25
4369,5.2,34
4370,2.55,36
4371,5.75,41
4372,6.73,28
4373,7.4,22
4374,6.87,12
4375,6.99,18
4376,6.73,10
4377,5.14,29
4378,3.97,25
4379,4.08,26
4380,4.25,13
4381,3.96,15
4382,3.63,23
4383,3.97,9
4384,5.79,27
4385,6.09,39
4386,6.98,32
4387,7.77,22
4388,4.9,10
4389,5.15,31
4390,7.81,44
4391,10.28,30
4392,3.37,42
4393,1.92,31
4394,1.91,17
4395,0.77,15
4396,1.12,45
4397,4.2,30
4398,7.64,40
4399,10.78,42
4400,11.66,36
4401,11.13,26
4402,10.33,27
4403,11.58,28
4404,12.82,37
4405,12.9,26
4406,12.65,24
4407,12.7,31
4408,10.76,16
4409,5.59,18
4410,4.27,40
4411,6.06,37
4412,9.71,42
4413,11.59,55
4414,12.75,45
4415,12.23,35
4416,10.44,31
4417,10.44,45
4418,9.28,26
4419,7.79,45
4420,7.15,33
4421,4.09,26
4422,4.43,29
4423,5.72,11
4424,6.24,26
4425,7.49,51
4426,9.12,47
4427,11.16,46
4428,13.65,63
4429,13.38,33
4430,10.44,20
4431,9.89,26
4432,5.69,36
4433,5.06,34
4434,5.91,43
4435,7.99,39
4436,7.02,24
4437,7.1,24
4438,9.34,45
4439,9.21,44
4440,11.24,40
4441,12.21,39
4442,14.88,48
4443,16.75,45
4444,12.62,36
4445,11.82,38
4446,11.95,37
4447,8.38,33
4448,8.72,30
4449,7.75,30
4450,9.05,49
4451,10.65,37
4452,13.17,46
4453,15.55,44
4454,18.9,52
4455,19.8,46
4456,17.42,46
4457,15.57,21
4458,13.99,47
4459,14.34,47
4460,15.63,37
4461,14.74,34
4462,12.63,44
4463,11.6,63
4464,12.23,34
4465,14.68,18
4466,14.36,43
4467,14.08,47
4468,15.48,39
4469,15.38,39
4470,18.42,41
4471,18.3,36
4472,14.6,25
4473,13.64,42
4474,14.88,45
4475,17.87,44
4476,15.72,38
4477,15.14,51
4478,15.26,33
4479,15.13,25
4480,11.32,45
4481,13.95,50
4482,17.54,34
4483,16.91,61
4484,18.49,43
4485,18.16,44
4486,15.21,25
4487,12.12,41
4488,10.35,41
4489,12.1,45
4490,14.73,44
4491,18.28,50
4492,19.79,49
4493,20.72,33
4494,22.1,36
4495,21.25,54
4496,20.44,51
4497,18.51,42
4498,19.43,36
4499,22.22,47
4500,22.94,39
4501,25.19,50
4502,22.54,49
4503,22.7,52
4504,24.97,54
4505,25.08,41
4506,24.12,38
4507,18.11,31
4508,17.35,32
4509,15.89,58
4510,18.24,57
4511,19.42,55
4512,22.65,53
4513,26.46,34
4514,27.72,34
4515,27.73,57
4516,24.14,47
4517,21.65,57
4518,18.65,47
4519,18.45,51
4520,19.05,60
4521,21.43,37
4522,24.04,59
4523,22.01,36
4524,15.95,54
4525,15.83,57
4526,19.02,47
4527,19.03,39
4528,18.91,39
4529,18.55,23
4530,20.34,48
4531,21.1,59
4532,22.03,46
4533,24.53,43
4534,28.81,38
4535,28.82,31
4536,26.32,40
4537,26.35,42
4538,26.9,64
4539,27.54,37
4540,30.6,40
4541,33.23,34
4542,29.16,49
4543,24.29,36
4544,26.39,37
4545,27.21,52
4546,22.97,64
4547,25.31,47
4548,26.05,38
4549,24.91,25
4550,24.69,49
4551,21.4,42
4552,20.1,47
4553,22.23,43
4554,23.65,43
4555,25.62,51
4556,22.38,22
4557,21.74,40
4558,26.42,35
4559,28.29,57
4560,30.19,42
4561,32.88,48
4562,33.69,42
4563,34.18,26
4564,34.2,50
4565,33.26,63
4566,33.82,48
4567,33.85,47
4568,30.96,38
4569,28.3,34
4570,28.71,27
4571,29.91,51
4572,31.46,52
4573,31.47,46
4574,29.68,48
4575,28.28,56
4576,28.87,36
4577,29.2,31
4578,27.41,45
4579,25.52,33
4580,25.98,46
4581,28.03,48
4582,29.82,42
4583,31.63,34
4584,31.3,28
4585,28.63,42
4586,29.81,41
4587,30.44,49
4588,30.63,47
4589,30.08,55
4590,29.46,34
4591,29.1,31
4592,27.47,44
4593,27.74,43
4594,27.37,51
4595,25.44,50
4596,24.97,43
4597,25.73,43
4598,26.15,37
4599,26.53,38
4600,25.5,38
4601,24.16,32
4602,23.68,43
4603,24.25,51
4604,24.13,39
4605,24.89,38
4606,26.58,48
4607,28.21,42
4608,28.39,48
4609,29.14,37
4610,30.12,42
4611,29.28,48
4612,27.39,28
4613,31.73,41
4614,30.68,55
4615,28.26,53
4616,27.51,49
4617,25.84,50
4618,26.45,34
4619,26.06,34
4620,26.78,36
4621,27.96,51
4622,28.35,51
4623,28.13,45
4624,29.2,50
4625,29.92,33
4626,28.95,40
4627,28.32,39
4628,27.42,48
4629,26.89,46
4630,25.68,49
4631,26.91,43
4632,29.44,34
4633,28.49,32
4634,27.98,49
4635,27.42,60
4636,24.89,50
4637,24.97,61
4638,26.23,59
4639,26.53,45
4640,24.83,23
4641,25.03,58
4642,21.85,53
4643,21.31,71
4644,24.43,60
4645,23.88,62
4646,18.67,29
4647,17.56,34
4648,20.61,55
4649,21.74,48
4650,16.4,50
4651,15.5,48
4652,16.96,57
4653,19.9,34
4654,21.31,26
4655,20.78,42
4656,20.2,52
4657,19.43,55
4658,16.59,46
4659,18.41,47
4660,20.77,36
4661,23.3,36
4662,21.56,48
4663,18.55,62
4664,12.17,32
4665,14.52,59
4666,15.85,38
4667,16.67,32
4668,15.18,32
4669,17.35,34
4670,18.6,49
4671,19.89,51
4672,18.96,47
4673,19.69,44
4674,20.14,41
4675,19.11,31
4676,19.79,52
4677,20.18,44
4678,20.15,47
4679,17.88,47
4680,17.13,54
4681,18.09,33
4682,17.06,26
4683,11.58,36
4684,11.57,37
4685,11.86,45
4686,14.0,43
4687,17.41,50
4688,17.82,37
4689,13.18,38
4690,11.14,44
4691,12.54,47
4692,16.01,41
4693,17.65,53
4694,16.21,51
4695,16.92,34
4696,17.31,18
4697,17.04,32
4698,18.0,36
4699,16.47,48
4700,16.88,59
4701,12.38,44
4702,11.48,30
4703,12.12,32
4704,13.91,31
4705,13.35,41
4706,13.16,42
4707,12.16,44
4708,11.92,43
4709,11.88,19
4710,10.78,24
4711,10.84,40
4712,12.22,33
4713,14.78,31
4714,13.7,17
4715,13.56,16
4716,12.26,30
4717,12.38,24
4718,13.27,33
4719,7.53,35
4720,3.06,33
4721,2.33,41
4722,2.84,38
4723,2.26,21
4724,-0.34,10
4725,2.6,23
4726,4.53,26
4727,8.09,28
4728,9.41,34
4729,6.65,37
4730,9.63,28
4731,10.96,16
4732,13.28,32
4733,15.33,22
4734,13.66,31
4735,8.22,25
4736,6.52,36
4737,7.31,27
4738,9.34,24
4739,11.33,28
4740,11.26,23
4741,13.63,15
4742,13.55,36
4743,13.99,25
4744,10.51,26
4745,11.89,23
4746,13.0,26
4747,12.12,23
4748,11.45,21
4749,12.89,34
4750,12.63,28
4751,11.73,22
4752,12.99,24
4753,12.26,34
4754,12.03,35
4755,9.99,16
4756,9.62,30
4757,10.24,42
4758,11.36,35
4759,9.03,19
4760,10.97,43
4761,12.57,36
4762,15.12,42
4763,15.7,44
4764,16.39,43
4765,15.24,51
4766,15.49,22
4767,14.39,41
4768,14.18,40
4769,12.91,43
4770,14.37,44
4771,17.07,34
4772,16.07,29
4773,13.85,31
4774,11.67,38
4775,13.57,49
4776,14.77,35
4777,11.52,32
4778,7.14,36
4779,6.22,43
4780,6.22,21
4781,6.84,46
4782,6.63,41
4783,7.25,40
4784,6.25,33
4785,7.98,31
4786,9.69,27
4787,11.55,21
4788,12.05,39
4789,11.56,47
4790,12.94,42
4791,13.96,39
4792,15.7,59
4793,14.21,23
4794,13.25,30
4795,11.96,27
4796,10.95,40
4797,11.64,53
4798,11.8,41
4799,12.66,58
4800,13.09,31
4801,13.96,26
4802,15.7,51
4803,16.06,39
4804,13.45,37
4805,12.52,31
4806,11.16,25
4807,10.57,14
4808,9.64,19
4809,12.03,47
4810,13.17,42
4811,15.27,38
4812,15.35,30
4813,12.83,43
4814,15.69,30
4815,18.02,28
4816,14.67,34
4817,13.43,50
4818,14.71,50
4819,14.79,55
4820,15.28,42
4821,16.71,43
4822,19.27,28
4823,13.91,44
4824,13.91,52
4825,16.57,53
4826,17.03,46
4827,15.63,54
4828,14.67,37
4829,15.37,25
4830,17.5,40
4831,16.18,35
4832,11.34,33
4833,10.69,29
4834,14.81,50
4835,14.95,27
4836,11.0,29
4837,10.82,40
4838,7.97,33
4839,8.84,44
4840,11.96,55
4841,11.5,36
4842,12.25,45
4843,15.58,37
4844,20.07,45
4845,22.4,50
4846,20.13,45
4847,20.71,48
4848,20.4,41
4849,17.73,30
4850,17.03,25
4851,19.61,25
4852,20.56,44
4853,19.93,45
4854,21.01,47
4855,19.49,38
4856,18.61,40
4857,18.84,18
4858,20.67,55
4859,14.58,46
4860,14.57,52
4861,17.69,53
4862,12.13,30
4863,10.94,22
4864,13.57,30
4865,15.59,31
4866,20.9,40
4867,24.46,53
4868,24.51,59
4869,24.66,56
4870,21.17,25
4871,18.92,19
4872,17.13,50
4873,12.89,51
4874,15.64,42
4875,17.59,50
4876,18.63,54
4877,15.99,39
4878,17.6,27
4879,21.12,58
4880,24.65,46
4881,26.72,50
4882,28.44,54
4883,27.15,44
4884,23.22,39
4885,20.21,32
4886,18.38,36
4887,15.72,41
4888,18.51,35
4889,21.51,34
4890,23.76,33
4891,24.43,37
4892,26.67,24
4893,26.6,36
4894,26.41,41
4895,22.55,55
4896,23.04,59
4897,23.84,54
4898,22.58,35
4899,25.37,34
4900,24.45,42
4901,24.09,50
4902,25.6,44
4903,28.05,51
4904,27.35,49
4905,27.66,37
4906,30.04,28
4907,32.52,46
4908,30.2,44
4909,27.07,42
4910,26.28,42
4911,24.03,44
4912,24.96,48
4913,24.52,34
4914,21.37,37
4915,20.45,51
4916,23.96,59
4917,27.67,30
4918,28.18,39
4919,27.09,42
4920,26.67,22
4921,26.55,46
4922,27.36,36
4923,26.13,37
4924,23.91,39
4925,25.26,39
4926,26.75,39
4927,29.25,33
4928,31.9,44
4929,31.5,47
4930,30.28,48
4931,30.53,42
4932,31.6,38
4933,31.18,28
4934,30.09,21
4935,32.29,41
4936,32.23,52
4937,30.09,49
4938,28.56,35
4939,27.64,37
4940,28.13,25
4941,31.18,21
4942,32.82,32
4943,30.68,45
4944,29.79,41
4945,27.95,45
4946,27.29,35
4947,27.31,34
4948,28.44,30
4949,28.28,42
4950,28.24,26
4951,26.64,41
4952,28.59,41
4953,31.08,45
4954,31.66,36
4955,31.72,31
4956,27.82,41
4957,31.19,42
4958,30.78,38
4959,32.88,40
4960,33.03,49
4961,31.95,39
4962,27.67,28
4963,27.06,44
4964,26.63,46
4965,27.58,37
4966,29.62,41
4967,29.78,38
4968,29.66,39
4969,27.93,34
4970,29.25,39
4971,29.62,41
4972,27.23,42
4973,28.29,50
4974,28.55,41
4975,28.39,35
4976,28.59,28
4977,28.25,41
4978,25.09,34
4979,25.68,48
4980,27.38,36
4981,28.12,44
4982,26.36,37
4983,25.57,20
4984,23.36,40
4985,24.31,41
4986,27.01,45
4987,27.93,43
4988,28.37,49
4989,29.31,24
4990,26.86,27
4991,27.85,43
4992,29.17,51
4993,26.61,60
4994,26.81,52
4995,27.62,51
4996,27.92,30
4997,27.92,27
4998,26.9,56
4999,24.33,66
5000,26.8,55
5001,28.84,52
5002,29.28,60
5003,29.9,37
5004,29.94,34
5005,29.95,32
5006,28.47,74
5007,28.7,64
5008,25.15,56
5009,24.7,46
5010,26.07,35
5011,24.23,35
5012,24.31,42
5013,26.23,51
5014,25.58,57
5015,22.65,52
5016,19.83,48
5017,17.84,41
5018,16.59,22
5019,19.31,49
5020,20.89,52
5021,21.81,51
5022,24.72,45
5023,26.0,71
5024,26.51,40
5025,27.0,51
5026,26.43,52
5027,25.87,52
5028,24.66,51
5029,23.72,42
5030,22.24,64
5031,22.08,35
5032,23.26,36
5033,25.37,62
5034,22.26,45
5035,18.77,33
5036,18.5,59
5037,18.12,59
5038,19.06,37
5039,20.76,33
5040,19.41,42
5041,16.55,46
5042,17.77,49
5043,19.78,61
5044,21.07,67
5045,17.92,31
5046,15.73,25
5047,15.11,62
5048,16.72,49
5049,18.81,56
5050,20.0,42
5051,16.53,36
5052,9.95,38
5053,10.62,23
5054,11.27,51
5055,13.26,41
5056,16.5,54
5057,19.24,49
5058,17.13,56
5059,18.99,31
5060,18.37,32
5061,16.63,49
5062,14.33,29
5063,13.67,26
5064,13.91,36
5065,13.98,55
5066,12.18,31
5067,12.22,11
5068,13.51,41
5069,14.46,40
5070,13.89,38
5071,11.74,55
5072,11.05,28
5073,11.77,32
5074,10.3,28
5075,10.23,43
5076,12.57,36
5077,15.4,46
5078,16.85,9
5079,15.2,33
5080,13.1,20
5081,12.18,10
5082,14.43,21
5083,13.61,20
5084,14.26,28
5085,13.83,36
5086,13.61,26
5087,14.79,22
5088,14.42,22
5089,14.66,37
5090,13.9,43
5091,13.65,43
5092,14.86,20
5093,8.81,27
5094,7.84,32
5095,7.78,24
5096,9.32,27
5097,9.35,31
5098,8.67,28
5099,9.4,33
5100,9.26,34
5101,10.19,37
5102,11.96,19
5103,12.91,29
5104,13.15,34
5105,11.35,32
5106,5.82,18
5107,4.0,35
5108,5.98,32
5109,6.77,18
5110,6.02,39
5111,4.23,19
5112,2.85,18
5113,3.51,12
5114,4.62,21
5115,5.74,25
5116,7.64,21
5117,10.95,26
5118,14.11,35
5119,14.78,41
5120,14.65,39
5121,13.02,43
5122,12.51,33
5123,11.99,14
5124,10.09,35
5125,10.15,50
5126,11.18,57
5127,11.92,45
5128,12.53,42
5129,11.91,33
5130,12.88,30
5131,12.15,29
5132,9.25,37
5133,8.65,50
5134,10.85,42
5135,10.18,43
5136,12.11,41
5137,14.84,31
5138,15.77,36
5139,12.37,39
5140,12.63,36
5141,13.54,39
5142,12.07,32
5143,12.48,25
5144,12.99,37
5145,13.44,41
5146,14.39,53
5147,16.68,40
5148,15.0,34
5149,14.69,32
5150,14.25,32
5151,15.27,21
5152,13.98,43
5153,12.12,38
5154,14.31,48
5155,16.03,41
5156,17.16,50
5157,17.46,33
5158,16.69,23
5159,17.06,39
5160,15.52,46
5161,14.96,49
5162,14.54,44
5163,14.03,42
5164,12.76,32
5165,10.49,12
5166,9.25,27
5167,10.28,37
5168,11.69,38
5169,12.58,44
5170,11.23,42
5171,8.68,23
5172,9.96,24
5173,8.76,28
5174,10.12,34
5175,11.7,54
5176,13.98,38
5177,14.71,37
5178,16.37,46
5179,15.98,25
5180,16.27,41
5181,18.05,41
5182,14.91,37
5183,16.11,52
5184,19.11,48
5185,21.65,43
5186,21.06,22
5187,18.49,44
5188,16.13,48
5189,16.18,43
5190,17.67,50
5191,18.69,53
5192,17.17,21
5193,16.65,37
5194,14.44,41
5195,14.5,45
5196,16.49,58
5197,20.81,54
5198,22.52,44
5199,19.94,37
5200,21.0,27
5201,21.26,41
5202,16.77,51
5203,13.58,50
5204,13.39,38
5205,16.04,49
5206,15.62,28
5207,13.15,18
5208,12.13,39
5209,10.05,36
5210,10.63,29
5211,12.92,38
5212,15.74,52
5213,15.81,35
5214,17.93,30
5215,19.76,38
5216,13.64,45
5217,15.06,42
5218,17.4,39
5219,19.6,38
5220,20.92,43
5221,21.37,31
5222,21.2,46
5223,18.46,36
5224,17.78,35
5225,17.92,38
5226,15.8,45
5227,13.21,25
5228,15.6,31
5229,20.59,48
5230,22.97,45
5231,23.1,46
5232,24.38,52
5233,24.81,57
5234,22.22,35
5235,20.82,29
5236,19.94,34
5237,19.02,39
5238,17.0,48
5239,12.31,42
5240,14.07,32
5241,18.25,34
5242,20.77,28
5243,19.91,41
5244,16.35,53
5245,16.11,43
5246,12.66,39
5247,14.73,45
5248,16.79,33
5249,16.23,22
5250,16.16,39
5251,17.33,47
5252,18.36,49
5253,17.45,32
5254,17.06,31
5255,17.92,35
5256,20.52,25
5257,21.83,26
5258,21.93,35
5259,23.04,47
5260,23.48,37
5261,25.69,47
5262,27.3,36
5263,25.9,25
5264,22.41,55
5265,22.58,39
5266,22.21,50
5267,20.85,41
5268,23.52,41
5269,24.59,27
5270,27.0,35
5271,31.16,47
5272,28.55,30
5273,25.63,43
5274,27.32,40
5275,30.65,46
5276,31.32,35
5277,29.06,31
5278,27.81,33
5279,27.8,33
5280,29.06,37
5281,29.25,48
5282,28.59,32
5283,30.36,29
5284,28.1,32
5285,26.41,39
5286,27.7,46
5287,28.68,45
5288,31.49,44
5289,32.11,34
5290,30.26,38
5291,30.9,34
5292,30.46,44
5293,34.46,47
5294,29.65,45
5295,28.22,52
5296,31.38,41
5297,31.14,31
5298,29.53,22
5299,28.02,31
5300,26.81,35
5301,25.01,38
5302,22.2,52
5303,23.48,50
5304,25.16,38
5305,25.57,23
5306,26.53,43
5307,26.22,38
5308,26.34,35
5309,28.46,47
5310,29.13,29
5311,28.3,34
5312,26.32,19
5313,29.26,47
5314,29.99,36
5315,27.45,34
5316,26.1,43
5317,26.13,37
5318,27.32,33
5319,26.28,35
5320,26.53,44
5321,29.93,43
5322,32.44,41
5323,32.05,42
5324,32.43,35
5325,29.72,37
5326,28.95,32
5327,26.76,42
5328,25.61,29
5329,26.18,42
5330,26.37,48
5331,26.78,42
5332,26.85,33
5333,27.21,31
5334,26.9,42
5335,26.24,43
5336,26.97,38
5337,27.13,42
5338,26.55,45
5339,29.76,46
5340,32.25,29
5341,31.43,37
5342,29.21,46
5343,27.97,49
5344,27.36,50
5345,26.34,41
5346,26.14,42
5347,26.91,30
5348,28.21,40
5349,29.51,52
5350,30.57,48
5351,31.0,65
5352,31.72,47
5353,28.39,43
5354,24.76,28
5355,25.38,53
5356,26.88,54
5357,25.18,53
5358,23.57,43
5359,22.21,54
5360,20.96,48
5361,23.78,32
5362,25.91,39
5363,28.18,54
5364,31.27,59
5365,31.36,58
5366,31.92,48
5367,28.8,36
5368,28.24,30
5369,23.95,37
5370,22.5,46
5371,19.57,48
5372,20.32,45
5373,22.96,48
5374,25.4,36
5375,28.85,33
5376,29.95,45
5377,27.42,53
5378,24.97,43
5379,27.39,55
5380,28.93,45
5381,27.94,38
5382,26.34,20
5383,25.04,32
5384,22.83,47
5385,21.84,55
5386,21.17,51
5387,21.02,45
5388,21.98,43
5389,16.76,34
5390,19.38,37
5391,21.56,55
5392,23.11,50
5393,25.62,53
5394,27.13,45
5395,26.87,41
5396,25.31,32
5397,26.94,54
5398,28.31,57
5399,25.71,54
5400,22.35,63
5401,22.9,38
5402,21.16,36
5403,17.86,27
5404,16.97,36
5405,18.19,45
5406,19.16,62
5407,19.76,46
5408,20.75,41
5409,21.33,27
5410,20.19,27
5411,19.97,56
5412,19.32,48
5413,18.45,47
5414,15.92,59
5415,16.89,54
5416,20.56,34
5417,18.85,29
5418,12.85,33
5419,10.56,49
5420,9.15,41
5421,9.73,36
5422,11.46,49
5423,13.66,24
5424,13.66,25
5425,10.24,30
5426,7.71,46
5427,8.36,38
5428,9.51,60
5429,12.3,50
5430,14.13,32
5431,8.08,25
5432,6.35,29
5433,8.12,42
5434,11.2,44
5435,12.78,58
5436,14.35,34
5437,16.07,30
5438,16.22,24
5439,15.68,34
5440,10.23,24
5441,5.78,33
5442,4.71,12
5443,7.03,17
5444,7.23,21
5445,6.95,20
5446,7.45,40
5447,8.17,37
5448,10.09,44
5449,11.87,34
5450,8.97,42
5451,9.57,23
5452,13.55,17
5453,13.57,37
5454,12.37,34
5455,12.87,39
5456,9.7,32
5457,7.24,26
5458,6.41,29
5459,6.22,14
5460,3.51,24
5461,2.19,42
5462,4.3,28
5463,5.6,42
5464,7.96,27
5465,7.04,20
5466,6.42,14
5467,7.49,17
5468,9.49,17
5469,6.13,25
5470,4.12,20
5471,2.23,15
5472,1.95,18
5473,4.33,14
5474,2.66,22
5475,3.0,28
5476,4.5,35
5477,5.02,25
5478,4.76,12
5479,8.03,20
5480,9.43,15
5481,9.69,24
5482,8.27,19
5483,6.15,15
5484,5.51,28
5485,4.91,34
5486,6.65,20
5487,8.39,11
5488,9.38,30
5489,9.19,36
5490,8.7,31
5491,8.09,33
5492,8.54,29
5493,9.57,16
5494,10.56,22
5495,10.84,21
5496,9.95,22
5497,10.9,40
5498,11.82,36
5499,11.79,24
5500,9.58,17
5501,6.96,36
5502,7.79,44
5503,9.24,51
5504,11.1,36
5505,10.71,45
5506,13.84,41
5507,10.24,22
5508,5.27,17
5509,2.51,44
5510,4.21,30
5511,6.03,36
5512,7.45,33
5513,9.97,47
5514,10.69,35
5515,13.01,23
5516,15.14,31
5517,17.42,53
5518,15.91,44
5519,16.49,51
5520,14.98,36
5521,13.9,35
5522,14.04,21
5523,16.09,26
5524,17.14,42
5525,13.32,38
5526,10.56,20
5527,10.89,35
5528,11.48,32
5529,11.54,25
5530,12.07,38
5531,13.79,39
5532,15.0,37
5533,15.63,45
5534,16.8,47
5535,14.49,35
5536,13.68,31
5537,14.94,53
5538,17.07,50
5539,15.7,47
5540,15.52,45
5541,15.71,45
5542,14.23,26
5543,10.11,20
5544,6.6,25
5545,8.59,44
5546,12.64,32
5547,15.82,28
5548,11.44,23
5549,9.67,17
5550,9.97,17
5551,11.51,27
5552,11.39,39
5553,13.97,49
5554,16.11,45
5555,16.06,31
5556,16.13,32
5557,16.48,18
5558,13.31,46
5559,9.73,32
5560,10.94,30
5561,13.42,38
5562,13.46,31
5563,14.24,42
5564,15.31,23
5565,9.56,22
5566,8.94,22
5567,11.06,40
5568,12.77,40
5569,14.77,41
5570,17.28,34
5571,17.57,23
5572,17.17,45
5573,17.98,26
5574,22.37,57
5575,19.06,32
5576,16.28,31
5577,13.92,16
5578,14.25,23
5579,15.64,43
5580,15.93,46
5581,14.26,37
5582,12.75,38
5583,12.93,41
5584,15.89,41
5585,20.5,21
5586,21.29,40
5587,21.93,32
5588,20.51,49
5589,19.05,44
5590,14.41,26
5591,13.31,38
5592,13.27,30
5593,11.03,34
5594,13.15,49
5595,13.33,33
5596,14.12,56
5597,15.59,29
5598,17.0,33
5599,19.61,22
5600,20.4,40
5601,21.79,50
5602,19.86,40
5603,15.63,34
5604,14.04,24
5605,13.97,31
5606,16.79,26
5607,19.46,42
5608,20.07,50
5609,22.34,39
5610,24.52,55
5611,23.27,45
5612,19.05,37
5613,18.65,33
5614,19.6,43
5615,22.08,45
5616,24.59,45
5617,21.94,32
5618,14.8,39
5619,14.07,45
5620,15.79,33
5621,16.49,31
5622,16.51,41
5623,16.65,49
5624,19.33,61
5625,22.24,47
5626,23.67,33
5627,24.05,31
5628,24.9,24
5629,27.65,32
5630,28.92,50
5631,27.73,45
5632,29.72,32
5633,30.19,41
5634,28.68,32
5635,28.38,45
5636,27.99,32
5637,26.47,36
5638,24.64,31
5639,23.17,32
5640,23.81,36
5641,23.53,34
5642,23.99,38
5643,21.09,34
5644,18.46,39
5645,20.33,30
5646,23.54,33
5647,23.73,36
5648,28.23,30
5649,30.75,38
5650,31.53,45
5651,30.13,42
5652,28.36,39
5653,27.02,42
5654,29.27,38
5655,30.91,37
5656,32.73,27
5657,33.5,34
5658,32.59,40
5659,30.59,41
5660,31.02,42
5661,30.5,17
5662,30.06,28
5663,28.67,26
5664,27.34,29
5665,26.72,32
5666,26.64,29
5667,27.13,48
5668,26.97,40
5669,23.71,26
5670,25.5,42
5671,26.95,39
5672,28.75,51
5673,31.24,49
5674,30.47,43
5675,29.63,23
5676,28.23,34
5677,26.4,33
5678,26.78,46
5679,28.19,46
5680,28.27,25
5681,29.38,32
5682,30.63,29
5683,31.62,24
5684,31.03,30
5685,32.3,42
5686,34.06,39
5687,33.95,34
5688,34.34,43
5689,33.63,25
5690,31.48,40
5691,29.98,39
5692,30.2,47
5693,29.78,44
5694,28.15,45
5695,26.09,27
5696,26.63,21
5697,26.53,24
5698,27.29,38
5699,26.69,47
5700,26.62,46
5701,27.37,31
5702,28.84,35
5703,30.97,25
5704,31.79,23
5705,29.69,34
5706,28.43,47
5707,29.61,49
5708,28.99,44
5709,28.56,40
5710,27.64,30
5711,27.68,35
5712,26.82,39
5713,27.31,36
5714,27.69,57
5715,26.78,40
5716,25.29,46
5717,24.74,33
5718,26.04,29
5719,27.27,43
5720,27.32,55
5721,26.96,43
5722,25.84,45
5723,25.86,52
5724,23.68,22
5725,20.02,28
5726,21.27,33
5727,24.63,57
5728,26.61,56
5729,26.15,49
5730,26.43,43
5731,26.82,31
5732,25.77,25
5733,22.52,52
5734,16.94,33
5735,19.58,42
5736,22.27,47
5737,23.69,51
5738,25.61,48
5739,27.46,24
5740,30.05,37
5741,27.46,52
5742,23.75,58
5743,16.31,41
5744,18.53,47
5745,21.79,50
5746,26.35,32
5747,27.78,48
5748,27.75,62
5749,27.4,45
5750,26.36,55
5751,23.21,53
5752,18.54,36
5753,16.5,28
5754,15.65,39
5755,16.71,38
5756,16.37,50
5757,17.62,56
5758,20.96,50
5759,23.63,30
5760,24.67,20
5761,22.35,46
5762,19.32,47
5763,18.86,47
5764,19.14,42
5765,19.11,37
5766,19.43,25
5767,18.0,22
5768,16.24,30
5769,15.32,52
5770,17.03,47
5771,19.29,40
5772,20.38,41
5773,20.86,39
5774,20.86,24
5775,17.93,43
5776,18.5,37
5777,20.31,53
5778,18.83,30
5779,16.92,22
5780,17.67,26
5781,15.16,17
5782,14.08,45
5783,13.65,43
5784,14.25,58
5785,15.73,42
5786,17.84,54
5787,17.42,36
5788,15.85,27
5789,17.68,42
5790,18.91,46
5791,19.5,48
5792,20.76,56
5793,20.89,36
5794,18.62,39
5795,17.26,36
5796,17.27,44
5797,15.51,43
5798,10.98,44
5799,9.02,45
5800,12.24,47
5801,13.25,16
5802,12.61,22
5803,10.86,26
5804,10.65,40
5805,9.85,37
5806,10.03,16
5807,10.31,21
5808,7.65,15
5809,6.83,11
5810,6.24,37
5811,6.57,42
5812,8.21,40
5813,7.75,45
5814,5.87,44
5815,8.6,25
5816,9.52,26
5817,8.91,40
5818,6.99,38
5819,5.11,31
5820,9.43,28
5821,12.74,29
5822,13.17,20
5823,11.77,18
5824,10.02,26
5825,12.08,34
5826,12.75,41
5827,12.53,24
5828,6.71,28
5829,2.49,24
5830,3.77,18
5831,5.73,30
5832,6.79,38
5833,8.03,30
5834,8.46,27
5835,7.33,14
5836,3.47,21
5837,2.47,10
5838,5.24,13
5839,6.25,31
5840,6.55,33
5841,10.97,26
5842,9.34,20
5843,6.17,12
5844,4.71,14
5845,5.1,15
5846,7.53,17
5847,8.83,28
5848,6.33,36
5849,4.65,32
5850,8.1,12
5851,12.16,15
5852,9.86,16
5853,8.86,28
5854,8.72,34
5855,7.08,10
5856,5.73,40
5857,6.23,15
5858,4.72,22
5859,5.06,21
5860,8.73,36
5861,7.18,18
5862,6.97,25
5863,6.11,15
5864,5.37,28
5865,6.28,16
5866,4.6,20
5867,3.46,29
5868,3.92,34
5869,4.05,26
5870,4.87,29
5871,8.31,32
5872,8.76,22
5873,10.27,31
5874,12.03,39
5875,11.66,33
5876,10.66,35
5877,11.63,21
5878,10.27,31
5879,9.56,16
5880,10.37,7
5881,11.22,20
5882,13.71,31
5883,13.89,27
5884,11.68,29
5885,9.63,28
5886,9.04,31
5887,11.02,35
5888,12.12,50
5889,14.72,42
5890,11.74,32
5891,9.67,15
5892,9.88,14
5893,8.26,15
5894,10.84,15
5895,11.35,19
5896,7.32,31
5897,4.07,22
5898,4.88,29
5899,6.25,26
5900,6.91,8
5901,6.45,20
5902,5.68,40
5903,8.1,44
5904,10.73,35
5905,12.38,28
5906,11.02,28
5907,5.75,21
5908,5.09,35
5909,8.46,39
5910,11.31,47
5911,13.99,31
5912,14.5,42
5913,14.84,42
5914,15.33,29
5915,17.32,38
5916,19.66,51
5917,18.37,47
5918,15.87,50
5919,17.52,50
5920,17.83,27
5921,16.65,19
5922,14.22,32
5923,13.93,28
5924,10.15,29
5925,9.73,47
5926,11.48,25
5927,11.52,32
5928,11.27,19
5929,10.76,36
5930,11.49,40
5931,14.68,36
5932,11.56,41
5933,11.07,36
5934,14.25,33
5935,16.27,31
5936,14.77,34
5937,15.9,42
5938,17.8,56
5939,14.55,38
5940,12.45,32
5941,9.2,22
5942,9.11,27
5943,12.57,36
5944,14.71,33
5945,15.46,50
5946,11.85,39
5947,9.78,36
5948,12.84,33
5949,15.46,17
5950,14.99,38
5951,13.65,34
5952,14.63,50
5953,13.76,43
5954,16.08,35
5955,17.92,31
5956,14.91,23
5957,13.6,31
5958,13.6,34
5959,15.95,32
5960,15.04,48
5961,13.98,38
5962,15.92,32
5963,18.78,37
5964,20.42,39
5965,22.8,46
5966,25.88,48
5967,26.0,39
5968,19.3,38
5969,12.83,28
5970,13.74,13
5971,17.9,46
5972,20.82,29
5973,19.87,40
5974,19.2,47
5975,14.82,50
5976,13.57,42
5977,14.07,24
5978,14.1,41
5979,14.63,39
5980,15.32,40
5981,17.97,54
5982,21.97,41
5983,24.19,41
5984,25.43,19
5985,26.32,32
5986,27.35,44
5987,25.2,49
5988,19.92,41
5989,16.99,38
5990,20.32,36
5991,22.95,27
5992,23.67,25
5993,22.57,44
5994,19.59,43
5995,21.67,44
5996,24.34,31
5997,26.61,36
5998,24.08,34
5999,24.23,36
6000,25.82,33
6001,24.98,42
6002,22.62,31
6003,21.46,38
6004,18.2,25
6005,14.88,26
6006,16.18,38
6007,20.35,43
6008,24.51,37
6009,25.74,45
6010,28.63,29
6011,30.69,40
6012,34.08,16
6013,34.84,44
6014,34.55,35
6015,33.23,31
6016,35.2,52
6017,33.66,27
6018,32.23,37
6019,31.88,33
6020,28.89,33
6021,27.38,38
6022,27.26,32
6023,27.59,27
6024,28.33,35
6025,27.48,38
6026,28.24,30
6027,29.33,31
6028,30.6,35
6029,30.95,32
6030,33.12,33
6031,34.39,41
6032,34.71,35
6033,34.38,24
6034,33.47,32
6035,32.28,51
6036,30.88,42
6037,31.37,39
6038,31.62,33
6039,32.28,35
6040,33.33,21
6041,33.26,42
6042,30.82,48
6043,28.7,41
6044,28.18,53
6045,27.99,43
6046,30.2,31
6047,32.12,21
6048,30.18,31
6049,29.05,27
6050,30.24,40
6051,31.38,41
6052,32.43,36
6053,31.4,38
6054,30.67,29
6055,32.39,37
6056,34.15,38
6057,33.5,42
6058,28.72,47
6059,30.31,33
6060,30.89,33
6061,29.99,23
6062,28.38,37
6063,28.58,40
6064,28.62,38
6065,28.87,29
6066,29.2,35
6067,29.18,26
6068,28.6,30
6069,26.05,25
6070,24.14,48
6071,25.38,43
6072,28.4,39
6073,29.42,36
6074,29.34,32
6075,28.05,33
6076,28.12,43
6077,28.64,45
6078,28.93,40
6079,29.23,42
6080,30.59,46
6081,32.45,37
6082,32.84,30
6083,35.09,39
6084,34.25,42
6085,33.13,40
6086,32.04,51
6087,33.95,40
6088,35.46,30
6089,34.31,24
6090,31.4,28
6091,30.24,43
6092,29.21,35
6093,27.03,41
6094,26.21,35
6095,26.56,27
6096,29.52,31
6097,30.81,34
6098,29.4,45
6099,26.34,46
6100,23.19,38
6101,21.56,45
6102,23.25,27
6103,24.08,32
6104,22.79,36
6105,19.7,40
6106,20.68,40
6107,15.51,40
6108,15.22,43
6109,16.44,28
6110,18.52,25
6111,20.13,44
6112,22.39,42
6113,24.18,55
6114,24.67,51
6115,23.89,37
6116,21.62,41
6117,20.57,32
6118,17.71,44
6119,15.49,60
6120,17.12,49
6121,18.74,44
6122,20.81,38
6123,22.4,36
6124,20.03,25
6125,19.61,47
6126,21.09,45
6127,17.87,41
6128,15.08,36
6129,15.83,38
6130,17.84,32
6131,21.06,30
6132,21.58,44
6133,22.37,40
6134,20.73,42
6135,19.25,43
6136,14.21,26
6137,13.9,34
6138,16.78,34
6139,20.71,43
6140,24.12,44
6141,24.32,57
6142,23.6,59
6143,22.74,44
6144,22.13,26
6145,20.03,11
6146,16.75,38
6147,14.72,37
6148,15.11,41
6149,14.74,32
6150,13.97,27
6151,14.02,27
6152,12.0,18
6153,11.61,61
6154,13.44,40
6155,15.78,44
6156,15.26,45
6157,15.19,34
6158,13.96,30
6159,14.01,24
6160,14.85,39
6161,14.94,38
6162,15.76,40
6163,15.27,30
6164,12.41,42
6165,12.37,30
6166,12.23,26
6167,14.64,34
6168,17.06,40
6169,20.09,31
6170,19.4,23
6171,17.41,26
6172,18.79,27
6173,17.26,19
6174,10.66,27
6175,10.37,44
6176,11.1,39
6177,10.65,35
6178,10.62,38
6179,11.36,27
6180,9.39,23
6181,7.78,46
6182,8.0,39
6183,9.59,40
6184,11.38,47
6185,12.17,24
6186,12.4,32
6187,13.02,23
6188,12.61,44
6189,10.76,43
6190,9.87,37
6191,11.64,45
6192,13.14,26
6193,9.48,32
6194,8.3,20
6195,10.27,25
6196,10.47,33
6197,6.38,29
6198,4.15,30
6199,6.52,19
6200,8.73,21
6201,9.68,14
6202,9.62,6
6203,10.61,12
6204,9.8,24
6205,9.7,21
6206,12.2,33
6207,12.0,24
6208,12.94,17
